btc10_z,dist_usd,eth_z,fav,gagne,gros_contre,max_apres,min_apres,p,proba_T5,proba_modele,px_T5,sol_z,start,t_strike,tleft,ts,vitesse,vol_s,z
0.35,-17.2,0.47,Down,True,100.0,0.99,0.95,0.95,0.763,0.3211,0.99,-0.0,1789904100,999,56,1789904344,1.21,0.615,-0.46
0.0,50.8,0.95,Up,True,161.0,0.99,0.9207053647,0.95,1.0,1.0,0.99,-0.49,1789904400,999,50,1789904650,0.0,0.156,5.73
0.25,66.6,0.0,Up,True,97.0,0.99,0.96,0.98,1.0,1.0,0.99,-1.03,1789904700,999,60,1789904940,0.0,0.147,7.27
0.77,43.3,1.52,Up,True,83.0,0.99,0.99,0.9813461538,1.0,1.0,0.99,0.0,1789905000,999,48,1789905252,0.0,0.102,7.6
-1.71,25.2,0.23,Down,True,24.0,0.99,0.94,0.96,1.0,0.976,0.99,-0.44,1789905300,999,56,1789905544,0.88,0.212,1.98
0.63,-2.0,0.04,Down,True,68.0,0.99,0.7769442528,0.96,0.7606,0.39,0.98,-0.61,1789905600,999,12,1789905888,0.81,0.254,-0.28
0.0,21.1,0.0,Up,True,16.0,0.99,0.94,0.95,0.9732,0.9467,0.99,-0.38,1789905900,999,54,1789906146,0.0,0.221,1.61
0.0,23.5,0.25,Down,True,145.0,0.99,0.95,0.95,0.9896,0.8445,0.99,0.52,1789906200,999,60,1789906440,-0.0,0.371,1.01
-0.0,18.9,0.75,Down,True,32.0,0.99,0.94,0.95,1.0,0.9997,0.99,-0.49,1789906800,9450.0,60,1789907040,-0.0,0.087,3.48
1.83,9.6,2.31,Down,True,114.0,0.99,0.64,0.95,0.8627,0.8108,0.99,1.44,1789907400,999,54,1789907646,-0.0,0.185,0.88
0.0,16.0,0.0,Up,True,78.0,0.99,0.9299999999999999,0.95,1.0,0.9454,0.99,-0.35,1789907700,999,60,1789907940,0.0,0.16,1.6
0.0,26.0,-0.23,Down,True,25.0,0.99,0.9481449438,0.98,1.0,0.9829,0.99,-1.92,1789908000,999,60,1789908240,0.0,0.197,2.12
0.0,9.8,0.51,Up,True,50.0,0.99,0.94,0.96,1.0,0.9271,0.99,0.0,1789908300,999,60,1789908540,0.0,0.108,1.45
0.25,41.3,0.71,Up,True,203.0,0.99,0.99,0.99,1.0,0.9831,0.99,1.37,1789908600,999,60,1789908840,0.4,0.313,2.12
4.88,47.4,4.51,Up,True,75.0,0.99,0.99,0.9530040698,1.0,0.9954,0.99,4.26,1789908900,999,48,1789909152,7.49,0.326,2.61
-0.0,28.5,-0.04,Down,True,10.0,0.99,0.97,0.98,1.0,0.9959,0.99,-1.5,1789909800,999,60,1789910040,-0.0,0.173,2.65
-0.0,1.8,0.51,Up,True,230.0,0.99,0.94,0.95,0.9984,0.5666,0.99,0.79,1789910400,900.0,36,1789910664,-0.0,0.219,0.17
2.0,18.8,2.24,Down,True,44.0,0.99,0.95,0.96,1.0,0.9268,0.99,1.51,1789910700,999,47,1789910953,2.39,0.235,1.45
0.52,-0.9,0.31,Up,True,150.0,0.99,0.8499999538,0.96,1.0,0.4477,0.99,0.51,1789911300,999,27,1789911573,0.43,0.164,-0.13
0.0,-3.9,1.93,Up,True,153.0,0.99,0.94,0.95,0.2957,0.3537,0.99,1.75,1789911900,999,42,1789912158,0.0,0.202,-0.38
-1.42,4.9,-0.04,Up,True,16.0,0.99,0.94,0.96,0.9392,0.6808,0.99,0.0,1789912200,4.1,60,1789912440,-1.21,0.167,0.47
-0.0,5.1,-0.0,Down,True,86.0,0.99,0.9483435324,0.96,0.9245,0.8818,0.97,-0.0,1789912500,2550.0,8,1789912792,-0.0,0.189,1.18
0.0,39.0,0.02,Up,True,25.0,0.999,0.98,0.99,1.0,0.9409,0.999,0.27,1789914000,19500.0,60,1789914240,-0.0,0.401,1.56
0.29,37.5,1.79,Up,True,20.0,0.99,0.98,0.99,1.0,0.9855,0.99,1.39,1789914300,18750.0,60,1789914540,-0.0,0.275,2.18
-0.0,21.5,-0.02,Up,True,122.0,0.99,0.94,0.95,0.5275,0.8178,0.99,0.0,1789914900,999,60,1789915140,0.0,0.379,0.91
4.46,39.5,3.23,Up,True,127.0,0.99,0.6273966666999999,0.95,0.814,0.9743,0.99,1.47,1789915200,999,53,1789915447,8.64,0.345,1.95
0.63,28.1,0.7,Up,True,100.0,0.99,0.97,0.97,0.9638,0.8852,0.99,0.0,1789915500,999,60,1789915740,0.0,0.374,1.2
2.65,22.6,0.03,Down,True,80.0,0.99,0.95,0.96,0.9981,0.8973,0.99,0.82,1789916100,999,53,1789916347,4.1,0.303,1.27
1.06,19.5,1.53,Down,True,69.0,0.99,0.95,0.97,0.7584,0.7129,0.99,0.56,1789916700,999,53,1789916947,0.8,0.589,0.56
1.23,20.0,1.1,Down,True,300.0,0.99,0.95,0.96,0.9999,0.8251,0.99,0.47,1789917000,999,48,1789917252,1.2,0.382,0.94
-0.54,56.6,0.15,Up,True,10.0,0.99,0.9899990298,0.99,1.0,0.962,0.99,-0.43,1789918800,56.6,60,1789919040,-1.0,0.509,1.77
0.0,0.7,-0.38,Up,True,45.0,0.99,0.9100000031,0.9581430233,1.0,0.5251,0.99,0.81,1789919400,999,42,1789919658,0.0,0.209,0.06
0.35,8.2,1.28,Up,True,403.0,0.99,0.92,0.95,0.1927,0.6547,0.99,0.73,1789919700,999,48,1789919952,0.4,0.368,0.4
-0.0,23.0,0.9,Down,True,100.0,0.99,0.9299999999999999,0.95,1.0,0.772,0.99,0.45,1789920900,999,44,1789921156,0.26,0.572,0.75
3.28,76.8,1.28,Down,True,420.0,0.99,0.9700000001,0.98,1.0,0.9956,0.99,1.72,1789921200,999,60,1789921440,5.73,0.467,2.62
-0.27,30.0,-1.19,Up,True,100.0,0.99,0.43999999999999995,0.95,0.7682,0.7523,0.99,-0.52,1789921800,999,60,1789922040,0.17,0.699,0.68
1.6,46.3,0.04,Up,True,100.0,0.99,0.95,0.95,0.0771,0.8779,0.99,1.28,1789922400,999,45,1789922655,6.0,0.729,1.16
-0.4,9.7,-0.93,Down,True,286.0,0.99,0.37,0.9526304508,0.163,0.6338,0.98,-0.0,1789923000,8.1,36,1789923264,-1.2,0.58,0.34
-0.0,37.8,0.5,Up,True,145.0,0.99,0.88,0.95,1.0,0.9662,0.99,0.29,1789923300,999,57,1789923543,0.0,0.337,1.83
0.0,35.0,0.07,Up,True,55.0,0.99,0.9325027964,0.95,1.0,0.9405,0.99,0.0,1789923600,999,53,1789923847,0.0,0.379,1.56
0.67,48.7,0.47,Down,True,500.0,0.99,0.98,0.99,1.0,0.8701,0.99,0.8,1789923900,999,60,1789924140,2.36,0.686,1.13
4.79,66.7,4.96,Down,True,290.0,0.99,0.97,0.98,0.9142,0.9761,0.99,3.05,1789924800,999,60,1789925040,1.99,0.536,1.98
1.93,27.8,1.72,Down,True,100.0,0.99,0.95,0.9699999961,1.0,0.8693,0.99,1.53,1789925100,999,44,1789925356,4.55,0.46,1.12
-0.1,8.5,0.12,Down,True,85.0,0.99,0.94,0.96,0.0899,0.7089,0.99,0.41,1789926000,64.4,56,1789926244,-0.13,0.255,0.55
0.56,7.9,0.13,Down,True,714.0,0.99,0.9155823529,0.95,1.0,0.6655,0.99,0.27,1789926300,999,54,1789926546,-0.0,0.31,0.43
-0.0,21.8,-0.27,Down,True,159.0,0.99,0.9,0.95,0.9635,0.7734,0.99,-0.89,1789926900,10900.0,54,1789927146,-0.0,0.487,0.75
-0.0,19.7,-0.48,Down,True,100.0,0.99,0.97,0.98,0.9999,0.8676,0.99,0.71,1789927200,9850.0,60,1789927440,-0.0,0.28,1.12
0.54,9.9,0.33,Down,True,929.0,0.99,0.94,0.97,0.9986,0.668,0.99,0.63,1789929000,999,44,1789929256,0.27,0.422,0.43
0.79,37.9,3.17,Down,True,44.0,0.99,0.98,0.99,1.0,0.9995,0.99,2.06,1789929300,999,59,1789929541,0.75,0.185,3.29
0.0,10.0,0.0,Up,True,52.0,0.99,0.8769431685,0.95,0.9998,0.8364,0.99,0.94,1789929600,999,46,1789929854,0.0,0.185,0.98
0.31,23.7,-0.05,Down,True,100.0,0.99,0.96,0.97,1.0,0.9345,0.99,-0.0,1789930500,999,59,1789930741,0.4,0.252,1.51
0.63,7.3,1.09,Up,True,461.0,0.99,0.94,0.95,1.0,0.73,0.99,0.67,1789931100,999,34,1789931366,0.81,0.251,0.61
2.9,19.2,2.95,Down,True,100.0,0.99,0.9173906514,0.97,1.0,0.9544,0.99,2.3,1789931400,999,52,1789931648,2.88,0.194,1.69
-0.0,30.3,0.76,Down,True,16.0,0.99,0.98,0.99,1.0,0.999,0.99,-1.34,1789931700,999,59,1789931941,-0.0,0.158,3.08
0.0,13.6,-0.03,Up,True,25.0,0.99,0.96,0.95,1.0,0.9691,0.99,0.41,1789932000,999,58,1789932242,0.0,0.118,1.87
0.0,6.3,0.0,Up,True,78.0,0.99,0.9299999999999999,0.9699999981,1.0,0.7246,0.99,1.21,1789932300,999,59,1789932541,0.0,0.169,0.6
-0.65,-3.6,0.02,Down,True,181.0,0.99,0.9297888159,0.9699999981,,0.1222,,0.83,1789932900,-5.7,4,1789933196,-0.63,0.19,-1.16
-0.53,17.1,0.46,Up,True,20.0,0.99,0.94,0.95,0.9404,0.8363,0.99,0.27,1789933500,999,53,1789933747,0.0,0.295,0.98
-0.0,19.3,-0.93,Down,True,237.0,0.99,0.89,0.95,1.0,0.9999,0.99,-0.0,1789934700,999,53,1789934947,-0.0,0.086,3.81
-0.0,30.1,2.08,Down,True,90.0,0.99,0.78,0.99,1.0,0.9843,0.99,1.52,1789935300,15050.0,59,1789935541,-0.0,0.225,2.15
0.32,1.3,0.68,Up,False,188.0,0.99,0.41000000000000003,0.95,0.0,0.5551,0.78,0.3,1789935600,999,47,1789935853,0.27,0.163,0.14
0.96,11.5,2.05,Up,True,1980.0,0.99,0.8757135848,0.95,0.9546,0.8269,0.99,0.0,1789936500,999,38,1789936762,1.2,0.244,0.94
-0.0,10.1,0.03,Up,True,1549.0,0.99,0.92,0.95,0.999,0.8712,0.99,-0.4,1789936800,5050.0,37,1789937063,-0.0,0.181,1.13
-0.25,0.2,-1.03,Down,True,100.0,0.99,0.09999999999999998,0.95,0.1599,0.5039,0.13,-0.98,1789937100,0.3,19,1789937381,-0.62,0.484,0.01
0.0,6.8,0.31,Up,True,300.0,0.99,0.94,0.95,0.9987,0.8658,0.99,0.42,1789937700,999,37,1789937963,0.0,0.125,1.11
-4.06,23.1,-2.33,Up,False,18.0,0.9697061497,0.01,0.96,0.1195,0.7693,0.128,-1.56,1789938300,4.0,59,1789938541,-5.71,0.505,0.74
-0.59,46.3,-0.34,Down,True,25.0,0.99,0.99,0.99,1.0,0.9531,0.99,-0.56,1789939200,34.2,59,1789939441,-1.35,0.445,1.68
-0.0,44.3,-0.23,Up,True,17.0,0.99,0.98,0.99,1.0,0.995,0.99,0.0,1789939500,999,59,1789939741,0.0,0.277,2.57
0.0,45.9,0.11,Up,True,25.0,0.99,0.99,0.99,1.0,0.9976,0.99,-0.37,1789939800,22950.0,58,1789940042,-0.0,0.264,2.82
0.0,6.7,0.02,Up,True,50.0,0.99,0.94,0.95,0.9529,0.7462,0.99,-0.32,1789940100,999,32,1789940368,0.0,0.22,0.66
-0.0,30.2,-0.0,Down,True,10.0,0.99,0.8900000007,0.97,0.0007,0.9755,0.99,1.0,1789941000,999,59,1789941241,-0.0,0.246,1.97
0.0,2.4,1.26,Up,True,100.0,0.99,0.9299999999999999,0.95,0.8694,0.55,0.99,0.48,1789941300,999,32,1789941568,0.0,0.416,0.13
1.96,43.1,1.15,Down,True,1000.0,0.99,0.95,0.96,0.8366,0.8774,0.99,1.45,1789941600,999,52,1789941848,3.16,0.636,1.16
0.36,65.4,0.57,Down,True,100.0,0.99,0.99,0.99,1.0,0.9923,0.99,-0.0,1789942800,999,59,1789943041,-0.0,0.433,2.42
2.47,21.9,0.97,Up,True,100.0,0.99,0.9399478518,0.95,1.0,0.9425,0.99,0.0,1789943100,999,35,1789943365,3.66,0.289,1.58
-0.0,-1.3,0.04,Up,True,200.0,0.99,0.9359695817,0.95,0.3374,0.4169,0.99,0.0,1789943400,-650.0,20,1789943680,-0.0,0.177,-0.21
0.0,23.5,-0.08,Up,True,35.0,0.99,0.92,0.98,1.0,0.865,0.99,-0.73,1789944300,999,59,1789944541,0.0,0.342,1.1
-1.11,6.6,-0.13,Up,True,48.0,0.99,0.6903225806,0.95,0.4618,0.5934,0.99,-0.45,1789944600,2.5,55,1789944845,-2.63,0.463,0.24
0.72,-3.5,0.81,Up,True,169.0,0.99,0.94,0.95,1.0,0.3645,0.99,1.4,1789944900,999,34,1789945166,0.8,0.215,-0.35
1.18,21.5,3.01,Down,True,100.0,0.99,0.9027541431,0.96,1.0,0.9112,0.99,2.11,1789945200,999,55,1789945445,1.6,0.265,1.35
2.25,6.5,2.69,Up,True,144.0,0.99,0.7620915039,0.95,1.0,0.6612,0.99,2.16,1789945500,999,46,1789945754,3.27,0.283,0.42
2.02,31.4,0.53,Down,True,1500.0,0.999,0.96,0.97,1.0,0.9889,0.992,1.28,1789945800,999,28,1789946072,2.59,0.32,2.29
0.0,13.1,0.42,Up,True,49.0,0.99,0.9299999999999999,0.95,1.0,0.7661,0.99,0.35,1789946100,999,59,1789946341,0.0,0.29,0.73
0.12,31.5,0.95,Up,True,41.0,0.99,0.96,0.96,1.0,0.9715,0.99,0.67,1789946400,999,55,1789946645,0.46,0.275,1.9
-0.0,14.7,0.02,Down,True,150.0,0.99,0.9400000012,0.95,1.0,0.925,0.99,-0.0,1789947000,999,20,1789947280,-0.0,0.28,1.44
0.68,10.0,0.21,Down,True,122.0,0.99,0.9470245462,0.96,0.8854,0.701,0.99,0.29,1789947600,999,26,1789947874,0.4,0.459,0.53
-1.1,6.0,-1.01,Up,True,200.0,0.99,0.16,0.95,0.9403,0.6591,0.99,0.0,1789947900,3.0,26,1789948174,-2.0,0.354,0.41
-0.0,10.6,-2.05,Down,True,224.0,0.99,0.7700000037,0.95,0.1813,0.7946,0.99,0.4,1789948500,999,58,1789948742,0.0,0.208,0.82
-1.73,76.8,-0.9,Up,True,16.0,0.999,0.99,0.99,1.0,0.924,0.999,-0.79,1789949400,75.3,56,1789949644,-1.02,0.878,1.43
-0.2,21.0,-0.34,Up,True,129.0,0.99,0.8575,0.95,1.0,0.6641,0.99,0.29,1789949700,6.7,46,1789949954,-3.12,0.896,0.42
2.9,56.8,1.42,Up,True,103.0,0.99,0.9499999176,0.95,0.9907,0.8817,0.99,1.07,1789950000,999,47,1789950253,4.8,0.857,1.18
0.61,44.0,-0.53,Down,True,90.0,0.99,0.8561369293,0.96,0.9998,0.8653,0.99,0.19,1789950300,999,58,1789950542,2.0,0.639,1.1
0.68,47.8,-0.4,Down,True,100.0,0.99,0.94,0.95,1.0,0.8285,0.99,0.71,1789950600,999,59,1789950841,1.6,0.803,0.95
3.46,42.8,1.92,Down,True,122.0,0.99,0.9548192771,0.97,0.4952,0.9442,0.99,1.65,1789950900,999,43,1789951157,6.99,0.503,1.59
1.49,83.2,1.22,Down,True,19.0,0.99,0.98,0.98,0.9997,0.9938,0.99,1.22,1789951800,999,59,1789952041,4.09,0.531,2.5
1.07,36.9,0.17,Down,True,40.0,0.99,0.88,0.95,0.9992,0.8841,0.99,0.47,1789952100,999,56,1789952344,1.6,0.505,1.2
0.57,71.5,0.45,Down,True,98.0,0.99,0.9,0.98,0.9994,0.9941,0.99,0.96,1789952400,999,59,1789952641,-0.0,0.454,2.52
-0.23,62.7,-0.08,Up,True,17.0,0.999,0.8728571429,0.99,1.0,0.9894,0.999,-0.69,1789953000,999,59,1789953241,0.0,0.434,2.3
-3.11,18.0,-1.93,Down,True,10.0,0.99,0.94,0.98,0.0,0.8325,0.99,-1.0,1789953300,3.8,38,1789953562,-4.75,0.37,0.96
1.23,0.6,0.94,Up,True,106.0,0.99,0.9,0.95,0.4413,0.5168,0.99,0.8,1789954500,999,13,1789954787,1.22,0.507,0.04
-1.2,32.8,-0.92,Up,True,22.0,0.99,0.9299999999999999,0.9699999996,1.0,0.8762,0.99,-1.76,1789954800,11.7,59,1789955041,-2.8,0.454,1.16
1.42,46.8,0.31,Up,True,50.0,0.99,0.56657,0.9699999965,0.3002,0.7961,0.99,-0.16,1789955700,999,59,1789955941,4.08,0.908,0.83
-0.0,39.1,0.26,Up,True,126.0,0.99,0.9400000005,0.95,1.0,0.8928,0.99,0.43,1789956300,999,55,1789956545,0.38,0.522,1.24
-0.12,65.8,-1.05,Up,True,5.0,0.999,0.98,0.99,1.0,0.9948,0.999,-0.27,1789956600,249.2,59,1789956841,-0.26,0.411,2.56
0.86,15.9,0.55,Up,True,200.0,0.99,0.95,0.95,1.0,0.8783,0.99,0.28,1789956900,999,38,1789957162,0.8,0.271,1.17
-0.0,37.0,0.12,Down,True,167.0,0.99,0.95,0.96,1.0,0.9463,0.99,0.3,1789957500,999,59,1789957741,-0.0,0.368,1.61
2.46,20.8,1.93,Down,True,225.0,0.99,0.94,0.95,0.9999,0.9369,0.99,2.31,1789958400,999,32,1789958668,3.75,0.296,1.53
-0.18,37.8,-0.3,Down,True,9.0,0.99,0.9157986294,0.98,0.9998,0.9587,0.99,-0.0,1789958700,118.9,59,1789958941,-0.32,0.349,1.74
0.22,57.8,-0.17,Up,True,12.0,0.999,0.95,0.99,1.0,0.996,0.999,0.16,1789959000,999,59,1789959241,0.0,0.35,2.65
0.0,23.5,0.16,Up,True,36.0,0.99,0.9153846154,0.95,0.9412,0.7204,0.99,-0.34,1789959300,999,49,1789959551,0.29,0.709,0.58
0.0,32.8,0.98,Up,True,17.0,0.99,0.98,0.98,1.0,0.9975,0.99,0.44,1789960800,16400.0,59,1789961041,-0.0,0.187,2.81
-0.0,30.5,0.11,Down,True,52.0,0.99,0.9699999968,0.97,1.0,0.8679,0.99,-0.0,1789961100,999,59,1789961341,0.0,0.437,1.12
-0.0,29.6,1.11,Down,True,88.0,0.99,0.94,0.96,1.0,0.9454,0.99,0.67,1789961700,999,59,1789961941,-0.0,0.295,1.6
-0.0,24.9,0.4,Down,True,100.0,0.99,0.9525265377,0.9699999997,1.0,0.9968,0.99,2.29,1789962000,999,58,1789962242,-0.0,0.147,2.73
-0.0,28.1,-0.3,Up,True,52.0,0.99,0.95,0.9599998456,1.0,0.9609,0.99,0.42,1789962900,999,60,1789963140,0.0,0.253,1.76
2.14,41.2,0.6,Down,True,192.0,0.99,0.9199999668,0.98,1.0,0.9931,0.99,-0.0,1789963200,999,60,1789963440,2.9,0.265,2.46
0.27,40.1,1.26,Down,True,20.0,0.999,0.99,0.99,1.0,0.9601,0.999,1.01,1789963500,999,60,1789963740,0.51,0.364,1.75
-0.0,6.0,0.37,Down,True,100.0,0.99,0.9399999962,0.95,0.8286,0.6675,0.99,-0.0,1789964100,999,24,1789964376,-0.0,0.348,0.43
2.88,25.0,2.7,Down,True,235.0,0.99,0.9207413584,0.97,0.9996,0.9381,0.99,2.63,1789964400,999,24,1789964676,4.0,0.408,1.54
0.96,34.0,-0.03,Up,True,54.0,0.99,0.96,0.96,1.0,0.9731,0.99,0.0,1789964700,999,60,1789964940,1.38,0.28,1.93
1.19,24.2,0.96,Down,False,25.0,0.99,0.010000000000000009,0.98,0.0,0.8802,0.01,-0.34,1789965000,999,60,1789965240,1.99,0.327,1.18
0.0,14.0,0.28,Up,True,108.0,0.99,0.94,0.95,1.0,0.8959,0.99,-0.57,1789965600,999,45,1789965855,0.0,0.204,1.26
1.98,38.9,0.35,Down,True,10.0,0.999,0.99,0.99,1.0,0.9987,0.999,0.81,1789966200,999,60,1789966440,1.7,0.205,3.01
-0.29,40.3,-1.22,Down,True,100.0,0.99,0.95,0.98,0.9973,0.9298,0.99,-0.6,1789966500,62.4,60,1789966740,-0.65,0.433,1.47
0.51,10.2,0.29,Down,True,200.0,0.99,0.77,0.95,0.997,0.7307,0.99,0.76,1789966800,999,57,1789967043,0.7,0.27,0.61
-0.31,24.9,-2.36,Up,True,50.0,0.99,0.92,0.95,1.0,0.9925,0.99,-0.78,1789967400,95.0,60,1789967640,-0.26,0.162,2.43
-0.0,23.8,-0.02,Up,True,87.0,0.99,0.96,0.95,0.4838,0.9221,0.99,0.0,1789969800,999,58,1789970042,0.0,0.27,1.42
-0.0,2.0,1.02,Down,True,130.0,0.99,0.95,0.97,0.6288,0.5545,0.99,-0.0,1789970700,999,29,1789970971,-0.0,0.337,0.14
2.33,19.6,1.18,Down,False,200.0,0.99,0.010000000000000009,0.97,0.0,0.8762,0.01,0.67,1789971000,999,40,1789971260,2.75,0.328,1.16
0.0,17.4,0.0,Up,True,200.0,0.99,0.95,0.95,1.0,0.7607,0.99,0.0,1789971600,8700.0,48,1789971852,-0.0,0.433,0.71
-0.0,21.5,0.02,Down,True,205.0,0.99,0.92,0.96,0.996,0.8116,0.99,0.28,1789971900,10750.0,45,1789972155,-0.0,0.443,0.88
0.85,7.1,0.54,Up,True,100.0,0.99,0.9,0.95,0.9152,0.682,0.99,0.33,1789972200,999,42,1789972458,1.23,0.281,0.47
-0.62,32.1,-0.29,Up,True,25.0,0.99,0.9640338409,0.9699999935,1.0,0.9878,0.99,0.0,1789973700,53.9,60,1789973940,-0.6,0.225,2.25
0.66,33.8,1.58,Down,True,100.0,0.99,0.8429906542,0.95,0.9958,0.9309,0.99,0.53,1789974000,999,54,1789974246,0.33,0.38,1.48
0.17,61.0,0.82,Down,True,41.0,0.99,0.99,0.99,1.0,0.9995,0.99,0.66,1789974300,999,60,1789974540,0.26,0.292,3.31
-0.0,9.4,0.73,Up,False,49.0,0.97,0.01,0.95,0.0,0.7961,0.01,1.12,1789975500,4700.0,46,1789975754,-0.0,0.205,0.83
-0.0,63.5,-0.01,Down,True,21.0,0.999,0.99,0.99,1.0,0.9729,0.999,-0.61,1789978200,999,60,1789978440,-0.0,0.52,1.92
0.29,47.5,0.48,Up,True,55.0,0.99,0.6115315315,0.95,0.0427,0.6401,0.94,0.0,1789980000,999,37,1789980263,0.48,2.6,0.36
0.6,33.8,-0.01,Down,True,304.0,0.99,0.88,0.95,0.5376,0.8641,0.93,0.74,1789980600,11.7,10,1789980890,-2.89,1.162,1.1
0.06,12.6,0.41,Down,True,100.0,0.99,0.9,0.95,0.9812,0.6049,0.99,1.78,1789980900,999,43,1789981157,0.21,0.863,0.27
-1.07,97.0,-0.39,Up,True,49.0,0.99,0.9,0.95,0.9993,0.8783,0.99,-0.32,1789981200,52.1,60,1789981440,-1.86,1.281,1.17
0.04,132.8,0.26,Up,True,12.0,0.99,0.98,0.99,1.0,0.9923,0.99,-0.2,1789981500,999,60,1789981740,0.0,0.842,2.43
2.09,57.3,1.39,Down,True,100.0,0.99,0.96,0.98,1.0,0.8712,0.99,1.19,1789981800,999,55,1789982045,5.33,0.813,1.13
0.56,98.9,1.07,Up,True,10.0,0.99,0.98,0.99,1.0,0.9447,0.99,0.95,1789982100,49450.0,60,1789982340,-0.0,0.953,1.6
-0.06,83.1,0.07,Down,True,79.0,0.99,0.98,0.99,0.7785,0.9124,0.99,0.47,1789982400,999,60,1789982640,0.0,0.943,1.36
0.11,119.2,0.31,Up,True,94.0,0.99,0.927476247,0.95,1.0,0.8423,0.99,-0.33,1789983000,999,49,1789983251,9.05,2.007,1.0
-0.66,-20.0,-0.63,Down,True,200.0,0.99,0.52,0.95,0.5096,0.3847,0.98,-0.8,1789983600,-3.7,30,1789983870,-5.38,1.466,-0.29
0.99,42.4,0.18,Down,True,30.0,0.99,0.9299999999999999,0.95,1.0,0.7002,0.99,1.26,1789983900,999,54,1789984146,6.86,1.292,0.53
0.98,66.6,0.82,Down,True,68.0,0.99,0.98,0.98,0.505,0.9129,0.99,-0.9,1789984500,999,60,1789984740,3.04,0.747,1.36
2.06,37.0,2.35,Down,True,137.0,0.99,0.29000000000000004,0.95,0.7675,0.7351,0.99,1.68,1789984800,999,49,1789985051,6.79,0.995,0.63
-0.89,16.5,-0.98,Down,False,100.0,0.95,0.010000000000000009,0.95,0.2064,0.5986,0.01,-0.55,1789985100,3.4,58,1789985342,-4.86,1.023,0.25
2.3,32.9,2.8,Down,True,128.0,0.99,0.9314382876,0.97,0.9959,0.833,0.99,4.37,1789985400,999,45,1789985655,4.85,0.6,0.97
3.46,74.0,3.25,Up,True,179.0,0.99,0.94,0.95,1.0,0.9604,0.99,2.9,1789985700,999,49,1789985951,10.93,0.712,1.76
0.21,86.9,-0.17,Down,True,15.0,0.999,0.99,0.99,1.0,0.9427,0.999,-0.0,1789986000,1206.9,60,1789986240,-0.07,0.841,1.58
3.2,157.5,2.87,Down,True,27.0,0.99,0.99,0.99,1.0,0.9993,0.99,2.02,1789986300,300.6,60,1789986540,-0.52,0.756,3.18
0.08,87.1,-0.0,Down,True,12.0,0.99,0.99,0.99,1.0,0.9862,0.99,0.67,1789986900,999,60,1789987140,2.98,0.606,2.2
2.08,41.2,1.35,Up,True,200.0,0.99,0.94,0.95,1.0,0.99,0.99,0.33,1789987800,999,28,1789988072,4.28,0.398,2.32
2.94,55.9,0.74,Up,True,200.0,0.99,0.96,0.95,0.9982,0.9315,0.99,0.85,1789988700,999,45,1789988955,3.6,0.663,1.49
-0.0,49.3,-1.76,Down,True,450.0,0.99,0.99,0.99,0.8544,0.9048,0.99,0.53,1789989300,24650.0,60,1789989540,-0.0,0.574,1.31
0.26,67.0,0.51,Up,True,35.0,0.99,0.9299999999999999,0.9699999981,1.0,0.9932,0.99,0.0,1789989600,33500.0,60,1789989840,-0.0,0.414,2.47
1.0,70.7,0.7,Up,True,70.0,0.99,0.96,0.9699999961,1.0,0.9075,0.99,0.88,1789990200,999,60,1789990440,3.17,0.812,1.33
1.04,31.7,-0.14,Up,True,109.0,0.99,0.9274906367,0.96,1.0,0.9031,0.99,0.74,1789990500,999,46,1789990754,2.04,0.424,1.3
3.23,73.7,-0.31,Up,True,100.0,0.99,0.9569935824,0.9699999961,0.9998,0.9788,0.99,1.64,1789990800,999,57,1789991043,9.84,0.567,2.03
0.0,25.0,-0.05,Up,True,141.0,0.99,0.9261727194,0.95,0.9976,0.9285,0.99,-0.41,1789991100,999,15,1789991385,0.0,0.52,1.46
0.29,22.4,-0.27,Up,True,500.0,0.99,0.9299998419,0.95,0.9046,0.8661,0.99,0.24,1789991400,11200.0,30,1789991670,-0.0,0.434,1.11
0.77,93.8,0.78,Up,True,81.0,0.99,0.9299999999999999,0.96,1.0,0.8351,0.99,0.73,1789992000,999,54,1789992246,7.32,1.542,0.97
1.03,19.9,1.02,Down,True,1000.0,0.99,0.89,0.95,1.0,0.6815,0.99,0.55,1789992600,999,30,1789992870,2.39,0.907,0.47
0.42,37.5,0.14,Up,True,129.0,0.99,0.5,0.95,0.884,0.6904,0.99,0.21,1789993200,45.7,46,1789993454,-0.82,1.306,0.5
-0.22,65.5,-0.06,Up,True,40.0,0.99,0.9569707401,0.9699999961,0.9879,0.8892,0.99,0.49,1789994100,67.4,60,1789994340,-0.97,0.811,1.22
-0.55,46.5,-0.9,Up,True,100.0,0.99,0.94,0.95,1.0,0.8279,0.99,-1.25,1789994700,999,57,1789994943,0.44,0.764,0.95
2.48,66.9,1.67,Down,True,225.0,0.99,0.9300000006,0.97,0.2541,0.9773,0.99,0.61,1789995000,999,58,1789995242,3.61,0.515,2.0
-0.0,73.4,-0.04,Down,True,18.0,0.99,0.10999999999999999,0.99,0.7848,0.9922,0.57,-0.22,1789996500,999,60,1789996740,-0.0,0.46,2.42
2.43,81.4,1.38,Down,True,372.0,0.99,0.97,0.99,1.0,0.9709,0.99,1.25,1789996800,999,60,1789997040,6.52,0.652,1.89
0.8,99.0,0.99,Up,True,49.0,0.99,0.9399999905,0.95,1.0,0.8596,0.99,0.59,1789997400,999,57,1789997643,4.85,1.429,1.08
0.59,137.2,1.52,Down,True,12.0,0.99,0.99,0.99,0.6156,0.9178,0.99,1.15,1789997700,999,60,1789997940,3.74,1.499,1.39
1.28,150.0,1.25,Up,True,31.0,0.999,0.98,0.99,1.0,0.9688,0.999,1.12,1789998000,999,60,1789998240,0.56,1.222,1.86
-1.04,107.8,-0.95,Up,True,11.0,0.999,0.92,0.962,0.8799,0.8383,0.999,-0.51,1789998600,35.1,60,1789998840,-3.07,1.65,0.99
0.72,25.9,0.79,Down,True,100.0,0.99,0.93,0.95,0.628,0.6703,0.99,1.27,1789998900,999,33,1789999167,1.23,1.198,0.44
-0.82,76.5,-0.85,Down,True,100.0,0.999,0.96,0.98,1.0,0.8358,0.999,-0.75,1789999200,240.6,60,1789999440,-0.32,1.183,0.98
1.38,98.0,1.09,Up,True,70.0,0.99,0.95,0.95,1.0,0.9089,0.99,1.0,1789999800,999,52,1790000048,10.45,1.194,1.33
0.03,63.4,-0.05,Up,True,69.0,0.99,0.92,0.95,0.9998,0.7694,0.99,-0.32,1790000100,116.5,60,1790000340,-0.54,1.303,0.74
0.3,8.5,0.24,Up,True,200.0,0.99,0.38,0.95,0.0628,0.5709,0.97,0.0,1790000700,3.2,37,1790000963,-2.63,0.916,0.18
2.05,101.7,2.56,Down,True,200.0,0.99,0.93,0.97,1.0,0.9581,0.99,1.6,1790001300,999,60,1790001540,4.96,0.884,1.73
-0.09,82.3,-0.67,Down,True,100.0,0.99,0.9,0.95,0.9985,0.8277,0.99,0.13,1790001600,999,60,1790001840,-0.0,1.31,0.95
1.81,83.3,1.61,Up,True,80.0,0.99,0.96,0.95,1.0,0.8635,0.99,1.08,1790002200,999,55,1790002445,8.3,1.192,1.1
1.21,91.4,1.36,Down,False,298.0,0.95,0.010000000000000009,0.95,0.0399,0.8985,0.01,2.15,1790003400,999,47,1790003653,4.95,1.214,1.27
-0.72,91.0,-0.97,Down,True,100.0,0.99,0.87,0.96,1.0,0.9071,0.99,-0.48,1790003700,71.2,57,1790003943,-1.28,1.057,1.32
-0.0,138.7,-0.2,Down,True,149.0,0.99,0.98,0.99,1.0,0.9932,0.99,-0.33,1790004300,999,60,1790004540,-0.0,0.844,2.47
0.86,37.6,0.71,Up,True,42.0,0.99,0.95,0.95,0.6056,0.7614,0.99,0.51,1790004600,999,59,1790004841,3.75,0.803,0.71
-0.54,6.8,0.18,Up,True,200.0,0.99,0.91,0.95,0.9998,0.5576,0.99,0.0,1790004900,3.2,56,1790005144,-2.15,0.732,0.14
0.0,11.9,0.35,Up,True,136.0,0.99,0.93,0.95,1.0,0.6012,0.99,0.0,1790005200,999,59,1790005441,0.0,0.702,0.26
-2.16,4.1,-2.79,Up,True,12.0,0.99,0.95,0.98,0.0433,0.5353,0.99,-1.82,1790005500,0.6,52,1790005748,-7.19,0.739,0.09
0.66,112.3,0.44,Down,True,196.0,0.99,0.9400000005,0.97,1.0,0.9618,0.99,0.52,1790005800,999,53,1790006047,6.51,1.011,1.77
0.25,108.6,1.01,Down,True,100.0,0.99,0.97,0.98,1.0,0.9954,0.99,0.5,1790006100,24.3,59,1790006341,-4.48,0.631,2.61
-0.34,103.9,-0.67,Down,True,151.0,0.99,0.9479520584,0.97,1.0,0.9875,0.99,-0.18,1790006400,999,59,1790006641,1.71,0.702,2.24
1.72,19.0,0.42,Down,True,100.0,0.99,0.9,0.98,0.9741,0.8225,0.99,0.65,1790007000,999,20,1790007280,2.69,0.536,0.92
-0.54,55.5,-0.28,Up,True,100.0,0.99,0.94,0.95,1.0,0.846,0.99,-0.78,1790007300,999,53,1790007547,0.0,0.871,1.02
1.05,57.9,0.48,Up,True,128.0,0.99,0.89,0.95,0.9938,0.8594,0.99,-0.22,1790007600,999,60,1790007840,4.59,0.809,1.08
-0.0,44.8,0.46,Up,True,100.0,0.99,0.9399999987,0.95,0.9688,0.9039,0.99,-0.24,1790007900,22400.0,52,1790008148,-0.0,0.555,1.3
1.31,56.5,1.27,Down,True,330.0,0.99,0.9394994066,0.96,1.0,0.9145,0.99,0.86,1790008200,999,58,1790008442,4.48,0.631,1.37
1.48,46.0,0.55,Down,True,25.0,0.99,0.97,0.98,0.8005,0.9235,0.99,0.91,1790009400,999,43,1790009657,4.61,0.571,1.43
0.25,-1.8,0.01,Up,True,111.0,0.99,0.8999999928,0.95,0.1769,0.4701,0.99,0.0,1790009700,999,21,1790009979,0.82,0.599,-0.08
2.51,49.4,2.19,Down,True,123.0,0.99,0.9299999999999999,0.95,1.0,0.8944,0.99,1.75,1790010000,999,55,1790010245,6.07,0.62,1.25
0.0,41.6,0.0,Up,True,1472.0,0.99,0.87,0.95,0.771,0.8841,0.99,0.28,1790011500,999,45,1790011755,0.0,0.604,1.2
0.61,-4.1,1.26,Down,True,200.0,0.99,0.9399999873,0.95,0.9993,0.4305,0.99,0.48,1790011800,999,23,1790012077,4.37,0.567,-0.18
0.69,58.9,1.43,Up,True,127.0,0.99,0.9696105209,0.95,1.0,0.9597,0.99,0.21,1790012100,999,50,1790012350,4.59,0.555,1.75
1.35,4.2,2.44,Down,True,324.0,0.99,0.91,0.96,0.9607,0.5635,0.99,1.31,1790012400,999,47,1790012653,1.74,0.444,0.16
-3.39,39.2,-1.98,Down,True,25.0,0.99,0.94,0.96,1.0,0.8246,0.99,-2.09,1790012700,3.4,60,1790012940,-11.61,0.632,0.93
3.39,54.1,4.12,Up,True,300.0,0.99,0.91,0.95,1.0,0.9498,0.99,3.04,1790013600,999,60,1790013840,4.03,0.495,1.64
-0.14,39.6,0.01,Up,True,225.0,0.99,0.81,0.95,0.9997,0.9472,0.99,-0.43,1790013900,999,24,1790014176,0.0,0.582,1.62
-1.03,45.7,0.14,Up,True,26.0,0.99,0.98,0.9799991964,1.0,0.9654,0.99,0.0,1790014500,999,60,1790014740,0.0,0.378,1.82
0.78,34.1,1.03,Down,True,100.0,0.99,0.97,0.98,1.0,0.8705,0.99,0.51,1790014800,999,59,1790015041,2.75,0.457,1.13
0.59,8.7,1.11,Down,True,841.0,0.99,0.93,0.98,0.8592,0.6682,0.99,1.16,1790015400,999,23,1790015677,1.57,0.486,0.44
2.0,39.9,1.06,Up,True,300.0,0.99,0.95,0.95,1.0,0.8813,0.99,0.7,1790015700,999,41,1790015959,2.68,0.613,1.18
0.87,51.0,0.6,Up,True,137.0,0.99,0.98,0.98,0.1995,0.9686,0.99,0.0,1790016000,999,60,1790016240,0.0,0.411,1.86
1.82,14.1,0.92,Up,True,178.0,0.99,0.9400000022,0.95,0.969,0.7282,0.99,2.61,1790016300,999,35,1790016565,4.38,0.455,0.61
0.62,72.1,1.09,Up,True,80.0,0.99,0.98,0.98,1.0,0.9999,0.99,0.0,1790016600,999,60,1790016840,1.0,0.295,3.67
1.16,-9.7,1.22,Up,True,98.0,0.99,0.9214770503,0.96,0.0006,0.0261,0.99,0.38,1790016900,999,21,1790017179,0.8,0.127,-1.94
3.02,53.2,1.39,Down,True,100.0,0.99,0.96,0.98,1.0,0.999,0.99,0.56,1790017200,999,60,1790017440,1.16,0.258,3.09
-0.0,18.2,0.02,Up,True,20.0,0.99,0.95,0.96,0.1496,0.7868,0.99,-0.25,1790017500,9100.0,44,1790017756,-0.0,0.401,0.8
1.26,34.0,0.69,Up,True,148.0,0.99,0.94,0.95,1.0,0.9744,0.99,0.31,1790017800,999,51,1790018049,1.95,0.284,1.95
-0.27,32.7,0.34,Down,True,100.0,0.99,0.8700000001,0.95,0.888,0.6543,0.99,-0.54,1790018400,34.9,54,1790018646,-0.94,1.3,0.4
0.52,58.6,0.37,Up,True,100.0,0.99,0.96,0.95,1.0,0.8942,0.99,0.25,1790018700,999,59,1790018941,2.97,0.708,1.25
-0.0,52.9,-0.01,Down,True,137.0,0.99,0.72,0.97,0.4812,0.9735,0.72,-0.64,1790019900,999,39,1790020161,0.0,0.506,1.94
0.88,31.1,2.12,Down,True,100.0,0.99,0.96,0.97,0.8929,0.8363,0.99,1.04,1790020200,999,41,1790020459,2.76,0.573,0.98
0.0,67.8,0.0,Up,True,100.0,0.99,0.7151668905999999,0.9506293333,1.0,0.974,0.99,-1.22,1790020800,999,42,1790021058,0.0,0.621,1.94
0.0,50.9,0.02,Up,True,48.0,0.99,0.7430894113,0.95,0.9955,0.9942,0.99,0.0,1790021400,999,44,1790021656,0.0,0.351,2.52
-0.32,194.3,4.5,Up,True,267.0,0.99,0.961700102,0.96,1.0,1.0,0.99,-0.78,1790021700,999,60,1790021940,8.39,0.644,4.48
0.68,19.9,0.65,Up,True,100.0,0.99,0.92,0.95,0.2863,0.6555,0.99,-0.29,1790022000,999,42,1790022258,3.28,0.883,0.4
0.1,14.0,-0.43,Down,True,101.0,0.99,0.761294,0.95,1.0,0.6593,0.99,0.52,1790022900,999,33,1790023167,0.36,0.685,0.41
3.97,65.2,5.11,Down,True,300.0,0.99,0.92,0.95,0.9999,0.938,0.99,4.13,1790023200,999,51,1790023449,9.9,0.683,1.54
1.46,30.1,2.22,Down,True,94.0,0.99,0.9254625599,0.96,1.0,0.8077,0.99,0.7,1790023500,999,56,1790023744,2.47,0.532,0.87
0.44,3.8,0.77,Down,False,191.0,0.96,0.010000000000000009,0.95,0.0,0.542,0.01,0.94,1790024100,999,53,1790024347,1.38,0.574,0.11
1.26,26.7,1.53,Down,True,500.0,0.99,0.95,0.96,1.0,0.8586,0.99,0.47,1790025000,13350.0,60,1790025240,-0.0,0.37,1.07
1.41,78.2,1.65,Up,True,200.0,0.99,0.969999998,0.9699999951,0.9999,0.9995,0.99,0.59,1790025300,999,60,1790025540,2.75,0.356,3.28
1.26,47.5,1.6,Up,True,500.0,0.99,0.9,0.95,1.0,0.9907,0.99,0.27,1790025600,999,18,1790025882,3.8,0.549,2.35
1.28,-7.8,2.01,Down,True,150.0,0.99,0.89,0.97,0.7082,0.3263,0.99,1.76,1790025900,999,36,1790026164,2.34,0.335,-0.45
1.05,36.0,0.3,Up,True,200.0,0.99,0.9399999966,0.95,0.9997,0.9501,0.99,2.17,1790026500,999,26,1790026774,2.31,0.495,1.65
0.81,-0.9,0.91,Down,True,207.0,0.99,0.6900000143,0.97,0.4506,0.4842,0.99,0.43,1790026800,999,47,1790027053,1.69,0.379,-0.04
0.0,40.1,0.6,Up,True,13.0,0.99,0.949999981,0.95,0.8147,0.9991,0.99,-0.3,1790027700,999,60,1790027940,0.0,0.191,3.13
1.06,56.6,1.58,Up,True,100.0,0.99,0.9699999981,0.9523809524,1.0,0.9302,0.99,1.49,1790028000,999,60,1790028240,3.32,0.571,1.48
2.0,63.0,1.46,Up,True,128.0,0.99,0.98,0.9770910256,1.0,0.9928,0.99,1.73,1790028600,999,60,1790028840,1.47,0.384,2.45
1.66,56.8,0.55,Up,True,135.0,0.99,0.9400000006,0.969999998,1.0,0.9789,0.99,0.0,1790029800,205.8,60,1790030040,-0.28,0.418,2.03
-1.05,9.3,-1.62,Up,True,88.0,0.99,0.51,0.95,0.8484,0.6407,0.99,-1.33,1790030100,3.2,35,1790030365,-2.89,0.503,0.36
-0.0,35.3,0.6,Up,True,87.0,0.99,0.949999981,0.95,1.0,0.8483,0.99,0.53,1790031000,17650.0,60,1790031240,-0.0,0.514,1.03
1.11,54.0,-0.73,Up,True,148.0,0.99,0.98,0.99,1.0,0.9989,0.99,0.0,1790031300,999,60,1790031540,0.9,0.264,3.05
0.0,24.4,-0.24,Up,True,100.0,0.99,0.42000000000000004,0.95,0.0274,0.7792,0.98,0.0,1790031900,12200.0,60,1790032140,-0.0,0.473,0.77
1.78,41.6,1.27,Down,True,100.0,0.99,0.96,0.97,1.0,0.9928,0.99,1.67,1790032800,999,60,1790033040,0.68,0.254,2.44
0.46,47.2,2.6,Down,True,82.0,0.999,0.98,0.99,1.0,1.0,0.999,1.68,1790033100,999,60,1790033340,0.06,0.161,4.39
-0.37,5.8,-0.21,Down,True,64.0,0.99,0.56,0.95,0.5929,0.6367,0.98,0.43,1790033700,7.1,23,1790033977,-0.82,0.403,0.35
2.2,11.6,2.04,Up,True,222.0,0.99,0.19000006479999998,0.95,0.9754,0.7331,0.99,1.47,1790034300,999,50,1790034550,1.2,0.304,0.62
-1.38,35.8,-0.24,Up,True,15.0,0.99,0.9775507315,0.99,1.0,0.9273,0.99,0.0,1790034600,44.7,53,1790034847,-0.8,0.39,1.46
-0.59,53.0,-0.62,Down,True,41.0,0.99,0.99,0.99,1.0,0.9041,0.99,-0.74,1790035500,44.2,45,1790035755,-1.2,0.701,1.31
-0.67,-2.8,-0.03,Down,True,25.0,0.999,0.9158320458,0.95,0.4999,0.4552,0.999,-0.0,1790036100,-1400.0,30,1790036370,-0.0,0.526,-0.11
1.06,47.0,1.19,Down,True,123.0,0.99,0.95,0.95,1.0,0.9591,0.99,0.28,1790036400,999,57,1790036643,2.41,0.414,1.74
-0.3,27.0,-0.66,Up,True,15.0,0.99,0.87,0.9799998852,1.0,0.7963,0.99,-1.36,1790036700,34.2,60,1790036940,-0.79,0.487,0.83
0.06,21.4,-0.02,Up,True,200.0,0.99,0.96,0.9556272345,0.958,0.7711,0.99,0.42,1790037600,999,17,1790037883,0.74,0.808,0.74
2.02,59.4,0.09,Down,True,49.0,0.99,0.98,0.99,1.0,0.9077,0.99,0.32,1790037900,999,50,1790038150,8.11,0.734,1.33
0.0,43.6,0.53,Up,True,29.0,0.99,0.93,0.95,1.0,0.8841,0.99,0.0,1790040300,999,60,1790040540,0.0,0.549,1.2
0.09,47.8,0.16,Up,True,10.0,0.99,0.98,0.98,1.0,0.9108,0.99,-0.24,1790040600,999,60,1790040840,0.27,0.534,1.35
1.0,3.6,0.73,Up,True,100.0,0.99,0.91,0.95,0.9161,0.5458,0.99,0.88,1790041200,999,42,1790041458,3.08,0.569,0.12
3.81,87.9,2.83,Down,True,399.0,0.99,0.94,0.97,1.0,0.999,0.99,2.5,1790041500,999,57,1790041743,7.25,0.442,3.08
0.27,7.6,0.03,Up,True,115.0,0.99,0.95,0.9530606667,0.9519,0.6103,0.99,1.0,1790041800,999,45,1790042055,2.64,0.473,0.28
0.82,46.3,0.29,Down,True,661.0,0.99,0.8923788732,0.96,0.9889,0.9207,0.99,0.91,1790042400,999,54,1790042646,2.29,0.523,1.41
-3.42,-16.3,-3.65,Up,True,19.0,0.99,0.88,0.9699998448,0.9845,0.2918,0.99,-3.4,1790042700,-3.6,43,1790042957,-4.48,0.529,-0.55
1.93,12.5,2.27,Up,True,899.0,0.99,0.9,0.95,0.9957,0.605,0.99,2.1,1790043000,999,48,1790043252,1.95,0.791,0.27
-0.15,10.0,0.53,Down,True,194.0,0.99,0.9296952332,0.97,0.8085,0.7873,0.844,0.96,1790043300,999,6,1790043594,0.0,0.598,0.8
-0.45,22.4,-0.26,Up,True,47.0,0.99,0.9299999999999999,0.95,0.9977,0.7059,0.99,0.23,1790043600,999,54,1790043846,0.88,0.657,0.54
-0.3,23.0,-0.05,Up,True,49.0,0.99,0.95,0.9510675734,0.9995,0.8405,0.99,-0.29,1790044800,999,51,1790045049,1.89,0.377,1.0
0.0,61.0,-0.46,Up,True,100.0,0.999,0.98,0.99,0.9315,0.9907,0.999,0.0,1790045100,999,60,1790045340,0.0,0.39,2.35
-0.49,26.0,-0.24,Down,True,200.0,0.99,0.95,0.95,0.8573,0.79,0.99,-0.13,1790046000,999,46,1790046254,-0.0,0.555,0.81
0.23,40.6,1.2,Down,True,22.0,0.99,0.9699999951,0.96,1.0,0.9481,0.99,0.39,1790046300,999,60,1790046540,0.47,0.376,1.63
0.88,88.1,1.22,Down,True,20.0,0.99,0.99,0.99,1.0,0.9613,0.99,0.75,1790046600,999,60,1790046840,3.6,0.753,1.77
1.46,22.3,0.8,Down,True,358.0,0.99,0.88,0.97,0.9991,0.7892,0.99,1.24,1790046900,999,34,1790047166,3.58,0.555,0.8
1.86,38.1,1.26,Down,True,51.0,0.99,0.9492307692,0.95,1.0,0.9634,0.99,1.09,1790048100,999,48,1790048352,4.39,0.359,1.79
-0.0,-6.8,0.48,Down,True,196.0,0.99,0.93,0.95,0.1927,0.3428,0.99,0.95,1790048400,999,23,1790048677,0.0,0.412,-0.4
2.73,32.2,2.28,Up,True,212.0,0.99,0.8370725003,0.95,1.0,0.9817,0.99,1.42,1790048700,16100.0,54,1790048946,-0.0,0.246,2.09
-2.63,18.2,-2.15,Down,True,16.0,0.99,0.81,0.99,0.9996,0.8258,0.99,-1.44,1790049000,4.4,60,1790049240,-4.17,0.293,0.94
2.37,26.9,1.84,Up,True,128.0,0.99,0.74,0.95,1.0,0.8348,0.99,2.73,1790049600,999,54,1790049846,4.51,0.44,0.97
-0.0,68.2,1.43,Down,True,50.0,0.99,0.99,0.99,1.0,0.9839,0.99,3.17,1790049900,34100.0,60,1790050140,-0.0,0.48,2.14
2.27,20.6,1.83,Up,True,302.0,0.99,0.736,0.95,0.2156,0.8909,0.99,1.03,1790050200,999,30,1790050470,0.0,0.357,1.23
0.88,21.4,1.88,Up,True,150.0,0.99,0.86,0.95,0.9963,0.8221,0.99,0.8,1790050800,999,42,1790051058,0.4,0.419,0.92
-0.88,32.7,-0.58,Up,True,70.0,0.99,0.9047305389,0.95,0.9732,0.8416,0.99,-1.46,1790051100,999,57,1790051343,1.6,0.505,1.0
0.0,17.9,-1.01,Down,True,80.0,0.99,0.9354757085000001,0.9785423408,1.0,0.7969,0.99,-0.53,1790052000,999,59,1790052241,0.0,0.328,0.83
-0.59,39.4,-1.79,Up,True,38.0,0.99,0.9799991964,0.98,1.0,0.9772,0.99,-0.58,1790052600,999,60,1790052840,0.0,0.298,2.0
1.22,30.6,2.18,Down,True,50.0,0.99,0.96,0.97,0.9979,0.8415,0.99,1.77,1790053200,999,54,1790053446,3.2,0.487,1.0
-2.16,28.5,-2.24,Down,True,15.0,0.99,0.27632042860000006,0.95,0.9735,0.8071,0.99,-2.1,1790055000,13.8,60,1790055240,-2.06,0.497,0.87
-2.83,13.5,-1.83,Up,False,108.0,0.97,0.01,0.95,0.0008,0.6913,0.57,-0.45,1790056200,3.8,57,1790056443,-3.6,0.418,0.5
0.48,31.5,1.57,Down,True,92.0,0.99,0.9300000012,0.95,1.0,0.8698,0.99,0.23,1790056800,999,53,1790057047,1.17,0.45,1.13
0.96,27.5,0.11,Up,True,391.0,0.99,0.9,0.95,0.0053,0.9276,0.99,0.0,1790057100,999,45,1790057355,1.71,0.329,1.46
-1.87,-15.5,-1.38,Down,True,30.0,0.999,0.9299999999999999,0.98,0.8319,0.2986,0.99,-1.41,1790057400,-6.6,36,1790057664,-2.36,0.573,-0.53
-0.0,30.9,-0.07,Down,True,100.0,0.99,0.94,0.95,1.0,0.7749,0.99,0.56,1790057700,999,59,1790057941,-0.0,0.625,0.76
1.12,6.1,1.98,Down,True,133.0,0.99,0.9,0.95,0.8481,0.6277,0.99,0.73,1790058000,999,50,1790058250,1.07,0.313,0.33
2.76,56.9,1.15,Up,True,108.0,0.99,0.98,0.9681580494,1.0,0.9893,0.99,2.3,1790058900,999,60,1790059140,5.58,0.373,2.3
0.44,35.4,0.05,Down,True,25.0,0.99,0.98,0.99,1.0,0.9195,0.99,-0.97,1790059200,999,60,1790059440,0.91,0.381,1.4
-3.73,12.0,-3.74,Down,True,16.0,0.99,0.9299999999999999,0.95,1.0,0.8434,0.99,-2.56,1790059500,21.7,57,1790059743,-0.55,0.184,1.01
0.0,47.6,-0.63,Up,True,76.0,0.99,0.79,0.96,0.9312,0.989,0.99,-0.56,1790059800,999,60,1790060040,0.0,0.314,2.29
-0.0,28.4,-0.11,Down,True,124.0,0.99,0.98,0.99,0.9897,0.9373,0.99,-0.0,1790060400,999,60,1790060640,-0.0,0.28,1.53
0.4,28.8,1.36,Up,True,25.0,0.99,0.94,0.95,1.0,0.7878,0.99,0.0,1790060700,999,59,1790060941,1.2,0.549,0.8
-0.24,50.8,0.15,Up,True,9.0,0.999,0.96946,0.9799991964,1.0,0.9575,0.999,0.36,1790061000,999,60,1790061240,0.0,0.446,1.72
0.29,46.9,0.07,Up,True,100.0,0.99,0.98,0.99,1.0,0.9278,0.99,1.75,1790061900,999,60,1790062140,0.75,0.487,1.46
2.81,36.6,2.43,Up,True,270.0,0.99,0.8953351879,0.95,1.0,0.9516,0.99,1.69,1790062500,999,45,1790062755,2.7,0.386,1.66
1.72,18.1,1.26,Down,True,200.0,0.99,0.9,0.98,0.6923,0.9169,0.99,1.13,1790062800,999,41,1790063059,2.23,0.24,1.38
0.14,53.3,0.03,Up,True,10.0,0.99,0.98,0.99,1.0,0.9862,0.99,0.41,1790063100,999,59,1790063341,1.85,0.369,2.2
1.72,44.7,1.82,Up,True,100.0,0.99,0.8439095238000001,0.95,1.0,0.968,0.99,2.51,1790063400,999,53,1790063647,4.25,0.388,1.85
0.0,4.4,0.13,Down,True,180.0,0.99,0.87,0.98,0.0001,0.602,0.99,-0.36,1790063700,999,35,1790063965,-0.0,0.334,0.26
0.81,39.6,-0.22,Up,True,20.0,0.999,0.94,0.95,1.0,0.874,0.999,0.22,1790064000,999,54,1790064246,2.4,0.551,1.15
-0.74,23.4,-2.28,Up,True,100.0,0.99,0.88,0.95,0.8111,0.9295,0.99,-2.17,1790064600,50.2,57,1790064843,-0.47,0.246,1.47
0.51,22.3,1.28,Down,True,139.0,0.99,0.9299999999999999,0.95,0.1728,0.8359,0.99,1.68,1790064900,999,60,1790065140,0.95,0.345,0.98
-0.3,34.8,-0.68,Up,True,66.0,0.99,0.9469158695,0.95,1.0,0.9696,0.99,-1.02,1790065200,127.9,59,1790065441,-0.27,0.283,1.87
0.06,53.4,-0.26,Up,True,16.0,0.99,0.9552171966,0.9699999965,0.9998,0.7734,0.99,-0.3,1790067900,999,60,1790068140,0.0,1.071,0.75
2.72,40.0,2.08,Up,True,52.0,0.99,0.94,0.95,0.314,0.9076,0.99,1.81,1790068500,999,42,1790068758,2.4,0.541,1.33
0.43,33.1,0.78,Up,True,2125.0,0.99,0.8900000013,0.95,0.9894,0.92,0.99,0.5,1790069100,72.0,36,1790069364,-0.46,0.458,1.41
2.24,50.1,1.61,Up,True,157.0,0.99,0.6899999719,0.95,0.9142,0.9114,0.99,1.64,1790069400,999,45,1790069655,3.87,0.644,1.35
1.65,52.9,1.26,Up,True,80.0,0.99,0.9382610865,0.95,1.0,0.9464,0.99,0.85,1790069700,999,51,1790069949,4.59,0.535,1.61
0.37,20.2,-0.0,Down,True,282.0,0.99,0.84,0.97,0.9772,0.8398,0.99,0.32,1790070300,999,60,1790070540,0.61,0.305,0.99
0.26,75.3,0.55,Up,True,97.0,0.99,0.89,0.95,1.0,0.9169,0.99,-0.21,1790070900,999,57,1790071143,1.7,0.835,1.38
-0.0,53.2,0.08,Down,True,10.0,0.99,0.99,0.99,1.0,0.9654,0.99,0.64,1790071200,999,60,1790071440,-0.0,0.438,1.82
0.0,32.0,-0.02,Down,True,20.0,0.99,0.94,0.96,1.0,0.9271,0.99,0.37,1790071500,999,60,1790071740,0.0,0.329,1.45
0.31,17.4,1.37,Up,True,61.0,0.99,0.91,0.95,0.9035,0.8007,0.99,0.98,1790072100,999,32,1790072368,1.96,0.424,0.84
-0.89,53.5,-0.65,Down,True,11.0,0.99,0.97,0.98,1.0,0.9254,0.99,-0.43,1790072700,179.5,60,1790072940,-0.3,0.557,1.44
1.55,35.7,1.2,Down,True,299.0,0.99,0.9299999999999999,0.95,1.0,0.9306,0.99,0.36,1790073600,999,57,1790073843,-0.0,0.372,1.48
-0.0,45.2,-1.48,Down,True,90.0,0.99,0.9136,0.98,1.0,0.9913,0.99,-1.04,1790073900,37.9,60,1790074140,-1.19,0.286,2.38
-3.18,4.5,-1.78,Up,False,44.0,0.96,0.01,0.95,0.0001,0.5955,0.01,-0.4,1790074500,0.9,60,1790074740,-4.83,0.279,0.24
0.32,43.9,0.13,Up,True,122.0,0.99,0.94,0.95,1.0,0.7455,0.99,0.49,1790075400,999,54,1790075646,1.81,1.054,0.66
0.24,15.4,0.0,Up,True,122.0,0.99,0.8200000051,0.95,0.6548,0.868,0.99,-0.62,1790076000,999,27,1790076273,0.4,0.308,1.12
-0.59,-4.4,0.03,Down,True,273.0,0.99,0.96,0.98,0.2617,0.3559,0.99,0.33,1790076600,999,15,1790076885,0.28,0.357,-0.37
0.83,42.6,0.58,Up,True,50.0,0.99,0.9050668829,0.95,1.0,0.9081,0.99,-0.24,1790078100,999,47,1790078353,0.0,0.544,1.33
-1.76,-9.5,-2.67,Up,False,101.0,0.9404152874,0.01,0.95,0.0337,0.3046,0.053,-1.57,1790078400,-2.3,24,1790078676,-4.21,0.44,-0.51
0.0,19.8,0.03,Up,False,167.0,0.99,0.020000000000000018,0.95,0.0057,0.9076,0.657,1.4,1790078700,999,27,1790078973,0.0,0.334,1.33
0.0,36.7,-0.43,Up,True,25.0,0.99,0.74,0.95,0.0,0.9004,0.99,0.0,1790079000,999,60,1790079240,0.0,0.429,1.28
-0.18,9.2,0.12,Down,True,230.0,0.99,0.95,0.95,0.9536,0.6757,0.99,0.52,1790080200,999,17,1790080483,-0.0,0.57,0.46
-0.0,28.7,0.25,Down,True,273.0,0.99,0.9,0.95,0.9969,0.8392,0.99,0.22,1790080500,999,57,1790080743,-0.0,0.446,0.99
2.46,23.2,2.11,Down,True,110.0,0.99,0.9100000007,0.9550714286,1.0,0.8681,0.99,1.24,1790080800,999,39,1790081061,4.07,0.386,1.12
-0.0,9.5,0.38,Down,True,49.0,0.99,0.9299999999999999,0.95,0.001,0.6894,0.99,0.95,1790081100,999,53,1790081347,-0.0,0.307,0.49
0.32,11.3,1.07,Down,True,100.0,0.99,0.91,0.95,0.9646,0.6355,0.99,0.5,1790081400,999,56,1790081644,2.12,0.506,0.35
-2.18,24.5,-1.51,Up,True,13.0,0.99,0.9199999996,0.95,1.0,0.8278,0.99,-0.25,1790081700,5.9,44,1790081956,-4.15,0.453,0.95
0.52,174.7,0.06,Up,True,100.0,0.999,0.95,0.99,1.0,1.0,0.99,0.29,1790082000,999,54,1790082246,1.04,0.37,7.47
0.0,55.6,-0.01,Up,True,25.0,0.999,0.79,0.96,0.9878,0.9126,0.99,-0.45,1790082300,999,60,1790082540,0.0,0.615,1.36
-0.0,27.1,1.11,Down,True,54.0,0.99,0.95,0.96,1.0,0.8352,0.99,0.97,1790082600,999,60,1790082840,-0.0,0.417,0.97
0.35,94.0,0.3,Down,True,10.0,0.99,0.98,0.98,1.0,0.8921,0.99,0.69,1790084100,999,60,1790084340,4.38,1.141,1.24
-0.14,82.3,0.1,Up,True,124.0,0.99,0.9299999999999999,0.95,1.0,0.879,0.99,0.17,1790084400,999,59,1790084641,0.8,1.066,1.17
1.72,35.1,0.04,Up,True,392.0,0.99,0.94,0.95,0.9936,0.9251,0.99,0.6,1790085000,999,15,1790085285,7.14,0.732,1.44
0.8,75.4,0.23,Up,True,50.0,0.99,0.9303896104,0.99,0.2717,0.9389,0.99,0.2,1790085900,46.9,60,1790086140,-1.61,0.731,1.55
1.26,36.1,1.32,Down,True,140.0,0.99,0.9373485714,0.97,0.8941,0.8976,0.99,1.5,1790086800,999,27,1790087073,4.37,0.636,1.27
2.06,81.0,1.5,Up,True,1013.0,0.99,0.9,0.95,0.9975,0.8282,0.99,1.66,1790087700,999,47,1790087953,14.18,1.453,0.95
0.37,29.3,-0.68,Down,False,246.0,0.96,0.010000000000000009,0.95,0.0084,0.6866,0.01,-0.0,1790088000,36.6,50,1790088250,-0.8,0.993,0.49
2.78,48.4,0.75,Up,True,384.0,0.99,0.86,0.95,1.0,0.8917,0.99,1.33,1790088600,999,41,1790088859,6.37,0.711,1.24
1.54,3.2,1.41,Up,True,1000.0,0.99,0.92,0.95,,0.6314,,0.87,1790089200,5.8,3,1790089497,-0.55,0.64,0.34
0.12,64.3,0.32,Down,True,80.0,0.99,0.53,0.95,0.8663,0.934,0.99,-0.0,1790089800,999,57,1790090043,0.43,0.656,1.51
-0.0,27.4,0.33,Down,True,223.0,0.99,0.95,0.96,1.0,0.9739,0.98,-0.0,1790090700,999,14,1790090986,-0.0,0.437,1.94
-3.99,-31.4,-1.9,Up,False,51.0,0.97,0.01,0.96,0.0,0.1241,0.01,-2.39,1790091000,-3.5,60,1790091240,-8.86,0.406,-1.15
0.86,1.3,-0.03,Up,True,280.0,0.99,0.5325443724,0.95,0.9793,0.5208,0.99,0.6,1790091300,999,35,1790091565,0.4,0.491,0.05
-0.29,9.5,0.27,Up,True,125.0,0.99,0.869999924,0.95,0.001,0.5658,0.99,1.32,1790091900,33.2,57,1790092143,-0.29,0.877,0.17
-0.69,-28.7,-0.81,Up,True,125.0,0.99,0.64,0.95,0.0169,0.0519,0.99,-0.66,1790092500,-14.4,15,1790092785,-1.99,0.527,-1.63
-2.21,17.3,-1.2,Up,True,38.0,0.99,0.92,0.95,0.2974,0.6491,0.99,-1.02,1790092800,1.5,47,1790093053,-11.54,0.764,0.38
-0.0,38.7,-0.0,Down,True,125.0,0.99,0.9404454681,0.97,1.0,0.8734,0.99,0.48,1790093700,999,60,1790093940,-0.0,0.508,1.14
-1.4,71.2,0.27,Up,True,100.0,0.99,0.9699999935,0.96,1.0,0.9752,0.99,-0.25,1790094000,999,60,1790094240,0.96,0.544,1.96
0.46,18.8,0.48,Up,True,403.0,0.99,0.96,0.95,1.0,0.8196,0.99,0.82,1790094600,999,14,1790094886,1.59,0.64,0.91
0.13,44.1,0.0,Up,True,30.0,0.99,0.98,0.98,0.9966,0.9211,0.99,0.0,1790095200,999,60,1790095440,0.34,0.467,1.41
1.14,32.5,0.94,Up,True,1000.0,0.99,0.94,0.96,1.0,0.8104,0.99,0.75,1790095500,999,47,1790095753,3.9,0.624,0.88
1.44,40.3,1.75,Down,True,100.0,0.99,0.9137585962,0.96,1.0,0.9121,0.99,1.1,1790096100,999,56,1790096344,1.36,0.46,1.35
0.61,39.0,-0.02,Down,True,114.0,0.99,0.89,0.95,0.9187,0.839,0.99,0.47,1790097000,35.5,57,1790097243,-1.1,0.603,0.99
0.89,52.8,0.94,Up,True,152.0,0.99,0.96,0.98,0.7537,0.9492,0.99,0.63,1790098200,999,60,1790098440,1.54,0.481,1.64
0.26,32.9,0.68,Down,True,1427.0,0.99,0.95,0.96,0.999,0.8517,0.99,-0.22,1790098800,999,38,1790099062,0.83,0.592,1.04
5.48,59.5,5.09,Up,True,887.0,0.999,0.8854746832,0.95,0.3764,0.8675,0.99,4.68,1790099100,999,60,1790099340,4.56,0.797,1.11
2.26,39.3,1.94,Up,True,575.0,0.99,0.96,0.95,0.9238,0.8641,0.99,1.41,1790099400,999,42,1790099658,7.88,0.638,1.1
1.46,35.0,1.82,Down,True,40.0,0.99,0.41000015339999996,0.95,0.9977,0.8839,0.99,1.21,1790100000,999,56,1790100244,3.09,0.451,1.19
0.01,46.2,-0.02,Up,True,15.0,0.99,0.96,0.95,0.9979,0.8882,0.99,0.27,1790100900,999,59,1790101141,0.05,0.57,1.22
2.19,32.2,1.4,Down,True,149.0,0.99,0.51,0.97,0.4464,0.7818,0.99,1.12,1790101800,999,56,1790102044,4.44,0.64,0.78
-0.48,54.6,0.24,Up,True,331.0,0.99,0.76,0.95,1.0,0.9894,0.99,0.0,1790102400,27300.0,51,1790102649,-0.0,0.384,2.3
1.03,-0.8,1.85,Down,True,61.0,0.99,0.6900000527,0.95,0.0018,0.4903,0.99,0.51,1790103000,-22.2,51,1790103249,-0.04,0.557,-0.02
-0.02,-10.0,-0.0,Down,True,153.0,0.99,0.9299999999999999,0.97,0.9978,0.3725,0.99,0.27,1790103300,999,38,1790103562,0.55,0.58,-0.33
0.0,61.4,0.02,Up,True,20.0,0.99,0.96,0.96,1.0,0.9851,0.99,-0.32,1790103900,999,60,1790104140,0.0,0.422,2.17
1.2,39.3,1.0,Up,True,97.0,0.99,0.21999999999999997,0.95,0.9853,0.9584,0.99,0.3,1790104200,999,41,1790104459,2.43,0.41,1.73
-0.0,74.1,0.13,Up,True,100.0,0.999,0.99,0.98,1.0,0.9916,0.99,0.0,1790104500,999,60,1790104740,0.0,0.462,2.39
-4.99,28.5,-2.68,Up,True,30.0,0.99,0.2557358513,0.9699999865,1.0,0.769,0.99,-1.37,1790105100,3.5,60,1790105340,-8.12,0.578,0.74
0.19,13.7,0.22,Up,True,110.0,0.99,0.86,0.95,0.999,0.6248,0.99,0.18,1790106000,5.7,56,1790106244,-2.42,0.669,0.32
0.24,49.0,0.14,Down,True,69.0,0.99,0.95,0.96,0.9981,0.9577,0.99,0.3,1790106300,999,57,1790106543,-0.0,0.436,1.72
1.99,32.8,2.35,Up,True,16.0,0.99,0.5100000007000001,0.95,0.9538,0.866,0.99,1.09,1790106900,999,59,1790107141,4.86,0.447,1.11
1.17,30.6,0.65,Up,True,127.0,0.99,0.96,0.9524969231,1.0,0.8252,0.99,0.24,1790107200,999,57,1790107443,3.22,0.503,0.94
1.35,12.1,0.63,Up,False,127.0,0.98,0.01,0.96,0.0,0.6866,0.275,0.53,1790107500,999,44,1790107756,3.2,0.434,0.49
-0.0,35.0,-0.4,Down,True,100.0,0.99,0.96,0.97,1.0,0.8066,0.99,0.26,1790107800,17500.0,53,1790108047,-0.0,0.644,0.87
4.18,29.0,2.34,Up,True,169.0,0.99,0.96,0.9599996928,0.9733,0.9504,0.99,1.33,1790108100,999,60,1790108340,4.4,0.263,1.65
0.0,24.6,0.05,Up,True,100.0,0.99,0.96,0.97,1.0,0.9907,0.99,0.71,1790108400,999,60,1790108640,0.0,0.156,2.35
2.23,8.6,1.97,Up,True,445.0,0.99,0.96,0.95,1.0,0.7082,0.99,2.39,1790108700,999,51,1790108949,3.09,0.254,0.55
-0.12,45.9,-0.0,Down,True,30.0,0.99,0.9299999999999999,0.95,1.0,0.8701,0.99,-0.0,1790109000,114.7,60,1790109240,-0.4,0.608,1.13
0.0,23.9,0.0,Up,True,100.0,0.99,0.96,0.96,1.0,0.9158,0.99,0.0,1790109300,999,60,1790109540,0.0,0.259,1.38
2.44,22.0,0.19,Down,True,78.0,0.99,0.96,0.97,1.0,0.9987,0.99,2.13,1790109600,999,52,1790109848,1.57,0.117,3.01
-0.0,16.9,0.02,Down,True,31.0,0.99,0.96,0.97,1.0,0.798,0.99,-0.0,1790110200,999,60,1790110440,-0.0,0.303,0.83
2.5,17.0,2.2,Up,False,86.0,0.95,0.01,0.95,1.0,0.9242,0.01,1.55,1790110500,999,59,1790110741,2.45,0.179,1.43
0.0,70.6,0.0,Up,True,30.0,0.999,0.99,0.99,1.0,0.9865,0.999,-0.21,1790110800,999,57,1790111043,0.0,0.49,2.21
1.57,13.5,0.0,Up,False,100.0,0.99,0.01,0.95,0.0,0.8822,0.01,0.45,1790111100,999,50,1790111350,1.6,0.187,1.19
1.25,11.7,0.31,Down,True,43.0,0.99,0.96,0.9627395226,0.9542,0.7383,0.99,0.41,1790111400,999,35,1790111665,2.45,0.358,0.64
-0.0,2.6,-0.64,Down,True,233.0,0.99,0.95,0.95,1.0,0.6211,0.99,-0.0,1790111700,999,41,1790111959,0.0,0.155,0.31
-0.0,7.4,-0.0,Down,True,31.0,0.99,0.9469565499,0.95,0.9973,0.8035,0.99,0.36,1790112000,3700.0,53,1790112247,-0.0,0.138,0.85
0.0,28.4,-0.06,Up,True,40.0,0.99,0.9700000006,0.98,1.0,0.9896,0.99,0.36,1790112300,999,60,1790112540,0.0,0.184,2.31
-0.25,20.3,-0.04,Up,True,24.0,0.99,0.8828958763,0.95,1.0,0.9515,0.99,0.0,1790112600,62.7,36,1790112864,-0.32,0.237,1.66
-0.0,8.4,-0.02,Down,True,72.0,0.99,0.95,0.96,0.8042,0.6123,0.99,0.64,1790112900,4200.0,45,1790113155,-0.0,0.509,0.29
0.48,28.1,0.09,Down,True,90.0,0.99,0.97,0.98,1.0,0.8983,0.99,0.64,1790114100,14050.0,59,1790114341,-0.0,0.334,1.27
-0.0,29.1,0.27,Down,True,90.0,0.99,0.9399999962,0.95,1.0,0.7082,0.99,0.36,1790114400,999,56,1790114644,-0.0,0.824,0.55
2.92,35.0,2.43,Up,True,300.0,0.99,0.78,0.95,0.0005,0.8861,0.99,1.87,1790114700,999,50,1790114950,5.2,0.477,1.21
1.04,12.9,-0.15,Down,True,160.0,0.99,0.9299999999999999,0.95,0.9989,0.8141,0.99,-0.33,1790115600,999,29,1790115871,1.76,0.311,0.89
-0.0,4.6,0.0,Up,True,256.0,0.99,0.94,0.95,0.8567,0.6939,0.99,-0.49,1790115900,2300.0,22,1790116178,-0.0,0.227,0.51
0.0,43.5,0.03,Up,True,50.0,0.999,0.99,0.99,1.0,0.9995,0.99,1.34,1790116200,999,59,1790116441,0.0,0.199,3.3
-0.0,14.6,-0.0,Down,True,25.0,0.99,0.25,0.95,0.1594,0.8491,0.98,-0.38,1790116500,7300.0,46,1790116754,-0.0,0.242,1.03
0.0,23.3,0.85,Up,False,29.0,0.95,0.01,0.95,0.7223,0.8964,0.01,0.7,1790116800,11650.0,55,1790117045,-0.0,0.289,1.26
4.12,32.0,2.64,Down,True,2100.0,0.999,0.95,0.96,0.9913,0.9162,0.999,1.35,1790117100,999,47,1790117353,1.2,0.392,1.38
0.6,9.3,1.01,Down,True,280.0,0.99,0.94,0.97,0.9882,0.7971,0.99,-0.33,1790117400,999,37,1790117663,0.4,0.213,0.83
-1.76,44.3,-0.94,Down,True,100.0,0.99,0.99,0.99,1.0,1.0,0.99,-0.46,1790117700,999,59,1790117941,-0.0,0.167,4.02
-0.0,3.1,0.02,Up,True,124.0,0.99,0.74,0.95,0.0103,0.5733,0.99,-0.33,1790118900,999,26,1790119174,0.0,0.378,0.18
0.99,57.4,0.57,Down,True,32.0,0.99,0.99,0.99,1.0,0.9906,0.99,-0.0,1790119200,999,59,1790119441,1.99,0.368,2.35
-3.62,35.0,-3.22,Down,True,10.0,0.99,0.5400000331,0.96,0.6245,0.8612,0.99,-1.83,1790119800,17.5,59,1790120041,-2.0,0.487,1.09
0.0,3.9,-0.07,Down,True,170.0,0.99,0.8285714482,0.97,0.6527,0.5845,0.99,0.55,1790120400,999,17,1790120683,-0.0,0.515,0.21
0.47,-12.0,0.82,Up,True,190.0,0.99,0.98,0.95,0.7856,0.3491,0.99,0.58,1790120700,999,28,1790120972,0.93,0.679,-0.39
-0.31,20.1,0.11,Up,True,133.0,0.99,0.89,0.95,0.9952,0.839,0.99,0.0,1790121000,999,41,1790121259,0.0,0.369,0.99
-0.0,29.4,0.05,Up,True,140.0,0.99,0.9033829041,0.95,1.0,0.9735,0.99,0.0,1790121300,14700.0,52,1790121548,-0.0,0.245,1.93
0.46,55.3,0.36,Up,True,100.0,0.99,0.9476748411,0.99,0.7213,0.998,0.99,0.35,1790121600,999,59,1790121841,0.73,0.291,2.87
0.07,31.3,0.98,Down,True,140.0,0.99,0.9181818182,0.96,0.2245,0.7671,0.99,0.85,1790121900,999,58,1790122142,0.26,0.654,0.73
2.54,53.6,1.16,Up,True,32.0,0.99,0.97,0.95,1.0,0.9909,0.99,0.34,1790122500,999,59,1790122741,4.75,0.342,2.36
0.0,35.5,0.09,Up,True,102.0,0.99,0.9487683047,0.95,1.0,0.8648,0.99,0.0,1790122800,999,53,1790123047,0.0,0.512,1.1
1.44,37.0,1.08,Down,True,143.0,0.99,0.96,0.97,1.0,0.966,0.99,0.83,1790123100,999,59,1790123341,0.8,0.305,1.82
-0.0,43.0,-0.94,Down,True,19.0,0.99,0.6799999999999999,0.97,1.0,0.9235,0.99,-1.97,1790123700,107.5,59,1790123941,-0.4,0.453,1.43
0.0,34.3,0.02,Up,True,38.0,0.99,0.9,0.9571428571,1.0,0.8942,0.99,0.31,1790124300,999,59,1790124541,0.0,0.414,1.25
1.62,20.4,1.81,Up,True,58.0,0.99,0.8961221122,0.95,0.8253,0.8528,0.99,0.7,1790124600,999,58,1790124842,2.61,0.295,1.05
2.06,62.8,1.39,Down,True,56.0,0.99,0.84,0.99,1.0,1.0,0.99,2.61,1790124900,999,56,1790125144,2.48,0.221,4.4
0.0,62.5,-0.06,Down,True,60.0,0.99,0.99,0.99,0.7719,0.9449,0.99,-0.23,1790126100,999,59,1790126341,0.0,0.587,1.6
1.02,34.3,0.81,Down,True,132.0,0.99,0.91,0.96,0.9997,0.8888,0.99,0.98,1790126400,999,55,1790126645,2.44,0.437,1.22
0.0,13.1,0.44,Down,True,79.0,0.99,0.94,0.95,0.9698,0.7391,0.99,-0.0,1790126700,999,43,1790126957,-0.0,0.359,0.64
2.31,23.0,2.97,Down,True,115.0,0.99,0.92,0.9699999831,0.9989,0.9488,0.99,1.4,1790127000,999,32,1790127268,3.65,0.288,1.63
0.0,48.4,0.85,Down,True,14.0,0.99,0.9797386283,0.98,1.0,0.9454,0.99,-0.0,1790127900,999,59,1790128141,0.0,0.456,1.6
1.43,45.1,1.36,Down,True,200.0,0.99,0.97,0.97,1.0,0.947,0.99,0.86,1790128200,999,59,1790128441,2.55,0.421,1.62
0.89,22.6,-0.23,Down,True,200.0,0.99,0.745,0.97,0.0012,0.7784,0.99,-0.44,1790128800,999,50,1790129050,2.35,0.483,0.77
1.29,40.6,0.52,Up,True,157.0,0.99,0.81,0.95,1.0,0.942,0.99,0.95,1790129100,73.8,59,1790129341,-0.55,0.39,1.57
0.0,13.3,0.86,Up,True,221.0,0.99,0.93,0.95,0.9973,0.8416,0.99,1.02,1790129400,999,14,1790129686,0.0,0.411,1.0
-0.0,14.0,0.6,Up,True,100.0,0.99,0.7899999631,0.95,0.9824,0.7222,0.99,1.04,1790130300,7000.0,47,1790130553,-0.0,0.399,0.59
-0.0,27.3,1.93,Down,True,300.0,0.99,0.94,0.95,1.0,0.9097,0.99,-0.0,1790130600,13650.0,55,1790130845,-0.0,0.318,1.34
-0.51,30.3,-0.98,Down,True,70.0,0.99,0.95,0.96,1.0,0.9333,0.99,-1.42,1790130900,999,56,1790131144,-0.0,0.312,1.5
0.0,45.6,2.47,Down,True,83.0,0.99,0.98,0.99,1.0,0.9933,0.99,1.25,1790131200,999,59,1790131441,0.0,0.277,2.48
0.0,6.5,0.43,Up,True,403.0,0.99,0.7100000017,0.95,0.5772,0.6463,0.99,1.0,1790131500,3250.0,37,1790131763,-0.0,0.332,0.38
2.81,19.4,2.5,Down,True,500.0,0.99,0.8,0.96,1.0,0.9846,0.99,1.49,1790131800,999,25,1790132075,3.2,0.207,2.16
3.2,54.4,0.97,Up,True,22.0,0.99,0.9864696107,0.9699999935,1.0,0.9965,0.99,2.3,1790132100,999,59,1790132341,1.54,0.303,2.7
2.77,15.0,2.73,Up,True,296.0,0.99,0.8800000096,0.95,0.9325,0.8521,0.99,2.41,1790132700,999,47,1790132953,0.28,0.242,1.05
0.0,32.6,-0.03,Up,True,41.0,0.99,0.97,0.98,1.0,0.9942,0.99,0.77,1790133300,999,59,1790133541,0.0,0.194,2.52
0.11,20.3,0.0,Up,True,67.0,0.99,0.94,0.95,1.0,0.7902,0.99,0.0,1790134200,999,53,1790134447,0.0,0.398,0.81
-0.0,42.4,0.03,Down,True,42.0,0.99,0.96,0.97,1.0,0.999,0.99,0.38,1790135400,999,59,1790135641,-0.0,0.206,3.08
-0.0,16.1,0.33,Down,True,338.0,0.99,0.96,0.97,1.0,0.9864,0.99,0.37,1790135700,8050.0,37,1790135963,-0.0,0.138,2.21
-0.97,41.5,1.51,Down,True,80.0,0.99,0.8900000004999999,0.97,0.9968,0.9204,0.99,-0.0,1790136900,999,55,1790137145,2.26,0.458,1.41
2.71,51.2,3.11,Down,True,500.0,0.99,0.93,0.96,1.0,0.8846,0.99,1.85,1790137500,999,40,1790137760,3.57,0.776,1.2
0.77,27.3,1.25,Up,True,225.0,0.99,0.91,0.95,0.4954,0.8545,0.99,1.08,1790138400,999,59,1790138641,1.63,0.386,1.06
-0.0,38.2,0.0,Up,True,100.0,0.99,0.95,0.96,1.0,0.9695,0.99,-0.3,1790138700,19100.0,59,1790138941,-0.0,0.305,1.87
1.43,38.7,-0.03,Up,True,50.0,0.99,0.96,0.96,0.9142,0.9131,0.99,0.34,1790139300,999,59,1790139541,3.35,0.425,1.36
-0.0,49.0,-0.06,Down,True,200.0,0.99,0.9358119378,0.98,0.9999,0.9301,0.99,-1.27,1790139900,24500.0,59,1790140141,-0.0,0.497,1.48
0.0,34.2,0.0,Up,True,23.0,0.99,0.96,0.9699999389,1.0,0.9396,0.99,0.0,1790140200,999,59,1790140441,0.0,0.33,1.55
1.72,60.7,0.22,Down,True,60.0,0.99,0.99,0.99,1.0,0.9999,0.99,1.1,1790140500,999,59,1790140741,2.16,0.239,3.81
3.5,60.9,2.61,Down,True,70.0,0.99,0.95,0.97,1.0,0.946,0.99,2.39,1790140800,999,56,1790141044,8.32,0.583,1.61
1.64,32.4,1.09,Down,True,40.0,0.99,0.96,0.97,1.0,0.9239,0.99,0.36,1790141100,999,59,1790141341,2.04,0.34,1.43
0.81,30.2,0.53,Down,True,44.0,0.99,0.9586953037,0.9699999998,1.0,0.8682,0.99,-0.0,1790141400,15100.0,59,1790141641,-0.0,0.405,1.12
1.61,16.9,0.66,Down,True,500.0,0.999,0.9300000006,0.95,0.974,0.8078,0.999,0.94,1790141700,999,25,1790141975,-0.0,0.448,0.87
-0.02,25.8,0.56,Up,True,100.0,0.99,0.43,0.96,0.9658,0.8175,0.99,-0.34,1790142000,460.7,50,1790142250,-0.06,0.464,0.91
1.17,15.1,1.91,Down,True,200.0,0.99,0.9294084428,0.96,1.0,0.9142,0.99,1.0,1790142300,999,26,1790142574,1.53,0.249,1.37
-0.0,68.0,0.0,Up,True,98.0,0.999,0.99,0.99,0.996,0.9988,0.999,0.0,1790143200,34000.0,59,1790143441,-0.0,0.338,3.03
0.0,6.6,-0.02,Up,True,155.0,0.99,0.93,0.95,0.7515,0.6218,0.99,0.33,1790143500,999,32,1790143768,0.0,0.434,0.31
-0.67,51.1,0.0,Up,True,14.0,0.99,0.99,0.99,1.0,0.9998,0.99,-0.37,1790143800,65.2,59,1790144041,-0.78,0.213,3.6
-0.0,27.9,-0.02,Down,True,100.0,0.99,0.96,0.97,1.0,0.9189,0.99,-0.79,1790144400,999,59,1790144641,-0.0,0.3,1.4
0.0,7.6,0.0,Up,True,141.0,0.99,0.8518600583,0.9599999561,0.8997,0.6812,0.99,0.93,1790145000,999,37,1790145263,0.0,0.307,0.47
0.0,19.9,1.93,Up,True,70.0,0.99,0.95,0.95,1.0,0.9649,0.99,0.35,1790145600,999,50,1790145850,0.0,0.179,1.81
1.25,5.3,1.43,Down,True,200.0,0.99,0.96,0.98,0.9122,0.6646,0.99,0.94,1790146200,999,14,1790146486,2.25,0.382,0.43
-0.0,33.3,0.0,Up,True,50.0,0.99,0.93,0.95,0.6914,0.9471,0.99,0.34,1790146500,999,59,1790146741,0.0,0.31,1.62
0.0,13.0,0.02,Down,True,35.0,0.999,0.9410003152,0.95,1.0,0.6555,0.999,1.38,1790146800,999,49,1790147051,0.0,0.538,0.4
2.62,15.9,3.63,Down,True,100.0,0.99,0.9193996946,0.96,1.0,0.7404,0.99,1.48,1790147100,999,58,1790147342,5.38,0.375,0.64
0.22,3.6,0.28,Down,True,278.0,0.99,0.94,0.96,1.0,0.5691,0.99,0.26,1790147400,999,47,1790147653,0.42,0.349,0.17
-0.51,19.6,-1.3,Down,True,45.0,0.99,0.95,0.99,0.9982,0.7482,0.99,-1.31,1790148000,16.0,59,1790148241,-1.22,0.441,0.67
1.15,31.6,0.0,Up,True,110.0,0.99,0.94,0.95,1.0,0.9923,0.99,-0.87,1790148300,999,50,1790148550,1.35,0.214,2.42
2.15,19.0,2.04,Down,True,862.0,0.99,0.91,0.96,1.0,0.8069,0.99,0.84,1790149200,999,58,1790149442,3.59,0.334,0.87
0.99,61.4,0.54,Up,True,200.0,0.99,0.95,0.95,0.9997,0.8765,0.99,0.29,1790149500,999,59,1790149741,2.0,0.802,1.16
0.09,55.6,0.17,Up,True,107.0,0.99,0.97,0.9633928377,1.0,0.9412,0.99,0.39,1790149800,27800.0,59,1790150041,-0.0,0.537,1.56
1.85,24.0,0.02,Down,True,35.0,0.99,0.96,0.96,1.0,0.8448,0.99,1.04,1790150100,999,55,1790150345,3.74,0.371,1.01
-0.0,49.2,1.32,Up,True,10.0,0.999,0.96,0.95,0.9685,0.9578,0.999,1.25,1790150400,999,56,1790150644,1.63,0.442,1.73
2.15,53.4,1.3,Up,True,178.0,0.99,0.94,0.95,1.0,0.9813,0.99,0.81,1790150700,999,56,1790150944,4.67,0.398,2.08
5.54,21.8,3.56,Down,True,109.0,0.99,0.9486080788,0.97,1.0,0.9058,0.99,2.65,1790151000,999,50,1790151250,5.54,0.272,1.32
-0.0,24.8,-0.5,Down,True,100.0,0.99,0.9488656863,0.96,1.0,0.9653,0.99,-0.0,1790151600,12400.0,56,1790151844,-0.0,0.211,1.82
0.28,51.6,0.17,Down,True,15.0,0.999,0.9869999989,0.984999999,1.0,0.9824,0.999,-0.0,1790151900,999,59,1790152141,0.56,0.37,2.11
0.0,10.0,0.49,Up,True,61.0,0.99,0.96,0.9542307692,0.9364,0.7262,0.99,1.7,1790152200,999,32,1790152468,0.4,0.34,0.6
0.0,14.3,0.0,Up,True,93.0,0.99,0.94,0.95,1.0,0.8318,0.99,0.0,1790152500,999,49,1790152751,0.0,0.247,0.96
0.0,47.4,1.33,Up,True,11.0,0.99,0.9699999981,0.97,1.0,0.9866,0.99,1.16,1790154000,999,59,1790154241,0.0,0.324,2.22
0.45,60.0,0.95,Up,True,10.0,0.99,0.98,0.99,1.0,0.9792,0.99,0.28,1790154300,999,59,1790154541,1.09,0.446,2.04
-0.0,22.6,0.3,Down,True,200.0,0.99,0.94,0.95,0.9982,0.7932,0.99,-0.0,1790154900,999,56,1790155144,0.0,0.431,0.82
0.0,66.9,0.01,Up,True,25.0,0.99,0.99,0.99,1.0,0.9629,0.99,0.22,1790155200,999,59,1790155441,0.0,0.567,1.79
1.42,28.0,1.36,Down,True,33.0,0.99,0.95,0.96,1.0,0.9004,0.99,1.31,1790155800,999,59,1790156041,1.12,0.331,1.28
1.84,12.7,1.28,Down,True,450.0,0.99,0.7185027788,0.96,0.9998,0.8646,0.99,1.04,1790156100,999,19,1790156381,1.65,0.309,1.1
-0.0,27.9,-0.0,Down,True,22.0,0.99,0.9299999999999999,0.95,1.0,0.9529,0.99,-0.34,1790156400,999,59,1790156641,-0.0,0.253,1.67
0.0,21.7,0.53,Up,True,604.0,0.99,0.9299999999999999,0.95,1.0,0.9158,0.99,0.0,1790156700,999,40,1790156960,0.0,0.291,1.38
-1.45,43.6,-0.25,Up,True,100.0,0.99,0.9700000006,0.97,1.0,0.861,0.99,-0.55,1790157300,9.0,58,1790157542,-4.85,0.615,1.08
0.0,30.8,0.0,Up,True,57.0,0.99,0.94,0.95,0.9989,0.8073,0.99,-0.41,1790157600,999,56,1790157844,0.0,0.552,0.87
0.0,35.5,0.03,Down,True,40.0,0.99,0.9699999935,0.97,1.0,0.956,0.99,-0.4,1790157900,999,59,1790158141,0.0,0.315,1.71
1.32,19.7,0.6,Down,True,260.0,0.99,0.84,0.96,0.0574,0.8118,0.99,0.77,1790158200,999,58,1790158442,2.43,0.341,0.88
0.44,1.8,1.68,Down,True,144.0,0.99,0.91,0.96,0.903,0.5373,0.99,1.3,1790158500,999,32,1790158768,0.96,0.402,0.09
-0.0,35.7,0.58,Down,False,39.0,0.99,0.0010000000000000009,0.97,0.0,0.8766,0.001,0.29,1790159400,999,59,1790159641,-0.0,0.468,1.16
0.26,21.1,1.2,Up,True,30.0,0.99,0.95,0.9549230769,1.0,0.7418,0.99,1.18,1790159700,999,56,1790159944,0.72,0.507,0.65
0.0,19.1,-0.66,Up,True,118.0,0.99,0.94,0.95,1.0,0.9539,0.99,-0.36,1790160000,999,37,1790160263,0.0,0.217,1.68
-0.0,10.8,-0.0,Down,True,100.0,0.99,0.94,0.95,0.9999,0.9587,0.99,1.23,1790160300,999,22,1790160578,-0.0,0.154,1.74
-0.0,37.8,0.13,Down,True,23.0,0.99,0.98,0.99,1.0,0.9935,0.99,0.4,1790160600,999,59,1790160841,-0.0,0.231,2.48
-0.0,15.8,-0.21,Down,True,450.0,0.99,0.96,0.96,0.8372,0.7587,0.99,-0.24,1790161500,999,37,1790161763,-0.0,0.432,0.7
1.0,41.1,0.89,Down,True,32.0,0.99,0.969999998,0.97,1.0,0.9207,0.99,0.64,1790162700,999,59,1790162941,1.6,0.443,1.41
0.0,26.9,-0.01,Up,True,70.0,0.99,0.8,0.95,0.7718,0.7655,0.99,-0.48,1790163000,999,58,1790163242,0.0,0.57,0.72
0.43,30.5,-0.36,Down,True,50.0,0.99,0.96,0.97,1.0,0.9131,0.99,0.62,1790163300,999,59,1790163541,0.8,0.342,1.36
2.09,33.9,1.16,Up,True,184.0,0.99,0.6844680000000001,0.95,1.0,0.9329,0.99,1.41,1790163600,999,56,1790163844,4.0,0.354,1.5
0.0,7.3,-0.02,Up,True,88.0,0.99,0.9399999624,0.95,0.9913,0.7824,0.99,0.0,1790164200,999,14,1790164486,0.0,0.292,0.78
-2.96,6.1,-1.63,Up,True,121.0,0.99,0.93,0.95,0.9993,0.8702,0.99,-0.49,1790164500,999,40,1790164760,0.0,0.1,1.13
0.14,54.3,-0.19,Up,True,39.0,0.99,0.97,0.98,1.0,0.9434,0.99,0.45,1790165100,999,59,1790165341,0.0,0.522,1.58
0.48,-4.1,-0.26,Down,True,86.0,0.99,0.928313,0.95,0.0223,0.3353,0.98,-0.0,1790166300,-2050.0,16,1790166584,-0.0,0.281,-0.43
0.4,48.3,0.81,Up,True,13.0,0.999,0.96,0.96,1.0,0.9683,0.999,0.79,1790166600,999,59,1790166841,0.86,0.396,1.86
0.0,7.7,0.44,Up,True,136.0,0.99,0.784,0.95,0.0208,0.7224,0.99,0.0,1790166900,999,29,1790167171,0.0,0.283,0.59
-0.0,42.6,-0.69,Down,True,11.0,0.99,0.97,0.98,1.0,0.9908,0.99,-0.28,1790167200,21300.0,59,1790167441,-0.0,0.275,2.36
-3.22,29.8,-3.19,Down,True,13.0,0.999,0.99,0.99,1.0,0.9159,0.999,-2.18,1790167800,8.0,56,1790168044,-3.75,0.338,1.38
-0.0,16.1,0.0,Up,True,229.0,0.99,0.95,0.95,1.0,0.877,0.99,0.0,1790168100,8050.0,34,1790168366,-0.0,0.278,1.16
0.4,55.4,0.25,Up,True,10.0,0.999,0.98,0.99,1.0,0.8976,0.99,0.76,1790169000,27700.0,59,1790169241,-0.0,0.667,1.27
-0.16,47.6,0.11,Up,True,21.0,0.99,0.98,0.98,1.0,0.9882,0.99,0.62,1790169600,172.5,59,1790169841,-0.28,0.32,2.27
2.75,118.1,2.11,Up,True,13.0,0.99,0.99,0.99,0.9999,0.9895,0.99,1.63,1790170200,999,59,1790170441,4.0,0.778,2.31
1.65,53.1,0.79,Up,True,200.0,0.99,0.9259259259,0.95,1.0,0.8838,0.99,0.54,1790170800,999,58,1790171042,6.07,0.68,1.19
-0.16,35.7,-0.45,Down,True,176.0,0.99,0.85,0.96,0.0069,0.7583,0.99,-0.22,1790171400,999,44,1790171656,1.03,0.896,0.7
1.92,63.0,1.11,Down,True,400.0,0.99,0.84,0.96,0.9964,0.9053,0.99,1.6,1790172000,21.4,59,1790172241,-2.94,0.729,1.31
1.63,49.5,1.63,Down,True,125.0,0.99,0.95,0.95,1.0,0.7574,0.99,1.53,1790173500,999,34,1790173766,7.32,1.447,0.7
1.92,187.2,2.31,Up,True,55.0,0.99,0.96,0.95,1.0,0.9679,0.99,1.84,1790173800,999,56,1790174044,19.26,1.605,1.85
1.16,42.2,1.22,Up,True,200.0,0.99,0.9456409524,0.95,1.0,0.807,0.99,0.71,1790174100,67.8,34,1790174366,-0.62,0.989,0.87
1.22,34.4,0.95,Down,True,183.0,0.99,0.85,0.95,1.0,0.7829,0.99,0.87,1790174400,999,35,1790174665,1.59,0.881,0.78
0.58,95.0,1.79,Down,True,24.0,0.99,0.87,0.95,0.9999,0.9708,0.99,1.23,1790174700,999,58,1790174942,2.8,0.781,1.89
0.25,8.0,0.01,Up,True,279.0,0.99,0.880000001,0.95,0.5237,0.5755,0.99,0.0,1790175300,999,24,1790175576,1.38,1.02,0.19
-0.41,-10.4,-0.65,Up,True,131.0,0.99,0.9523355577,0.95,0.2221,0.2942,0.99,-0.17,1790175600,999,10,1790175890,2.8,0.722,-0.54
0.0,-30.1,-0.01,Up,True,180.0,0.99,0.904403106,0.96,,0.0003,,-0.65,1790176200,999,4,1790176496,0.0,0.511,-3.47
1.21,98.3,0.68,Down,True,100.0,0.99,0.9550487962,0.97,1.0,0.9842,0.99,1.32,1790176500,999,59,1790176741,2.89,0.704,2.15
-0.24,46.0,0.31,Down,True,125.0,0.99,0.95,0.97,1.0,0.9885,0.99,0.39,1790176800,999,13,1790177087,0.2,0.664,2.27
1.13,108.1,0.86,Down,True,87.0,0.99,0.98,0.99,1.0,0.9992,0.99,0.94,1790177100,999,59,1790177341,3.06,0.527,3.16
0.28,52.2,0.44,Down,True,100.0,0.99,0.9180064311,0.96,1.0,0.954,0.99,0.92,1790178000,999,47,1790178253,2.4,0.536,1.69
1.1,89.3,0.78,Down,True,329.0,0.99,0.98,0.98,1.0,0.9215,0.99,-0.58,1790178900,999,59,1790179141,0.1,0.977,1.42
0.94,50.0,0.65,Up,True,200.0,0.99,0.91,0.95,1.0,0.9133,0.99,1.37,1790179800,999,42,1790180058,3.4,0.672,1.36
0.9,36.0,0.37,Down,True,194.0,0.99,0.9299999816,0.95,0.9995,0.8561,0.99,0.44,1790180100,999,48,1790180352,2.8,0.581,1.06
0.55,78.0,0.49,Down,True,124.0,0.99,0.9399999624,0.98,1.0,0.9672,0.99,-0.0,1790180400,999,60,1790180640,0.22,0.649,1.84
1.81,37.6,1.44,Down,True,48.0,0.99,0.94,0.95,0.0206,0.8752,0.99,1.03,1790180700,999,57,1790180943,2.04,0.514,1.15
1.62,77.7,1.83,Up,True,21.0,0.999,0.97,0.9799991964,1.0,0.9895,0.999,0.95,1790181000,143.4,60,1790181240,-0.54,0.516,2.31
-1.14,29.8,-1.12,Up,True,187.0,0.99,0.8599999983,0.95,0.5466,0.8192,0.99,-1.06,1790181600,13.8,53,1790181847,-2.16,0.533,0.91
0.42,46.9,0.1,Up,True,460.0,0.99,0.8,0.95,0.9894,0.8518,0.99,0.37,1790182200,999,45,1790182455,1.8,0.798,1.04
0.11,67.4,-0.0,Down,True,21.0,0.99,0.99,0.99,1.0,0.9829,0.99,0.3,1790184300,999,59,1790184541,0.11,0.492,2.12
1.14,34.9,1.15,Down,True,93.0,0.99,0.97,0.97,1.0,0.9328,0.99,0.86,1790184600,999,38,1790184862,2.72,0.45,1.5
-0.0,17.5,0.78,Down,True,2225.0,0.99,0.9284315235,0.95,0.787,0.7712,0.99,0.75,1790184900,8750.0,34,1790185166,-0.0,0.48,0.74
-0.12,54.8,-0.4,Up,True,10.0,0.999,0.98,0.99,1.0,0.9251,0.999,-0.29,1790185500,999,59,1790185741,0.15,0.588,1.44
2.58,41.0,1.11,Down,True,1202.0,0.99,0.33284,0.95,0.9991,0.9754,0.99,1.58,1790185800,999,46,1790186054,1.56,0.365,1.97
1.68,18.5,3.03,Up,True,690.0,0.99,0.9583170267,0.95,0.8927,0.8061,0.99,1.3,1790186100,999,37,1790186363,2.38,0.417,0.86
2.3,48.6,2.22,Down,True,51.0,0.99,0.94,0.95,1.0,0.9765,0.99,0.28,1790187000,999,53,1790187247,4.88,0.399,1.99
2.56,46.1,2.04,Up,True,144.0,0.99,0.9699999961,0.95,1.0,0.9651,0.99,1.93,1790187300,999,37,1790187563,6.75,0.495,1.81
-2.21,35.3,-2.07,Down,True,20.0,0.99,0.85,0.98,1.0,0.9195,0.99,-1.44,1790187600,9.0,59,1790187841,-3.9,0.39,1.4
-0.0,18.7,-0.45,Down,True,38.0,0.99,0.9,0.95,1.0,0.8336,0.99,-0.0,1790187900,9350.0,46,1790188154,-0.0,0.337,0.97
-0.0,24.3,-0.3,Down,True,467.0,0.99,0.9069364162,0.96,0.9995,0.7917,0.99,-0.6,1790188200,12150.0,43,1790188457,-0.0,0.542,0.81
-0.0,17.2,0.75,Down,True,211.0,0.99,0.94,0.95,0.8726,0.8569,0.99,0.73,1790188500,999,35,1790188765,0.0,0.324,1.07
0.41,43.6,-0.45,Up,True,467.0,0.99,0.98,0.99,1.0,0.9668,0.99,0.0,1790189100,999,59,1790189341,0.8,0.367,1.84
-2.08,-11.3,-1.32,Up,False,90.0,0.9099999978,0.01,0.95,0.0,0.2834,0.01,-0.75,1790189700,-3.1,50,1790189950,-3.68,0.331,-0.57
-0.0,55.6,0.54,Down,True,50.0,0.99,0.97,0.99,1.0,0.972,0.99,0.58,1790190000,999,59,1790190241,0.0,0.45,1.91
0.0,43.4,0.46,Up,True,37.0,0.99,0.9786495536,0.9799991964,1.0,0.9444,0.99,0.32,1790190300,999,59,1790190541,0.0,0.421,1.59
-0.78,1.0,-0.73,Down,True,59.0,0.99,0.850000002,0.96,0.9969,0.5241,0.99,-0.0,1790190900,999,43,1790191157,0.0,0.289,0.06
0.87,19.8,2.21,Down,True,2481.0,0.99,0.9507341525,0.96,0.9993,0.8328,0.99,1.44,1790191500,999,38,1790191762,1.82,0.394,0.97
1.39,20.4,0.29,Down,True,467.0,0.99,0.94,0.95,0.9989,0.8707,0.99,0.92,1790192100,999,37,1790192363,1.26,0.352,1.13
0.0,6.0,0.0,Up,True,1873.0,0.99,0.95,0.95,0.0579,0.7138,0.99,0.0,1790192400,999,22,1790192678,0.0,0.269,0.56
-4.73,27.1,-2.14,Down,True,25.0,0.99,0.8200000000000001,0.96,1.0,0.8545,0.99,-1.69,1790193000,5.6,59,1790193241,-4.8,0.396,1.06
3.2,38.9,2.49,Down,True,130.0,0.99,0.8600000037,0.95,0.7843,0.9294,0.99,2.75,1790193300,999,53,1790193547,6.16,0.43,1.47
0.0,32.9,-0.0,Down,True,50.0,0.99,0.95,0.96,1.0,0.9795,0.99,0.39,1790194200,999,58,1790194442,-0.0,0.251,2.04
0.48,4.7,0.1,Down,True,100.0,0.99,0.9400000001,0.96,0.9912,0.6353,0.99,0.32,1790194500,999,25,1790194775,-0.0,0.325,0.35
-0.21,41.5,-0.0,Down,True,147.0,0.99,0.97,0.99,1.0,0.9961,0.99,-0.41,1790194800,153.7,59,1790195041,-0.27,0.241,2.66
3.0,29.0,4.08,Down,True,100.0,0.99,0.96,0.97,0.9512,0.9769,0.99,1.65,1790195100,999,59,1790195341,3.6,0.225,1.99
2.23,38.4,1.92,Up,True,300.0,0.99,0.96,0.9579651163,1.0,0.9944,0.99,2.73,1790195700,999,55,1790195945,2.88,0.242,2.54
-0.0,41.9,-0.76,Up,True,100.0,0.99,0.9300000019,0.95,1.0,0.9992,0.99,-0.44,1790196000,10475.0,59,1790196241,-0.0,0.206,3.14
0.0,30.8,1.08,Down,True,10.0,0.99,0.97,0.98,1.0,0.9617,0.99,2.23,1790196600,999,59,1790196841,0.0,0.269,1.77
0.0,4.7,-0.3,Up,True,236.0,0.99,0.9265273135000001,0.95,1.0,0.665,0.99,-0.39,1790197500,999,28,1790197772,0.0,0.249,0.43
0.0,51.7,0.03,Up,True,26.0,0.99,0.99,0.99,1.0,0.9976,0.99,0.0,1790197800,999,59,1790198041,0.0,0.283,2.82
-0.0,18.5,1.12,Down,True,40.0,0.99,0.94,0.95,1.0,0.9463,0.99,-0.0,1790198100,999,58,1790198342,0.0,0.178,1.61
0.0,24.4,0.0,Up,True,50.0,0.99,0.97,0.97,1.0,0.9235,0.99,-0.26,1790198700,999,59,1790198941,0.0,0.264,1.43
-0.0,12.6,0.04,Up,True,36.0,0.99,0.9300000006,0.95,1.0,0.8757,0.99,0.0,1790199000,999,49,1790199251,0.0,0.184,1.15
1.01,10.8,-0.04,Up,True,176.0,0.99,0.46,0.95,0.7823,0.819,0.99,1.51,1790199600,999,55,1790199845,0.4,0.189,0.91
-0.0,3.7,0.33,Down,True,60.0,0.99,0.94,0.95,0.9997,0.7329,0.99,0.47,1790200200,999,25,1790200475,-0.0,0.142,0.62
-0.4,12.9,-0.75,Down,True,20.0,0.99,0.7,0.96,1.0,0.79,0.99,-0.42,1790200500,24.2,59,1790200741,-0.53,0.246,0.81
-0.37,44.5,0.23,Down,True,84.0,0.99,0.99,0.99,1.0,0.989,0.99,-0.87,1790200800,999,59,1790201041,1.04,0.3,2.29
1.18,18.6,1.5,Down,True,176.0,0.99,0.94,0.95,1.0,0.8439,0.99,1.22,1790201400,999,44,1790201656,1.27,0.328,1.01
-0.0,44.7,0.68,Down,True,29.0,0.99,0.99,0.99,1.0,0.999,0.99,0.91,1790201700,999,59,1790201941,-0.0,0.223,3.09
2.26,15.2,-0.27,Down,True,100.0,0.99,0.8546261973,0.95,1.0,0.9327,0.99,1.61,1790202300,999,59,1790202541,0.62,0.156,1.5
-0.31,54.5,-0.36,Down,True,63.0,0.999,0.976,0.987,1.0,0.9998,0.999,-0.68,1790202600,999,59,1790202841,-0.0,0.241,3.49
0.13,11.7,1.21,Up,True,100.0,0.99,0.91,0.95,1.0,0.8189,0.99,1.05,1790202900,999,52,1790203148,0.14,0.21,0.91
-0.0,-6.0,0.26,Down,True,238.0,0.99,0.94,0.95,0.151,0.3314,0.99,1.07,1790203800,999,28,1790204072,-0.0,0.31,-0.44
1.26,12.8,1.32,Down,True,280.0,0.99,0.96,0.97,1.0,0.9604,0.99,0.47,1790204100,999,59,1790204341,0.75,0.112,1.76
-1.86,36.3,-1.59,Down,True,76.0,0.999,0.5561,0.9898866885,0.0518,0.9583,0.999,-1.01,1790204400,11.3,59,1790204641,-3.2,0.323,1.73
-0.54,26.7,1.62,Down,True,22.0,0.99,0.96,0.9504950194,1.0,0.9438,0.99,-0.0,1790204700,41.3,59,1790204941,-0.65,0.259,1.59
5.23,36.5,4.5,Down,True,67.0,0.99,0.95,0.99,1.0,0.9981,0.99,2.7,1790205000,999,47,1790205253,6.06,0.217,2.9
-0.0,32.8,-0.0,Down,True,107.0,0.99,0.97,0.98,1.0,0.9877,0.99,-0.0,1790205300,16400.0,59,1790205541,-0.0,0.225,2.25
-0.0,19.2,0.77,Down,True,31.0,0.99,0.94,0.97,1.0,0.9908,0.99,0.91,1790205600,999,56,1790205844,0.0,0.129,2.36
0.0,23.9,0.0,Up,True,50.0,0.99,0.96,0.96,1.0,1.0,0.99,0.47,1790205900,999,59,1790206141,0.0,0.086,4.3
3.72,8.7,4.04,Up,True,320.0,0.99,0.96,0.95,0.9806,0.7827,0.99,1.86,1790206200,999,35,1790206465,2.42,0.222,0.78
0.51,9.0,0.16,Up,True,123.0,0.99,0.97,0.95,1.0,0.7382,0.99,0.77,1790206500,999,43,1790206757,0.7,0.255,0.64
-0.0,43.3,-0.0,Down,True,10.0,0.99,0.98,0.99,1.0,0.9877,0.99,-0.0,1790207100,21650.0,59,1790207341,-0.0,0.297,2.25
0.0,0.2,0.04,Down,True,765.0,0.99,0.94999962,0.95,0.5209,0.5093,0.99,-0.0,1790207700,999,28,1790207972,-0.0,0.215,0.02
-1.15,34.6,-0.72,Down,True,7.0,0.99,0.96,0.96,1.0,0.9493,0.99,-1.33,1790208600,999,59,1790208841,-0.0,0.326,1.64
-0.0,16.1,0.62,Down,True,231.0,0.99,0.76,0.97,1.0,0.8585,0.99,0.36,1790209500,8050.0,44,1790209756,-0.0,0.267,1.07
-2.81,23.9,-2.46,Up,True,10.0,0.99,0.8100000038,0.95,0.98,0.7965,0.99,-2.69,1790209800,22.7,59,1790210041,-1.05,0.445,0.83
1.28,34.8,-0.33,Up,True,400.0,0.99,0.9403147572,0.95,1.0,0.9112,0.99,0.0,1790210400,999,59,1790210641,1.39,0.398,1.35
1.03,48.1,0.28,Down,True,45.0,0.99,0.98,0.99,1.0,0.9787,0.99,0.64,1790210700,999,59,1790210941,1.14,0.367,2.03
0.85,20.4,0.23,Down,True,467.0,0.99,0.9399999624,0.95,1.0,0.7952,0.99,0.31,1790211600,999,44,1790211856,2.0,0.443,0.82
1.39,22.5,1.04,Down,True,106.0,0.99,0.94,0.95,1.0,0.8265,0.99,0.73,1790211900,999,55,1790212145,2.84,0.383,0.94
1.94,16.8,1.79,Up,True,840.0,0.99,0.8588060444,0.95,1.0,0.9258,0.99,0.84,1790212200,999,40,1790212460,2.25,0.218,1.45
0.7,16.1,0.78,Up,True,2011.0,0.999,0.7838195425,0.95,1.0,0.7864,0.999,0.53,1790212500,999,31,1790212769,1.6,0.431,0.79
1.0,31.7,0.82,Up,True,1007.0,0.99,0.9220109934,0.95,0.9961,0.9408,0.99,0.31,1790212800,999,34,1790213066,2.2,0.412,1.56
0.0,32.4,-0.02,Down,True,50.0,0.99,0.96,0.97,1.0,0.8979,0.99,-0.0,1790213100,999,59,1790213341,0.0,0.394,1.27
1.57,44.0,2.06,Up,True,50.0,0.99,0.99,0.99,1.0,0.9804,0.99,2.27,1790213400,22000.0,59,1790213641,-0.0,0.329,2.06
0.58,50.5,0.12,Down,True,103.0,0.99,0.98,0.99,1.0,0.8873,0.99,-0.44,1790213700,999,59,1790213941,-0.0,0.644,1.21
2.45,42.1,1.01,Up,True,147.0,0.99,0.9537591737,0.95,1.0,0.9811,0.99,1.67,1790214600,999,56,1790214844,4.2,0.322,2.08
-0.0,23.9,0.31,Down,True,100.0,0.99,0.94,0.97,1.0,0.8463,0.99,1.41,1790214900,999,52,1790215148,0.47,0.386,1.02
1.18,76.1,0.95,Down,True,27.0,0.999,0.99,0.99,1.0,0.9894,0.99,0.51,1790215200,999,59,1790215441,3.2,0.511,2.3
2.53,40.5,2.28,Up,True,467.0,0.99,0.9578915455,0.9522864783,1.0,0.9752,0.99,1.02,1790216700,999,56,1790216944,4.4,0.327,1.96
0.0,5.8,2.01,Up,True,302.0,0.99,0.24185,0.95,0.4875,0.7201,0.99,1.23,1790217300,999,17,1790217583,0.0,0.288,0.58
0.0,39.1,1.45,Up,True,28.0,0.99,0.74,0.98,1.0,0.9998,0.99,1.35,1790217900,999,59,1790218141,0.0,0.17,3.55
0.0,13.4,1.14,Up,True,160.0,0.99,0.96,0.96,0.9997,0.8445,0.99,-0.34,1790218200,999,35,1790218465,0.0,0.265,1.01
0.0,13.2,-1.38,Up,True,355.0,0.99,0.8396207512,0.95,0.7653,0.9477,0.99,-0.72,1790218500,6600.0,34,1790218766,-0.0,0.166,1.62
-0.0,34.0,-0.9,Down,True,27.0,0.99,0.780000022,0.9699999981,1.0,0.9553,0.99,-0.56,1790219700,17000.0,60,1790219940,-0.0,0.307,1.7
-1.35,48.8,-1.67,Down,True,25.0,0.99,0.923591213,0.98,1.0,0.9555,0.99,-0.79,1790220900,30.5,59,1790221141,-1.6,0.445,1.7
-0.0,46.1,-0.0,Down,True,22.0,0.99,0.98,0.99,1.0,0.995,0.99,0.4,1790221500,23050.0,58,1790221742,-0.0,0.28,2.57
-1.16,8.2,-0.0,Down,True,43.0,0.99,0.42000001340000004,0.96,0.0023,0.7601,0.61,0.42,1790222100,5.1,28,1790222372,-1.6,0.26,0.71
1.43,42.3,0.61,Up,True,70.0,0.999,0.9699998448,0.9699998448,1.0,0.9609,0.999,0.98,1790222700,999,60,1790222940,2.8,0.37,1.76
-0.41,39.8,0.02,Down,True,258.0,0.99,0.66,0.96,0.4778,0.9391,0.99,-0.0,1790223300,999,54,1790223546,-0.0,0.418,1.55
-0.0,25.1,-0.6,Down,True,87.0,0.99,0.94999962,0.96,1.0,0.9776,0.99,-0.93,1790224200,999,57,1790224443,-0.0,0.197,2.01
-0.0,31.1,-0.0,Down,True,25.0,0.99,0.97,0.98,1.0,0.9893,0.99,-0.47,1790224500,999,60,1790224740,-0.0,0.208,2.3
0.0,24.9,0.51,Down,True,62.0,0.99,0.94,0.95,1.0,0.9434,0.99,-0.0,1790226900,999,55,1790227145,-0.0,0.252,1.58
1.92,17.6,1.78,Down,True,100.0,0.99,0.8818181893,0.95,1.0,0.9557,0.99,3.35,1790227200,999,28,1790227472,2.0,0.232,1.7
-0.0,10.6,0.0,Up,True,100.0,0.99,0.92,0.95,0.7838,0.7725,0.99,0.0,1790227500,999,48,1790227752,0.0,0.243,0.75
0.23,31.2,0.53,Up,True,100.0,0.99,0.97,0.9799996766,0.8745,0.9247,0.99,0.0,1790228400,999,60,1790228640,0.0,0.333,1.44
1.16,19.1,1.19,Down,True,37.0,0.99,0.9043303849,0.9699999998,1.0,0.8747,0.99,1.04,1790228700,999,60,1790228940,1.47,0.255,1.15
0.0,12.5,0.36,Up,True,47.0,0.99,0.94,0.95,0.2673,0.8124,0.99,0.0,1790229000,999,31,1790229269,0.0,0.301,0.89
1.14,26.6,1.08,Up,True,612.0,0.99,0.7529036005,0.95,1.0,0.8738,0.99,0.75,1790229600,999,36,1790229864,1.6,0.461,1.14
0.48,42.1,0.66,Up,True,41.0,0.99,0.9189876819,0.9699999961,0.9843,0.9858,0.99,0.0,1790230200,999,58,1790230442,0.76,0.3,2.19
-0.1,60.8,0.32,Up,True,187.0,0.99,0.9791666667,0.98,1.0,0.9951,0.99,0.59,1790230500,999,60,1790230740,0.0,0.361,2.58
0.71,3.6,-0.02,Down,True,187.0,0.99,0.7700000483,0.95,0.0001,0.5883,0.99,0.31,1790231400,999,45,1790231655,0.34,0.284,0.22
0.0,23.7,-0.41,Up,True,226.0,0.99,0.93,0.95,1.0,0.9723,0.99,0.39,1790231700,999,34,1790231966,0.0,0.252,1.92
0.0,14.4,1.09,Up,True,116.0,0.99,0.78,0.95,1.0,0.9303,0.99,0.0,1790232000,7200.0,37,1790232263,-0.0,0.19,1.48
-2.48,56.8,-2.15,Down,True,103.0,0.999,0.99,0.99,1.0,0.9894,0.999,-1.21,1790232300,999,57,1790232543,-0.0,0.387,2.31
0.03,35.6,-0.36,Down,True,144.0,0.99,0.98,0.98,1.0,0.9869,0.99,-0.76,1790232600,999,60,1790232840,0.0,0.246,2.22
-1.07,4.4,-0.17,Up,True,124.0,0.99,0.95,0.95,0.1282,0.6585,0.99,-0.42,1790232900,999,39,1790233161,0.0,0.204,0.41
1.72,26.8,1.32,Down,True,401.0,0.99,0.91,0.95,0.5663,0.9414,0.99,1.51,1790233800,999,51,1790234049,1.28,0.285,1.57
0.82,0.9,0.67,Up,True,310.0,0.99,0.96,0.95,0.875,0.5325,0.99,-0.35,1790234400,999,34,1790234666,0.41,0.226,0.08
-0.56,58.5,-0.0,Down,True,99.0,0.99,0.96,0.99,1.0,0.9714,0.99,-0.64,1790235300,41.3,60,1790235540,-1.42,0.47,1.9
0.51,53.6,0.02,Up,True,343.0,0.99,0.99,0.99,0.9989,0.9736,0.99,0.0,1790235900,999,60,1790236140,0.0,0.424,1.94
1.07,20.7,0.81,Up,True,280.0,0.99,0.89,0.95,0.9844,0.7368,0.99,0.61,1790236800,999,48,1790237052,3.19,0.557,0.63
4.53,72.9,4.4,Down,True,472.0,0.99,0.8197343479,0.97,0.9998,0.9814,0.99,3.03,1790237100,999,57,1790237343,11.47,0.549,2.08
-0.76,36.9,-0.97,Down,True,60.0,0.99,0.85635,0.97,1.0,0.86,0.99,-1.28,1790237700,17.5,60,1790237940,-2.11,0.522,1.08
0.22,73.4,0.38,Up,False,12.0,0.99,0.5235206114,0.9699998832,0.0,0.8835,0.97,0.44,1790238600,999,60,1790238840,1.11,0.946,1.19
0.26,18.5,0.23,Down,True,88.0,0.99,0.9399999937,0.95,0.9854,0.6596,0.99,0.86,1790238900,999,40,1790239160,1.17,0.847,0.41
0.07,56.9,0.46,Down,True,100.0,0.99,0.9229419033,0.95,0.7942,0.6872,0.99,0.85,1790239800,999,57,1790240043,5.12,1.85,0.49
0.24,106.7,0.86,Up,True,52.0,0.99,0.97,0.9799991964,1.0,0.9955,0.99,0.31,1790240100,999,60,1790240340,1.16,0.632,2.61
1.0,43.8,0.58,Down,True,54.0,0.99,0.96,0.97,1.0,0.8969,0.99,0.49,1790240400,999,60,1790240640,1.69,0.535,1.26
2.03,62.2,1.22,Up,True,100.0,0.99,0.96,0.9507255742,1.0,0.9509,0.99,1.37,1790240700,999,57,1790240943,3.6,0.596,1.65
-1.87,32.4,-1.81,Down,True,100.0,0.99,0.95,0.97,0.3973,0.8212,0.99,-1.44,1790241300,8.3,60,1790241540,-3.91,0.546,0.92
-0.54,-7.1,-0.58,Down,True,59.0,0.99,0.8162068529,0.96,0.998,0.3889,0.99,-0.0,1790241600,-5.9,52,1790241848,-1.2,0.417,-0.28
0.28,10.9,0.08,Down,True,364.0,0.99,0.8396774194000001,0.95,0.9887,0.6283,0.99,0.25,1790241900,6.9,55,1790242145,-1.59,0.539,0.33
0.15,38.0,0.71,Down,True,100.0,0.99,0.94,0.95,0.269,0.7938,0.99,0.67,1790243100,999,60,1790243340,-0.0,0.72,0.82
0.86,12.1,0.23,Up,True,280.0,0.99,0.87,0.95,0.995,0.6867,0.99,0.62,1790243700,999,48,1790243952,2.27,0.43,0.49
0.6,70.3,0.01,Up,True,80.0,0.99,0.99,0.99,1.0,0.9805,0.99,0.62,1790244900,999,60,1790245140,1.65,0.528,2.06
1.75,71.3,1.8,Down,True,100.0,0.99,0.55,0.98,1.0,0.9861,0.99,1.23,1790245200,999,60,1790245440,2.26,0.502,2.2
1.09,87.3,0.6,Down,True,250.0,0.99,0.98,0.99,0.9421,0.9555,0.99,1.07,1790245500,109.1,60,1790245740,-0.8,0.796,1.7
0.56,12.9,-0.29,Up,True,100.0,0.99,0.94,0.95,0.9879,0.6818,0.99,0.51,1790245800,999,36,1790246064,1.06,0.545,0.47
0.0,52.2,0.46,Up,True,27.0,0.99,0.99,0.99,1.0,0.9785,0.99,0.0,1790246100,999,60,1790246340,0.0,0.4,2.02
0.0,45.7,-0.09,Up,True,20.0,0.999,0.99,0.98,1.0,0.9828,0.999,0.0,1790246400,999,60,1790246640,0.0,0.335,2.12
1.25,10.0,0.68,Up,True,100.0,0.99,0.95,0.9591547147,1.0,0.7441,0.99,1.22,1790246700,999,57,1790246943,1.6,0.242,0.66
-0.0,19.5,0.0,Up,True,57.0,0.99,0.95,0.95,0.702,0.6776,0.99,0.0,1790247000,999,60,1790247240,0.0,0.653,0.46
0.0,-13.0,0.0,Up,True,187.0,0.99,0.9567685714,0.95,0.1007,0.1213,0.99,0.4,1790247300,999,13,1790247587,0.0,0.371,-1.17
3.48,33.8,2.16,Up,True,100.0,0.99,0.94,0.9557766,1.0,0.8938,0.99,1.74,1790248200,999,55,1790248445,8.04,0.438,1.25
1.34,28.3,1.45,Down,True,97.0,0.99,0.9380530976,0.9544957047,0.9946,0.8798,0.99,1.02,1790248500,999,33,1790248767,3.57,0.503,1.17
1.18,20.9,0.49,Up,True,83.0,0.99,0.92,0.96,1.0,0.9281,0.99,0.0,1790248800,999,60,1790249040,0.0,0.22,1.46
0.0,46.3,0.03,Down,True,36.0,0.99,0.99,0.99,1.0,0.9993,0.99,0.44,1790249100,999,60,1790249340,0.0,0.225,3.18
-3.39,40.2,-1.54,Down,True,25.0,0.99,0.94,0.99,1.0,0.9954,0.99,-2.4,1790249400,9.0,55,1790249645,-4.46,0.249,2.61
-0.0,52.9,-0.0,Down,True,10.0,0.99,0.99,0.99,1.0,0.9979,0.99,1.07,1790249700,26450.0,58,1790249942,-0.0,0.291,2.86
0.25,19.6,0.79,Down,True,94.0,0.99,0.92,0.97,0.8102,0.8643,0.99,-0.0,1790250000,999,60,1790250240,0.19,0.276,1.1
-0.0,4.3,-0.0,Down,True,280.0,0.99,0.9,0.96,0.795,0.6094,0.99,0.36,1790250300,999,44,1790250556,-0.0,0.279,0.28
-0.0,21.8,0.25,Down,False,33.0,0.98,0.010000000000000009,0.97,0.2818,0.7259,0.01,1.07,1790250600,10900.0,56,1790250844,-0.0,0.581,0.6
0.0,18.1,-0.5,Up,True,149.0,0.99,0.95,0.95,1.0,0.849,0.99,-0.48,1790250900,999,50,1790251150,0.0,0.297,1.03
-0.96,7.5,-1.48,Down,True,400.0,0.99,0.32999999999999996,0.95,0.0544,0.6594,0.33,-0.73,1790251800,18.8,27,1790252073,-0.4,0.419,0.41
0.09,18.7,-1.0,Up,True,28.0,0.99,0.74,0.95,0.7134,0.7591,0.99,-1.08,1790252100,23.4,51,1790252349,-0.8,0.445,0.7
2.3,21.9,1.38,Down,True,285.0,0.99,0.85,0.96,0.9639,0.8475,0.99,0.66,1790253300,999,50,1790253550,4.4,0.363,1.03
-1.1,25.4,-2.22,Up,False,300.0,0.98,0.01,0.95,0.001,0.8727,0.02,-0.38,1790253900,12.7,60,1790254140,-2.0,0.345,1.14
0.8,49.8,-0.59,Down,True,45.0,0.99,0.95,0.99,0.7167,0.991,0.99,-0.0,1790254200,999,60,1790254440,0.0,0.326,2.36
-0.16,6.3,-0.76,Down,True,48.0,0.99,0.95,0.96,1.0,0.6186,0.99,-0.63,1790255100,3150.0,25,1790255375,-0.0,0.498,0.3
2.22,27.3,1.49,Up,True,514.0,0.99,0.94,0.9577923164,0.9999,0.8981,0.99,0.72,1790255400,999,57,1790255643,3.2,0.34,1.27
-1.24,45.5,-0.96,Down,True,26.0,0.99,0.95,0.96,1.0,0.9033,0.99,-0.58,1790256000,12.9,60,1790256240,-3.54,0.538,1.3
0.81,28.1,1.7,Down,True,75.0,0.99,0.94,0.97,1.0,0.8716,0.99,1.73,1790256300,999,40,1790256560,2.0,0.467,1.13
1.17,50.0,1.09,Down,True,187.0,0.99,0.88,0.9699999981,1.0,0.8543,0.99,0.74,1790257500,999,37,1790257763,3.77,0.928,1.06
0.57,39.0,0.17,Up,True,1945.0,0.99,0.8611570305,0.95,1.0,0.8547,0.99,0.46,1790257800,83.7,31,1790258069,-0.47,0.79,1.06
1.76,41.6,1.75,Down,True,165.0,0.99,0.9558668365,0.97,0.9993,0.8863,0.99,1.21,1790258400,999,32,1790258668,6.8,0.724,1.21
-1.3,73.9,-1.37,Up,True,20.0,0.99,0.99,0.99,1.0,0.9436,0.99,-1.03,1790258700,17.1,56,1790258944,-4.32,0.739,1.59
-0.0,46.4,0.24,Down,True,11.0,0.99,0.94,0.97,0.9973,0.8774,0.99,0.43,1790259000,171.9,59,1790259241,-0.27,0.617,1.16
1.31,62.6,1.53,Up,True,321.0,0.99,0.92,0.969999998,1.0,0.9429,0.99,1.07,1790259300,999,56,1790259544,4.8,0.628,1.58
0.64,37.9,1.1,Up,True,100.0,0.99,0.83,0.95,1.0,0.8367,0.99,-0.92,1790259600,999,55,1790259845,0.65,0.618,0.98
0.89,115.5,1.25,Down,True,25.0,0.99,0.99,0.99,1.0,0.9523,0.99,1.11,1790260200,999,60,1790260440,3.47,1.054,1.67
1.66,48.8,1.29,Down,True,187.0,0.999,0.94,0.96,0.9998,0.8349,0.999,2.09,1790260800,999,60,1790261040,3.42,0.766,0.97
0.97,78.6,0.5,Down,True,48.0,0.99,0.9700000001,0.98,0.9733,0.8528,0.99,0.17,1790261700,125.6,60,1790261940,-0.63,1.156,1.05
2.91,124.7,2.1,Up,True,222.0,0.99,0.9792656588,0.9666281237,1.0,0.9568,0.99,1.78,1790262000,999,46,1790262254,16.25,1.281,1.71
1.32,8.9,2.0,Up,True,100.0,0.99,0.9516054056,0.9599998604,0.915,0.6539,0.99,2.4,1790262600,999,12,1790262888,2.85,0.771,0.4
0.8,69.7,0.42,Up,True,34.0,0.999,0.9757489532,0.95,1.0,0.875,0.999,0.0,1790262900,999,60,1790263140,5.63,0.932,1.15
1.76,7.7,1.69,Up,True,121.0,0.99,0.9300000002,0.95,1.0,0.6032,0.99,-0.76,1790264400,999,46,1790264654,4.8,0.512,0.26
1.66,92.9,1.6,Down,True,100.0,0.99,0.98,0.99,1.0,0.9959,0.99,1.97,1790264700,999,60,1790264940,0.71,0.537,2.64
-1.99,28.4,-1.71,Up,True,25.0,0.99,0.97,0.9699999992,1.0,0.7675,0.99,-1.21,1790265000,11.8,60,1790265240,-2.4,0.595,0.73
0.0,-19.6,0.45,Up,True,96.0,0.99,0.96,0.9651681751,0.0433,0.1909,0.99,0.84,1790265300,999,40,1790265560,0.0,0.419,-0.87
0.97,53.2,1.26,Down,True,85.0,0.99,0.8899974176,0.96,1.0,0.9776,0.99,1.27,1790265900,999,46,1790266154,1.06,0.464,2.01
-1.34,56.7,-1.12,Up,True,12.0,0.99,0.96,0.99,0.6976,0.7809,0.99,-0.71,1790266800,28.4,60,1790267040,-2.0,1.116,0.78
0.77,53.1,0.35,Up,False,31.0,0.99,0.001,0.95,0.0,0.8731,0.001,0.21,1790268000,999,58,1790268242,0.0,0.721,1.14
0.98,34.5,0.14,Up,True,58.0,0.99,0.91,0.95,0.9433,0.818,0.99,1.22,1790268300,999,43,1790268557,3.47,0.686,0.91
-0.34,31.6,0.15,Up,True,38.0,0.99,0.9169435215,0.95,0.9639,0.8607,0.99,0.0,1790268900,37.3,55,1790269145,-0.85,0.465,1.08
2.12,50.6,2.89,Down,True,200.0,0.99,0.9300000002,0.95,1.0,0.8549,0.99,1.37,1790269200,999,49,1790269451,2.77,0.809,1.06
0.0,19.4,-0.02,Up,True,230.0,0.99,0.9100000072,0.95,0.9999,0.7826,0.99,-0.43,1790269500,999,34,1790269766,0.0,0.504,0.78
-2.14,37.8,-1.71,Down,True,183.0,0.99,0.85,0.96,0.3616,0.82,0.99,-1.06,1790269800,9.4,60,1790270040,-4.0,0.631,0.92
-0.0,23.4,0.7,Down,True,220.0,0.99,0.8084714549,0.96,1.0,0.7428,0.99,0.63,1790270100,1063.6,55,1790270345,-0.02,0.572,0.65
-0.16,51.4,-0.38,Up,True,45.0,0.99,0.97,0.9766845335,1.0,0.9497,0.99,-0.29,1790270700,42.9,60,1790270940,-1.2,0.479,1.64
-0.71,33.3,-0.14,Up,True,71.0,0.99,0.83,0.95,0.0806,0.875,0.99,0.26,1790271000,19.1,55,1790271245,-1.75,0.463,1.15
1.56,27.8,2.02,Up,True,237.0,0.99,0.97,0.96,0.9999,0.8773,0.99,1.59,1790272500,999,37,1790272763,3.89,0.468,1.16
0.86,36.8,0.48,Up,True,51.0,0.99,0.96,0.9660783657,1.0,0.9297,0.99,1.04,1790273400,999,60,1790273640,1.75,0.383,1.47
2.01,19.0,1.35,Up,True,100.0,0.99,0.95,0.95,0.9993,0.89,0.99,0.62,1790274000,999,28,1790274272,3.72,0.347,1.23
0.63,26.4,2.24,Down,True,100.0,0.99,0.8614907304,0.95,0.7952,0.9409,0.99,0.67,1790275500,999,55,1790275745,0.9,0.27,1.56
-0.38,27.2,-0.24,Up,True,15.0,0.99,0.7700000005000001,0.95,0.9999,0.7794,0.99,-0.25,1790275800,24.5,60,1790276040,-1.11,0.54,0.77
2.99,46.2,2.06,Down,True,130.0,0.99,0.97,0.98,0.1994,0.9622,0.99,3.1,1790277300,999,46,1790277554,6.81,0.453,1.78
0.7,49.3,0.68,Up,True,28.0,0.99,0.96,0.95,1.0,0.9599,0.99,0.93,1790277600,999,60,1790277840,1.6,0.43,1.75
2.14,22.7,1.86,Up,True,135.0,0.99,0.9499999208,0.95,1.0,0.9317,0.99,0.76,1790277900,999,52,1790278148,0.02,0.25,1.49
-0.42,33.9,-0.22,Down,True,23.0,0.99,0.96,0.98,1.0,0.929,0.99,-0.59,1790278200,999,60,1790278440,-0.0,0.353,1.47
0.21,15.2,-0.02,Up,True,228.0,0.99,0.94,0.9576059846,1.0,0.7645,0.99,-0.23,1790279100,999,51,1790279349,0.4,0.349,0.72
2.49,32.1,2.43,Up,True,165.0,0.99,0.94,0.95,1.0,0.9166,0.99,1.14,1790279400,999,58,1790279642,1.6,0.361,1.38
1.94,37.5,0.47,Up,True,126.0,0.99,0.942856966,0.95,0.8123,0.8829,0.99,0.79,1790280000,999,51,1790280249,5.4,0.522,1.19
0.73,13.0,0.22,Down,True,222.0,0.99,0.7495565134,0.95,0.964,0.6991,0.99,0.86,1790280300,999,43,1790280557,1.02,0.451,0.52
0.52,10.6,0.61,Up,True,211.0,0.99,0.93,0.95,0.6754,0.6765,0.99,0.82,1790280900,999,34,1790281166,1.32,0.472,0.46
1.29,59.3,1.19,Down,True,35.0,0.99,0.98,0.99,0.999,0.9997,0.99,0.36,1790281800,999,60,1790282040,1.8,0.262,3.47
5.48,18.2,3.42,Up,True,300.0,0.99,0.95,0.95,1.0,0.8815,0.99,3.25,1790282700,999,49,1790282951,5.74,0.26,1.18
1.84,43.1,2.64,Down,True,29.0,0.99,0.96,0.98,1.0,0.9616,0.99,1.73,1790283000,999,60,1790283240,1.99,0.372,1.77
-0.0,38.4,-0.87,Down,True,20.0,0.999,0.96,0.96,0.9996,0.9101,0.999,-0.31,1790283300,999,60,1790283540,0.0,0.438,1.34
-0.0,15.6,-0.02,Down,True,100.0,0.99,0.91,0.96,0.9995,0.8001,0.99,-0.0,1790283600,7800.0,46,1790283854,-0.0,0.324,0.84
1.93,17.1,1.28,Up,True,230.0,0.99,0.9347635514,0.95,0.732,0.8555,0.99,1.42,1790283900,999,42,1790284158,3.04,0.295,1.06
0.72,10.5,-0.0,Down,True,250.0,0.99,0.9299999999999999,0.95,0.9964,0.8486,0.99,0.44,1790284200,999,34,1790284466,0.8,0.207,1.03
-0.0,5.2,0.04,Down,True,79.0,0.99,0.9399999624,0.95,0.9111,0.7267,0.99,0.46,1790284800,999,25,1790285075,0.0,0.205,0.6
0.0,11.6,-0.15,Up,True,100.0,0.99,0.9389312977,0.95,1.0,0.9816,0.99,0.0,1790285100,999,30,1790285370,0.0,0.121,2.09
0.0,39.5,-1.84,Up,True,50.0,0.99,0.96,0.95,1.0,0.9786,0.99,-0.39,1790286000,999,60,1790286240,0.0,0.298,2.03
1.88,40.6,1.88,Down,True,35.0,0.99,0.97,0.9699999989,1.0,0.9785,0.99,0.4,1790286300,999,60,1790286540,3.08,0.307,2.02
-0.0,-3.0,0.05,Down,True,82.0,0.99,0.73,0.95,1.0,0.2555,0.99,-0.45,1790286600,999,25,1790286875,-0.0,0.107,-0.66
0.2,14.1,0.8,Up,True,65.0,0.99,0.8200000144,0.95,0.9981,0.7178,0.99,0.67,1790287200,999,43,1790287457,0.47,0.441,0.58
-0.0,28.5,0.17,Down,True,100.0,0.99,0.91,0.97,0.9915,0.8754,0.99,-0.27,1790287500,14250.0,60,1790287740,-0.0,0.378,1.15
1.49,9.6,1.26,Up,True,318.0,0.99,0.21362000000000003,0.95,0.5236,0.8294,0.99,0.7,1790287800,999,36,1790288064,0.0,0.199,0.95
0.6,26.0,0.72,Up,True,100.0,0.99,0.91,0.95,1.0,0.7184,0.99,1.15,1790288400,999,54,1790288646,2.04,0.727,0.58
0.27,50.9,0.72,Up,True,100.0,0.99,0.98,0.99,1.0,0.9911,0.99,1.38,1790289000,999,60,1790289240,0.0,0.329,2.37
0.0,26.2,-0.51,Up,True,80.0,0.99,0.350000195,0.9699999981,1.0,0.9614,0.99,-0.42,1790289600,13100.0,60,1790289840,-0.0,0.227,1.77
1.14,13.8,-0.07,Up,True,108.0,0.99,0.92,0.96,1.0,0.9557,0.99,0.52,1790290200,999,40,1790290460,0.92,0.152,1.7
1.09,12.0,4.17,Down,False,107.0,0.97,0.010000000000000009,0.97,0.0,0.9262,0.01,1.07,1790290500,999,51,1790290749,0.8,0.137,1.45
-1.44,38.0,0.25,Up,True,20.0,0.99,0.97,0.9699999965,1.0,0.9999,0.99,0.0,1790291100,31.7,58,1790291342,-1.2,0.156,3.78
-0.88,45.2,-0.38,Down,True,20.0,0.999,0.97,0.98,1.0,0.9475,0.999,-0.52,1790291400,22.6,60,1790291640,-2.0,0.427,1.62
0.0,8.5,-0.36,Up,True,162.0,0.99,0.8800000096,0.96,0.9983,0.8548,0.99,-0.91,1790292600,999,49,1790292851,0.0,0.137,1.06
0.0,31.7,0.0,Up,True,15.0,0.99,0.98,0.99,0.9998,1.0,0.99,0.77,1790292900,999,60,1790293140,0.0,0.12,4.02
-0.0,40.8,-0.05,Down,True,20.0,0.99,0.96,0.97,1.0,0.9952,0.99,0.78,1790293200,999,60,1790293440,0.0,0.241,2.59
-0.0,10.9,0.07,Down,True,50.0,0.99,0.9399996156,0.95,0.9996,0.7995,0.99,-0.0,1790293500,5450.0,58,1790293742,-0.0,0.202,0.84
-1.82,7.6,-1.26,Up,True,26.0,0.99,0.4,0.9699999212,0.0,0.7156,0.99,0.0,1790293800,3.8,60,1790294040,-2.0,0.205,0.57
0.51,5.7,-0.04,Up,True,68.0,0.99,0.7395112951,0.95,0.7601,0.7018,0.99,0.0,1790294100,999,36,1790294364,0.57,0.213,0.53
0.16,47.3,-0.0,Down,True,20.0,0.99,0.98,0.99,0.9998,0.8805,0.99,-3.26,1790295000,999,60,1790295240,-0.0,0.613,1.18
0.54,39.4,-0.13,Up,True,182.0,0.99,0.96,0.9699999935,1.0,0.9304,0.99,0.28,1790295900,999,60,1790296140,0.0,0.407,1.48
-0.07,12.6,-0.21,Down,True,202.0,0.99,0.9018705918,0.96,0.3525,0.7058,0.99,-0.0,1790296500,999,25,1790296775,-0.0,0.552,0.54
-0.44,29.3,-0.94,Up,True,200.0,0.99,0.87,0.95,0.3245,0.8825,0.99,-0.48,1790296800,32.1,57,1790297043,-0.91,0.386,1.19
1.21,14.5,0.82,Up,True,380.0,0.99,0.894120889,0.95,1.0,0.8122,0.99,1.15,1790297100,999,39,1790297361,0.0,0.31,0.89
1.07,23.3,0.0,Up,True,160.0,0.99,0.96,0.95,1.0,0.9547,0.99,0.4,1790297400,999,34,1790297666,1.6,0.279,1.69
-0.64,25.1,0.56,Up,True,547.0,0.99,0.93,0.95,0.9998,0.8243,0.99,0.0,1790298300,999,58,1790298542,0.0,0.418,0.93
0.0,-0.8,0.68,Up,True,57.0,0.99,0.96,0.95,0.0126,0.4765,0.99,0.28,1790298600,999,22,1790298878,0.0,0.339,-0.06
1.67,28.0,2.02,Down,True,200.0,0.99,0.9299999999999999,0.95,1.0,0.8512,0.99,1.7,1790298900,999,49,1790299151,3.24,0.454,1.04
1.64,42.3,2.84,Down,True,65.0,0.99,0.97,0.98,1.0,0.9787,0.99,0.69,1790299500,999,60,1790299740,2.8,0.319,2.03
1.77,20.0,2.38,Up,True,200.0,0.99,0.96,0.95,1.0,0.9095,0.99,1.52,1790300100,999,36,1790300364,2.8,0.296,1.34
-0.15,43.8,-1.0,Up,True,53.0,0.99,0.98,0.9699999998,1.0,0.9846,0.99,0.64,1790300700,29.2,60,1790300940,-1.5,0.31,2.16
-0.0,-6.2,0.0,Up,True,393.0,0.99,0.8811881193,0.95,0.1789,0.2977,0.99,0.34,1790301000,-3100.0,15,1790301285,-0.0,0.357,-0.53
1.01,13.6,1.99,Up,True,256.0,0.99,0.94,0.95,1.0,0.769,0.99,1.63,1790301300,999,54,1790301546,1.6,0.297,0.74
0.55,18.0,1.03,Down,True,130.0,0.99,0.85,0.96,0.0791,0.6894,0.99,0.65,1790301900,9000.0,60,1790302140,-0.0,0.556,0.49
0.0,48.8,0.03,Up,True,13.0,0.99,0.98,0.98,1.0,0.9875,0.99,0.0,1790302200,999,60,1790302440,0.0,0.331,2.24
1.0,18.8,1.37,Up,True,234.0,0.99,0.9,0.95,0.2463,0.7251,0.99,0.79,1790302500,999,43,1790302757,4.24,0.565,0.6
1.41,64.3,0.9,Down,True,25.0,0.99,0.99,0.99,1.0,0.9869,0.99,0.29,1790302800,999,60,1790303040,3.32,0.44,2.22
-1.28,9.6,-1.06,Up,False,43.0,0.97,0.01,0.95,0.0,0.6416,0.01,-1.05,1790303400,3.4,58,1790303642,-2.83,0.412,0.36
0.0,36.5,-0.17,Up,True,63.0,0.99,0.97,0.98,1.0,0.9152,0.99,0.0,1790304000,999,60,1790304240,0.0,0.407,1.37
-0.0,18.1,0.02,Down,True,100.0,0.99,0.95,0.96,0.9857,0.7409,0.99,0.25,1790304900,999,36,1790305164,-0.0,0.554,0.65
1.76,9.4,0.35,Up,True,133.0,0.99,0.9,0.95,1.0,0.7068,0.99,0.61,1790305200,999,39,1790305461,2.25,0.328,0.54
-0.0,53.0,2.56,Down,True,93.0,0.99,0.98,0.99,1.0,0.955,0.99,-0.72,1790305800,26500.0,60,1790306040,-0.0,0.479,1.7
3.39,53.2,1.81,Down,True,200.0,0.99,0.833922321,0.98,0.979,0.9449,0.99,1.12,1790306100,999,51,1790306349,10.0,0.553,1.6
0.0,8.5,0.0,Up,True,44.0,0.99,0.9407305031,0.95,0.7368,0.6408,0.99,0.0,1790306400,999,55,1790306645,0.0,0.378,0.36
-0.49,34.4,0.19,Down,True,25.0,0.99,0.9299999999999999,0.95,1.0,0.9762,0.99,-0.53,1790307900,48.3,58,1790308142,-0.71,0.27,1.98
0.0,16.4,0.38,Down,True,776.0,0.99,0.9483969943,0.9568440755,0.9396,0.7242,0.99,0.58,1790308200,999,34,1790308466,-0.0,0.561,0.6
0.0,24.7,0.3,Up,True,20.0,0.99,0.88,0.9699998448,0.9998,0.7695,0.99,-0.21,1790309700,35.3,60,1790309940,-0.7,0.514,0.74
0.0,22.1,0.03,Down,True,61.0,0.99,0.95,0.96,0.9999,0.9197,0.99,-0.0,1790310000,999,54,1790310246,0.0,0.255,1.4
0.0,3.2,-0.33,Up,True,153.0,0.99,0.95,0.95,0.9135,0.7,0.99,0.0,1790310300,999,34,1790310566,0.0,0.123,0.52
0.03,34.7,-0.04,Up,True,5.0,0.99,0.98,0.99,1.0,0.9999,0.99,1.0,1790310600,999,58,1790310842,0.02,0.15,3.62
-0.0,27.2,-0.05,Down,True,7.0,0.99,0.97,0.98,1.0,0.9963,0.99,-1.09,1790311800,999,60,1790312040,-0.0,0.156,2.68
-0.0,11.5,1.1,Up,True,268.0,0.99,0.86,0.95,0.9981,0.6518,0.99,-0.34,1790312100,5750.0,60,1790312340,-0.0,0.454,0.39
-0.0,31.6,0.0,Up,True,5.0,0.99,0.99,0.98,1.0,0.9982,0.99,0.0,1790312400,999,60,1790312640,0.0,0.166,2.92
-0.0,19.4,-0.0,Down,True,50.0,0.99,0.8926222222,0.96,0.9997,0.9615,0.99,-1.01,1790313000,9700.0,54,1790313246,-0.0,0.177,1.77
0.0,3.3,0.0,Up,True,50.0,0.99,0.9264028777,0.95,0.195,0.5736,0.99,0.54,1790313300,999,37,1790313563,0.0,0.351,0.19
1.81,20.5,1.13,Down,True,122.0,0.99,0.9700000001,0.99,0.9982,0.9699,0.99,1.51,1790314200,999,12,1790314488,3.6,0.374,1.88
0.0,19.2,-0.07,Up,True,51.0,0.99,0.95,0.95,0.9994,0.936,0.99,0.0,1790315100,999,58,1790315342,0.0,0.197,1.52
-0.0,27.9,0.05,Down,True,10.0,0.99,0.98,0.99,1.0,0.9992,0.99,-0.0,1790315700,13950.0,60,1790315940,-0.0,0.135,3.17
0.18,2.5,0.04,Down,True,220.0,0.99,0.95,0.96,0.7231,0.6302,0.99,-0.0,1790316000,999,16,1790316284,0.0,0.226,0.33
1.48,8.3,0.71,Up,False,935.0,0.99,0.01,0.95,0.0,0.8021,0.99,0.46,1790316300,999,36,1790316564,0.0,0.193,0.85
0.0,68.2,0.54,Up,True,698.0,0.99,0.8599994594,0.95,1.0,0.9957,0.99,0.0,1790316900,34100.0,57,1790317143,-0.0,0.409,2.63
0.0,3.5,0.49,Up,True,1500.0,0.99,0.763422,0.95,0.0717,0.6022,0.99,0.0,1790318700,1750.0,34,1790318966,-0.0,0.272,0.26
-0.0,5.2,-0.03,Up,True,36.0,0.99,0.95,0.95,0.9993,0.6382,0.99,-0.37,1790319000,2600.0,54,1790319246,-0.0,0.24,0.35
-0.0,15.5,0.41,Down,True,170.0,0.99,0.93,0.95,1.0,0.9595,0.99,0.5,1790319300,7750.0,51,1790319549,-0.0,0.148,1.75
-0.0,12.4,1.41,Down,True,187.0,0.99,0.9699999998,0.97,1.0,0.8684,0.99,1.33,1790319600,999,46,1790319854,-0.0,0.194,1.12
0.82,10.7,1.48,Up,True,200.0,0.99,0.94,0.95,0.838,0.6364,0.99,0.66,1790320200,999,40,1790320460,0.52,0.577,0.35
-2.5,25.9,-1.52,Up,True,20.0,0.99,0.97,0.9899990298,1.0,0.9607,0.99,0.0,1790320800,999,60,1790321040,0.0,0.226,1.76
1.95,30.8,0.8,Down,True,109.0,0.99,0.9,0.97,1.0,0.8936,0.99,0.88,1790321700,999,55,1790321945,4.1,0.397,1.25
-0.0,40.7,-1.86,Up,True,32.0,0.99,0.98,0.99,1.0,0.9867,0.99,0.0,1790322600,999,60,1790322840,0.0,0.282,2.22
-0.79,33.9,-1.71,Down,True,20.0,0.99,0.8946449222,0.95,0.9881,0.8241,0.99,-0.37,1790323500,14.3,60,1790323740,-2.36,0.559,0.93
0.68,20.5,1.66,Up,True,245.0,0.99,0.9097237834,0.95,0.4192,0.7738,0.99,0.43,1790323800,999,48,1790324052,0.0,0.468,0.75
0.0,23.3,-0.02,Down,True,160.0,0.99,0.94,0.95,1.0,0.9053,0.99,0.3,1790325000,999,60,1790325240,0.0,0.272,1.31
-1.11,13.7,0.59,Down,True,104.0,0.99,0.97,0.97,1.0,0.8061,0.99,0.86,1790325300,999,57,1790325543,0.0,0.248,0.86
0.0,13.3,0.04,Down,True,31.0,0.99,0.96,0.97,1.0,0.9195,0.99,-0.37,1790325600,999,60,1790325840,-0.0,0.146,1.4
0.0,12.7,-0.0,Down,True,461.0,0.99,0.94,0.95,1.0,0.8113,0.99,-0.36,1790325900,999,51,1790326149,0.0,0.239,0.88
-1.27,35.2,-1.72,Down,True,82.0,0.99,0.96,0.96,1.0,0.9837,0.99,-0.0,1790327400,999,60,1790327640,-0.0,0.251,2.14
0.41,14.0,-0.02,Down,True,187.0,0.999,0.87575,0.95,0.6756,0.7919,0.95,-0.0,1790327700,999,21,1790327979,-0.0,0.444,0.81
3.58,33.7,2.1,Up,True,300.0,0.99,0.92,0.95,1.0,0.8959,0.99,1.72,1790328000,999,57,1790328243,7.65,0.42,1.26
-0.01,36.3,0.02,Down,True,20.0,0.999,0.98,0.99,1.0,0.9841,0.999,0.28,1790328900,18150.0,60,1790329140,-0.0,0.258,2.15
0.0,19.0,-0.6,Down,True,172.0,0.99,0.95,0.95,0.9998,0.8783,0.99,0.21,1790329500,999,51,1790329749,0.0,0.269,1.17
2.38,18.6,2.82,Down,True,100.0,0.99,0.97,0.98,1.0,0.9966,0.99,1.03,1790329800,999,37,1790330063,1.7,0.133,2.71
-0.0,9.2,-0.17,Down,True,100.0,0.99,0.9400000012,0.95,1.0,0.8234,0.99,-1.02,1790330100,4600.0,28,1790330372,-0.0,0.222,0.93
0.23,11.5,0.0,Up,True,152.0,0.99,0.9,0.95,1.0,0.8183,0.99,-0.35,1790330700,999,48,1790330952,0.27,0.216,0.91
0.0,33.0,-0.0,Down,True,40.0,0.99,0.99,0.99,1.0,0.9888,0.99,-0.3,1790331300,999,60,1790331540,-0.0,0.221,2.28
1.05,18.6,0.8,Down,True,400.0,0.99,0.54855643,0.95,0.9736,0.7498,0.99,0.64,1790332200,999,48,1790332452,2.63,0.469,0.67
-1.18,30.5,-1.05,Up,True,10.0,0.99,0.9399999624,0.95,0.0412,0.932,0.99,-2.16,1790332500,15.5,60,1790332740,-1.97,0.312,1.49
1.03,33.2,2.15,Up,True,20.0,0.99,0.9299999999999999,0.96,1.0,0.9528,0.99,0.34,1790332800,999,58,1790333042,1.7,0.307,1.67
4.0,36.5,1.88,Up,True,204.0,0.99,0.2200000312,0.98,0.0071,0.9966,0.99,1.38,1790333100,999,60,1790333340,0.0,0.205,2.71
1.36,44.9,0.23,Up,True,240.0,0.99,0.97,0.98,1.0,0.938,0.99,0.0,1790333400,999,60,1790333640,0.0,0.444,1.54
0.06,51.9,-0.38,Up,True,29.0,0.99,0.95,0.959999886,1.0,0.9196,0.99,0.27,1790334600,999,60,1790334840,2.17,0.561,1.4
0.0,15.3,-0.11,Up,True,205.0,0.99,0.626698891,0.95,0.0484,0.6925,0.99,-1.02,1790336100,7650.0,48,1790336352,-0.0,0.517,0.5
0.72,34.3,1.03,Down,True,93.0,0.99,0.7,0.95,0.9923,0.8957,0.99,-0.0,1790337000,17150.0,60,1790337240,-0.0,0.416,1.26
0.02,19.0,0.04,Down,True,200.0,0.99,0.922919708,0.95,1.0,0.8599,0.99,-0.25,1790337300,9500.0,45,1790337555,-0.0,0.311,1.08
-1.84,19.2,-1.2,Up,True,15.0,0.99,0.9757114819,0.95,1.0,0.7654,0.99,-0.62,1790337600,999,43,1790337857,0.09,0.478,0.72
0.16,31.4,0.3,Up,True,14.0,0.99,0.8403125,0.96,0.9981,0.8724,0.99,0.0,1790337900,999,60,1790338140,0.35,0.421,1.14
0.57,32.9,0.34,Up,True,129.0,0.99,0.9100000072,0.95,1.0,0.8654,0.99,-0.35,1790339700,999,58,1790339942,1.41,0.462,1.1
1.41,37.0,1.39,Down,True,300.0,0.99,0.9400000004,0.95,0.9835,0.8145,0.99,0.87,1790340300,999,21,1790340579,8.06,1.068,0.89
-0.06,12.6,-0.02,Up,True,500.0,0.99,0.901009587,0.95,0.9936,0.703,0.99,-0.44,1790340600,999,34,1790340866,0.0,0.482,0.53
0.29,34.7,0.59,Down,True,100.0,0.99,0.92,0.96,0.8817,0.8323,0.99,0.49,1790341200,59.0,54,1790341446,-0.59,0.58,0.96
0.8,38.0,1.24,Down,True,671.0,0.99,0.91,0.95,0.9937,0.9222,0.99,1.96,1790341500,19000.0,51,1790341749,-0.0,0.444,1.42
-0.0,29.3,0.4,Down,True,94.0,0.99,0.9400000011,0.95,0.5498,0.9068,0.99,-0.24,1790341800,999,51,1790342049,0.0,0.368,1.32
-0.32,66.7,-0.01,Down,True,300.0,0.99,0.9699998448,0.99,1.0,0.9242,0.99,-0.32,1790342100,31.9,60,1790342340,-2.09,0.712,1.43
-0.26,44.3,0.34,Down,True,15.0,0.999,0.94,0.96,1.0,0.862,0.999,0.76,1790342700,999,60,1790342940,-0.0,0.623,1.09
0.56,423.6,0.83,Down,True,100.0,0.999,0.99,0.99,1.0,1.0,0.99,0.8,1790344800,999,52,1790345048,4.41,1.277,5.49
0.78,87.3,0.84,Up,True,350.0,0.99,0.8700000006999999,0.95,0.8588,0.7845,0.99,0.65,1790345100,999,60,1790345340,7.04,1.715,0.79
-1.0,109.7,-1.25,Up,True,20.0,0.99,0.98,0.99,0.9789,0.9364,0.99,-0.76,1790345400,52.2,60,1790345640,-2.1,1.111,1.52
-0.72,4.6,-0.94,Down,False,500.0,0.88,0.010000000000000009,0.95,0.0,0.5308,0.01,-0.88,1790345700,0.8,46,1790345954,-5.86,1.055,0.08
0.17,95.9,0.06,Up,True,20.0,0.99,0.9400000005,0.95,0.8822,0.9534,0.99,-0.32,1790346000,999,58,1790346242,3.57,0.897,1.68
2.7,79.9,2.2,Up,True,350.0,0.99,0.9133833159,0.95,0.8248,0.9068,0.99,2.17,1790346300,999,55,1790346545,12.57,0.974,1.32
0.41,43.3,0.02,Up,True,250.0,0.99,0.9278964783,0.95,0.4522,0.8157,0.99,0.0,1790346900,999,60,1790347140,1.6,0.742,0.9
1.5,43.7,1.32,Up,True,100.0,0.99,0.96,0.95,1.0,0.8635,0.99,0.83,1790349000,999,48,1790349252,3.78,0.686,1.1
0.04,34.4,0.44,Up,True,44.0,0.99,0.818692,0.95,0.8371,0.788,0.99,0.5,1790350200,999,37,1790350463,1.77,0.846,0.8
-0.64,61.4,-0.28,Down,True,162.0,0.99,0.96,0.98,0.9944,0.8116,0.99,-0.57,1790350800,23.4,60,1790351040,-2.63,1.073,0.88
0.05,17.5,-0.73,Down,True,50.0,0.99,0.9,0.95,0.9762,0.6496,0.99,-1.12,1790351100,999,54,1790351346,0.18,0.741,0.38
-0.32,59.7,-0.01,Up,True,29.0,0.99,0.9100000035,0.95,1.0,0.9458,0.99,-0.38,1790351400,999,58,1790351642,0.0,0.585,1.61
2.27,43.2,2.09,Up,True,960.0,0.99,0.9299999999999999,0.9599996928,0.9995,0.9657,0.99,1.96,1790352300,999,15,1790352585,1.83,0.73,1.82
0.28,19.7,0.0,Up,True,57.0,0.99,0.81,0.95,1.0,0.7373,0.99,-1.02,1790352600,999,45,1790352855,0.0,0.552,0.64
1.78,29.1,1.63,Up,True,48.0,0.99,0.93,0.97,1.0,0.8442,0.99,2.25,1790352900,999,43,1790353157,4.93,0.522,1.01
-0.36,69.4,-0.77,Down,True,25.0,0.99,0.98,0.99,0.9998,0.9761,0.99,-0.0,1790353200,174.4,60,1790353440,-0.4,0.539,1.98
1.31,2.7,1.09,Up,True,147.0,0.99,0.95,0.95,0.0092,0.5654,0.99,0.2,1790353500,999,43,1790353757,0.0,0.301,0.16
5.33,100.8,6.27,Down,True,1030.0,0.99,0.947351928,0.98,1.0,0.9987,0.99,4.29,1790353800,999,57,1790354043,15.0,0.53,3.0
0.78,30.7,0.91,Up,True,120.0,0.99,0.97,0.95,0.9996,0.7966,0.99,1.32,1790354100,999,57,1790354343,2.4,0.584,0.83
-0.9,18.8,-0.6,Up,True,45.0,0.99,0.95,0.95,0.0,0.7734,0.99,-0.97,1790354400,999,60,1790354640,0.0,0.385,0.75
2.49,18.4,1.71,Up,True,2220.0,0.99,0.89,0.95,1.0,0.7428,0.99,2.28,1790355900,999,48,1790356152,3.2,0.485,0.65
0.0,13.3,0.41,Up,True,75.0,0.99,0.9499999991,0.95,0.9772,0.7475,0.99,0.64,1790356200,999,45,1790356455,0.0,0.354,0.67
4.41,32.6,4.44,Down,True,117.0,0.99,0.8532,0.97,1.0,0.9995,0.99,3.5,1790356500,999,22,1790356778,5.85,0.25,3.31
1.76,27.3,1.84,Down,True,142.0,0.99,0.939999812,0.95,1.0,0.9402,0.99,1.98,1790356800,999,57,1790357043,2.22,0.277,1.56
-0.23,10.0,0.0,Up,True,32.0,0.99,0.9300000035,0.9675935155,0.9968,0.6304,0.99,0.0,1790357400,57.5,31,1790357669,-0.17,0.643,0.33
4.2,34.1,2.56,Down,True,189.0,0.99,0.8829789879,0.95,0.0,0.9791,0.99,3.25,1790357700,999,55,1790357945,6.0,0.27,2.04
0.0,22.0,0.14,Up,True,25.0,0.99,0.98,0.98,1.0,0.9461,0.99,0.0,1790358900,999,60,1790359140,0.0,0.211,1.61
0.0,40.3,-1.46,Up,True,13.0,0.99,0.99,0.99,1.0,0.9989,0.99,-1.41,1790359500,999,60,1790359740,0.0,0.202,3.07
0.0,26.7,-0.02,Up,True,20.0,0.999,0.95,0.9799999822,1.0,0.9234,0.999,-1.3,1790360100,999,60,1790360340,0.0,0.287,1.43
0.0,28.3,0.3,Down,True,21.0,0.99,0.96,0.9699999981,0.9999,0.9375,0.99,0.28,1790360400,999,60,1790360640,0.0,0.283,1.53
-0.0,50.7,-0.11,Down,True,10.0,0.99,0.99,0.98,1.0,0.928,0.99,0.28,1790360700,999,60,1790360940,0.0,0.533,1.46
-2.34,19.7,-1.12,Up,True,38.0,0.99,0.9479323308000001,0.96,1.0,0.9283,0.99,0.0,1790361000,8.3,58,1790361242,-2.36,0.21,1.46
-1.02,28.1,-0.33,Down,True,228.0,0.99,0.8741935484,0.95,1.0,0.8121,0.99,-0.3,1790361300,999,58,1790361542,0.0,0.496,0.89
0.0,15.3,0.89,Up,True,57.0,0.99,0.97,0.9699999998,1.0,0.8969,0.99,0.6,1790361600,999,60,1790361840,0.0,0.186,1.26
1.08,15.1,1.23,Down,True,168.0,0.99,0.9252401747,0.96,0.9981,0.893,0.99,-0.0,1790361900,999,27,1790362173,1.6,0.279,1.24
2.15,21.9,1.59,Down,True,297.0,0.99,0.933166249,0.96,0.581,0.9669,0.99,2.01,1790362200,999,54,1790362446,2.2,0.193,1.84
0.0,14.8,0.02,Up,True,13.0,0.99,0.95,0.96,0.9942,0.7671,0.99,0.23,1790362500,999,60,1790362740,0.0,0.311,0.73
-0.0,32.9,-0.09,Down,True,187.0,0.99,0.95,0.97,1.0,0.9287,0.99,-0.0,1790362800,999,58,1790363042,-0.0,0.351,1.47
-1.13,28.4,-0.87,Up,True,13.0,0.99,0.9799999873,0.9699999989,1.0,0.9635,0.99,-0.28,1790364000,999,60,1790364240,0.0,0.243,1.79
-0.0,39.2,-0.02,Down,True,11.0,0.99,0.98,0.99,0.9839,0.9283,0.99,-0.21,1790364300,999,60,1790364540,-0.0,0.411,1.46
0.0,28.2,-0.7,Up,True,100.0,0.99,0.91,0.98,1.0,0.9802,0.99,-2.32,1790364600,999,60,1790364840,0.0,0.211,2.06
-0.67,41.5,-2.33,Up,True,10.0,0.99,0.9882,0.98,0.0,0.9801,0.99,-0.84,1790364900,37.4,60,1790365140,-1.11,0.31,2.06
-3.09,18.7,-2.33,Up,True,21.0,0.999,0.9782820814,0.9779999988,1.0,0.8621,0.999,-1.17,1790365500,7.1,52,1790365748,-2.64,0.283,1.09
0.0,3.6,-0.03,Up,True,500.0,0.99,0.95,0.95,0.7476,0.595,0.99,0.0,1790365800,1800.0,28,1790366072,-0.0,0.336,0.24
3.19,38.0,4.96,Up,True,56.0,0.999,0.9799999647,0.96,0.9981,1.0,0.99,3.33,1790366100,999,60,1790366340,2.54,0.15,3.9
-0.19,8.5,-1.6,Down,True,151.0,0.99,0.73,0.95,0.9601,0.7122,0.99,-1.92,1790366700,32.4,49,1790366951,-0.26,0.259,0.56
0.0,19.5,0.0,Up,True,84.0,0.99,0.95,0.95,1.0,0.9387,0.99,0.0,1790367000,999,52,1790367248,0.0,0.208,1.54
0.0,30.9,0.7,Up,True,10.0,0.99,0.98,0.99,1.0,0.9999,0.99,0.0,1790367300,999,60,1790367540,0.0,0.124,3.82
0.14,23.7,1.28,Down,True,62.0,0.99,0.96,0.98,1.0,0.8955,0.99,0.52,1790367900,999,60,1790368140,0.0,0.289,1.26
0.0,9.8,-1.33,Up,True,66.0,0.99,0.93,0.95,1.0,0.9272,0.99,0.0,1790368200,4900.0,60,1790368440,-0.0,0.103,1.46
-0.0,28.8,0.02,Down,True,110.0,0.999,0.9558214833,0.9579999866,1.0,0.9099,0.999,0.3,1790368800,14400.0,60,1790369040,-0.0,0.33,1.34
-1.36,31.9,1.59,Down,True,20.0,0.99,0.91,0.98,1.0,0.9856,0.99,-0.33,1790369100,19.7,60,1790369340,-1.62,0.224,2.19
2.01,36.4,1.96,Down,True,134.0,0.99,0.97,0.9842475648,1.0,0.9886,0.99,1.04,1790370000,999,60,1790370240,0.23,0.246,2.28
0.0,2.9,1.78,Up,False,108.0,0.98,0.01,0.95,0.0,0.6142,0.01,1.33,1790370600,999,45,1790370855,0.0,0.175,0.29
-6.37,-3.1,-6.19,Up,True,40.0,0.99,0.07999999999999996,0.95,1.0,0.1349,0.99,-1.92,1790371800,-1.7,40,1790372060,-1.78,0.053,-1.1
0.0,13.3,0.0,Up,True,603.0,0.99,0.95,0.9509601726,0.9922,0.7288,0.99,0.0,1790372100,999,43,1790372357,0.0,0.397,0.61
0.86,11.1,0.0,Up,True,38.0,0.99,0.9408763809,0.95,1.0,0.8755,0.99,0.24,1790372400,999,43,1790372657,0.8,0.175,1.15
0.0,15.3,0.06,Up,True,250.0,0.99,0.9550993651,0.9699999998,1.0,0.9763,0.99,0.0,1790372700,999,60,1790372940,0.0,0.119,1.98
-0.0,1.9,1.0,Down,True,300.0,0.99,0.94,0.95,0.7192,0.5856,0.99,0.52,1790373000,999,36,1790373264,0.0,0.174,0.22
6.37,47.7,1.07,Down,True,100.0,0.99,0.75,0.97,1.0,0.9965,0.99,1.1,1790373300,999,60,1790373540,9.6,0.272,2.7
-0.0,25.8,-0.08,Up,True,5.0,0.99,0.99,0.99,1.0,0.9987,0.99,-1.89,1790374200,12900.0,60,1790374440,-0.0,0.132,3.0
-0.01,14.7,0.07,Up,True,25.0,0.99,0.97,0.98,1.0,0.9996,0.99,0.0,1790374500,7350.0,60,1790374740,-0.0,0.067,3.36
0.73,5.0,-0.56,Up,True,40.0,0.99,0.75,0.95,1.0,0.6661,0.99,-0.95,1790374800,2.8,60,1790375040,-1.8,0.18,0.43
1.86,11.8,1.65,Up,True,100.0,0.99,0.69868,0.9699999981,0.9808,0.7716,0.99,0.0,1790376000,999,60,1790376240,0.0,0.243,0.74
1.31,23.5,-0.0,Down,True,124.0,0.999,0.9527149321,0.97,1.0,0.9738,0.99,-0.33,1790376300,999,49,1790376551,1.43,0.206,1.94
0.0,45.9,0.53,Down,True,45.0,0.99,0.98,0.99,1.0,0.9996,0.99,-0.0,1790376900,999,60,1790377140,-0.0,0.21,3.35
0.0,7.5,0.05,Up,True,25.0,0.99,0.95,0.95,0.943,0.6789,0.99,-0.33,1790377200,999,58,1790377442,0.0,0.253,0.46
0.0,2.0,2.97,Up,True,28.0,0.99,0.94,0.95,0.9363,0.6887,0.99,-0.72,1790377500,999,48,1790377752,0.0,0.071,0.49
-0.0,30.7,0.84,Down,True,15.0,0.99,0.94,0.95,1.0,0.9983,0.99,0.35,1790377800,15350.0,60,1790378040,-0.0,0.161,2.92
-0.0,2.0,-0.11,Up,True,100.0,0.999,0.9299998419,0.95,0.8537,0.6239,0.999,-0.33,1790378100,1000.0,55,1790378345,-0.0,0.104,0.32
4.93,16.9,1.82,Down,True,300.0,0.99,0.9154008133,0.97,1.0,0.9892,0.99,0.86,1790378400,999,55,1790378645,3.1,0.118,2.3
2.56,10.0,4.45,Down,True,132.0,0.99,0.9203334523,0.96,1.0,0.7884,0.99,0.64,1790379000,999,45,1790379255,2.0,0.221,0.8
0.0,4.8,0.0,Up,True,113.0,0.99,0.9400000012,0.95,0.9998,0.8788,0.99,0.39,1790379300,2400.0,46,1790379554,-0.0,0.072,1.17
0.01,7.8,0.15,Down,True,56.0,0.99,0.9299999999999999,0.96,1.0,0.9824,0.99,-0.0,1790379600,999,51,1790379849,0.0,0.062,2.11
0.0,1.7,0.0,Up,True,100.0,0.99,0.94,0.95,1.0,1.0,0.99,0.0,1790379900,999,24,1790380176,0.0,0.001,57.09
5.49,24.1,4.36,Down,True,229.0,0.99,0.64875,0.99,1.0,0.986,0.99,2.24,1790380200,999,58,1790380442,5.0,0.171,2.2
4.62,39.2,3.66,Up,True,132.0,0.99,0.9605042864,0.95,1.0,0.9905,0.99,2.13,1790380500,999,55,1790380745,0.0,0.268,2.35
2.05,12.5,1.7,Down,True,93.0,0.99,0.9220682291,0.96,1.0,0.8206,0.99,-0.0,1790381400,999,51,1790381649,0.68,0.227,0.92
-0.0,26.5,0.46,Down,True,5.0,0.99,0.99,0.99,1.0,0.9998,0.99,-0.0,1790381700,999,58,1790381942,-0.0,0.117,3.54
-0.0,12.8,0.73,Down,True,13.0,0.99,0.943950517,0.9699999989,1.0,0.9325,0.99,-0.36,1790382000,999,60,1790382240,-0.0,0.132,1.49
-0.0,21.5,0.03,Down,True,44.0,0.99,0.95,0.95,0.9343,0.8959,0.99,-0.48,1790382900,999,58,1790383142,-0.0,0.268,1.26
0.0,8.1,1.56,Down,True,150.0,0.99,0.9295408068,0.95,0.0093,0.8479,0.99,1.16,1790383500,999,39,1790383761,0.0,0.15,1.03
0.0,8.4,0.3,Up,True,100.0,0.99,0.95,0.95,0.8595,0.7621,0.99,1.33,1790383800,999,48,1790384052,0.0,0.203,0.71
2.79,11.6,3.69,Down,True,44.0,0.99,0.9400000012,0.97,0.0291,0.9352,0.99,4.47,1790384100,999,55,1790384345,1.82,0.123,1.52
-0.0,26.2,-0.0,Down,True,25.0,0.99,0.97,0.98,1.0,0.8539,0.99,0.54,1790384700,13100.0,58,1790384942,-0.0,0.389,1.05
-0.0,1.7,-0.0,Down,True,179.0,0.99,0.9,0.96,0.5974,0.5364,0.99,-0.0,1790385000,850.0,36,1790385264,-0.0,0.368,0.09
0.0,20.9,-0.13,Up,True,46.0,0.99,0.939999998,0.95,1.0,0.9122,0.99,-0.33,1790385300,999,60,1790385540,0.0,0.237,1.35
-0.3,7.2,-0.36,Up,True,300.0,0.99,0.9397721311,0.95,0.6031,0.7838,0.99,0.0,1790385600,999,19,1790385881,0.0,0.251,0.79
-0.0,14.1,-0.0,Down,True,569.0,0.99,0.4889351767,0.95,1.0,0.8892,0.99,-0.0,1790385900,999,51,1790386149,-0.0,0.193,1.22
1.98,18.1,0.17,Up,True,61.0,0.99,0.9340793669,0.95,1.0,0.9922,0.99,2.09,1790386200,999,57,1790386443,1.24,0.118,2.42
0.89,9.1,-0.02,Up,True,100.0,0.99,0.94,0.95,0.9413,0.7123,0.99,0.53,1790386800,999,39,1790387061,1.47,0.311,0.56
0.0,0.4,0.04,Down,True,44.0,0.99,0.9114797242,0.9527637578,0.549,0.5174,0.99,0.28,1790387100,999,40,1790387360,-0.0,0.157,0.04
-0.0,3.6,-0.05,Down,True,144.0,0.99,0.9,0.96,0.9487,0.7343,0.99,-0.0,1790387700,1800.0,34,1790387966,-0.0,0.117,0.63
-0.0,33.2,0.88,Down,True,20.0,0.999,0.99,0.99,1.0,0.9819,0.999,1.52,1790388000,999,60,1790388240,-0.0,0.244,2.09
0.0,-0.9,0.0,Up,True,204.0,0.99,0.94,0.95,0.6002,0.4505,0.99,-0.29,1790388300,999,21,1790388579,0.0,0.183,-0.12
0.59,17.4,-0.63,Up,True,98.0,0.99,0.95,0.95,1.0,0.818,0.99,0.65,1790388900,999,60,1790389140,0.29,0.293,0.91
-0.0,23.3,-0.99,Down,True,18.0,0.99,0.97,0.97,1.0,0.9886,0.99,-1.07,1790389500,11650.0,60,1790389740,-0.0,0.157,2.28
1.6,29.2,-0.56,Down,True,5.0,0.99,0.98,0.99,0.4275,0.9774,0.99,-0.67,1790389800,999,60,1790390040,1.91,0.224,2.0
3.8,30.5,3.7,Down,True,200.0,0.99,0.98,0.99,0.8086,0.9898,0.99,3.81,1790390100,999,33,1790390367,4.18,0.272,2.32
-0.21,9.5,0.03,Up,True,68.0,0.99,0.91432,0.95,0.0111,0.7277,0.99,0.52,1790390400,35.4,58,1790390642,-0.27,0.245,0.61
4.22,17.7,4.03,Up,True,300.0,0.99,0.9160397465,0.96,1.0,0.869,0.99,2.12,1790390700,999,57,1790390943,5.59,0.249,1.12
-0.0,27.6,-0.0,Down,True,9.0,0.99,0.97,0.99,1.0,0.9764,0.99,0.4,1790391000,999,60,1790391240,-0.0,0.214,1.98
-4.44,-11.8,3.71,Up,False,107.0,0.95,0.01,0.95,0.0,0.0119,0.01,0.0,1790391300,-5.8,52,1790391548,-2.03,0.086,-2.26
-0.0,23.1,-1.73,Down,True,5.0,0.99,0.97,0.99,1.0,0.998,0.99,-1.13,1790391600,999,60,1790391840,-0.0,0.123,2.89
0.0,9.4,0.08,Up,True,29.0,0.99,0.9400000012,0.95,1.0,0.9912,0.99,0.0,1790391900,999,60,1790392140,0.0,0.061,2.37
0.0,-2.6,2.43,Up,True,935.0,0.99,0.92,0.95,0.0863,0.2238,0.99,3.78,1790392500,999,16,1790392784,0.0,0.1,-0.76
-0.0,3.9,-0.05,Down,True,50.0,0.99,0.95,0.95,1.0,0.6873,0.99,-0.91,1790393400,999,40,1790393660,-0.0,0.152,0.49
-0.0,11.5,-0.04,Down,False,50.0,0.98,0.010000000000000009,0.97,0.0,0.9331,0.01,-0.61,1790393700,999,60,1790393940,-0.0,0.118,1.5
-0.0,13.1,1.26,Down,True,14.0,0.99,0.95,0.96,1.0,0.9915,0.99,0.87,1790394300,999,60,1790394540,0.0,0.084,2.39
0.0,1.2,0.07,Up,True,32.0,0.99,0.879629631,0.95,0.7308,0.5694,0.99,0.24,1790394600,999,57,1790394843,0.0,0.108,0.17
-0.0,12.4,-0.14,Down,True,203.0,0.99,0.9158027813,0.95,1.0,1.0,0.99,-0.0,1790394900,999,27,1790395173,0.0,0.058,4.87
0.0,8.8,0.0,Up,True,40.0,0.999,0.95,0.95,1.0,0.8639,0.999,0.0,1790395500,4400.0,60,1790395740,-0.0,0.123,1.1
0.0,19.1,-0.05,Down,True,50.0,0.99,0.98,0.99,1.0,0.9673,0.99,0.45,1790395800,999,60,1790396040,0.0,0.159,1.84
-0.0,20.6,0.85,Up,True,9.0,0.99,0.99,0.99,0.0639,0.8113,0.99,0.67,1790397000,10300.0,60,1790397240,-0.0,0.358,0.88
0.0,1.8,-0.04,Up,True,157.0,0.99,0.9095318511,0.95,0.6532,0.5639,0.99,0.0,1790397300,999,30,1790397570,0.0,0.247,0.16
0.0,6.2,0.0,Up,True,50.0,0.99,0.9399999962,0.96,1.0,0.8319,0.99,0.0,1790397900,999,49,1790398151,0.0,0.109,0.96
0.0,-0.1,0.0,Up,True,278.0,0.99,0.94,0.95,0.4857,0.4948,0.99,0.0,1790398200,999,30,1790398470,0.0,0.131,-0.01
-0.0,10.7,-0.16,Down,True,25.0,0.99,0.97,0.98,1.0,0.9738,0.99,-0.0,1790398500,999,58,1790398742,-0.0,0.086,1.94
-0.01,18.9,0.0,Up,True,12.0,0.99,0.98,0.99,1.0,1.0,0.99,1.11,1790398800,9450.0,60,1790399040,-0.0,0.073,4.0
2.93,20.4,0.0,Up,True,25.0,0.99,0.9700000006,0.9799991964,1.0,1.0,0.99,0.0,1790399100,999,60,1790399340,0.8,0.051,6.1
-4.28,36.5,-2.69,Down,True,13.0,0.999,0.999,0.99,1.0,0.9983,0.999,-3.12,1790399400,8.3,60,1790399640,-4.37,0.192,2.92
-0.0,4.3,-0.0,Down,True,93.0,0.99,0.9470707098,0.96,0.9991,0.933,0.98,0.52,1790401200,999,22,1790401478,0.0,0.072,1.5
-0.0,-0.6,-0.88,Up,True,191.0,0.99,0.94,0.95,0.3971,0.4553,0.99,0.0,1790402100,999,27,1790402373,0.0,0.13,-0.11
-0.0,24.9,-0.0,Down,True,6.0,0.99,0.98,0.99,0.0,1.0,0.99,-0.0,1790402400,999,60,1790402640,0.0,0.092,4.18
0.0,6.9,0.43,Up,True,200.0,0.99,0.9248826291,0.95,1.0,0.6815,0.99,0.23,1790402700,999,45,1790402955,0.0,0.259,0.47
1.39,20.7,4.18,Down,True,271.0,0.99,0.91,0.97,1.0,0.99,0.99,-0.0,1790403000,999,40,1790403260,1.23,0.168,2.33
-0.0,25.4,-1.56,Down,True,73.0,0.99,0.8760911481,0.97,0.1606,0.9979,0.99,-0.91,1790403300,12700.0,57,1790403543,-0.0,0.14,2.87
-0.0,17.2,-0.1,Up,True,13.0,0.99,0.9499999208,0.954675773,1.0,0.9864,0.99,0.0,1790403600,999,60,1790403840,0.0,0.12,2.21
4.56,20.3,4.22,Up,True,300.0,0.99,0.9576576,0.95,1.0,0.9574,0.99,2.21,1790403900,999,60,1790404140,5.14,0.182,1.72
0.0,28.5,0.0,Up,True,41.0,0.99,0.94,0.99,0.0,1.0,0.99,1.13,1790404200,999,60,1790404440,0.0,0.087,5.03
-0.27,28.8,-0.05,Down,True,14.0,0.999,0.9720000002,0.9799991964,1.0,0.9978,0.999,-0.41,1790404500,999,60,1790404740,-0.0,0.156,2.84
0.0,9.3,-0.04,Down,True,22.0,0.99,0.93,0.95,1.0,0.9057,0.99,0.39,1790404800,999,48,1790405052,0.0,0.122,1.31
0.0,15.0,0.05,Up,True,5.0,0.99,0.98,0.99,1.0,0.998,0.99,0.0,1790405100,999,60,1790405340,0.0,0.08,2.87
-0.0,17.6,0.04,Down,True,39.0,0.99,0.99,0.99,1.0,0.9994,0.99,-0.0,1790405400,999,60,1790405640,-0.0,0.084,3.23
5.42,23.2,2.72,Down,True,300.0,0.99,0.7300000065000001,0.97,1.0,0.9482,0.99,1.74,1790405700,999,60,1790405940,6.33,0.22,1.63
0.0,16.9,0.04,Up,True,22.0,0.99,0.92,0.9560164441,1.0,0.8838,0.99,0.0,1790406600,999,58,1790406842,0.0,0.221,1.19
5.03,14.3,3.49,Up,True,250.0,0.99,0.935,0.9599999937,1.0,0.8905,0.99,1.64,1790406900,999,58,1790407142,4.85,0.181,1.23
3.29,11.3,0.16,Up,True,500.0,0.99,0.92,0.95,1.0,0.9715,0.99,0.48,1790407200,999,60,1790407440,1.6,0.092,1.9
-0.0,9.1,-0.07,Down,True,150.0,0.99,0.84,0.95,1.0,0.9158,0.99,-0.0,1790407500,999,51,1790407749,-0.0,0.11,1.38
-0.44,2.8,-0.22,Up,True,39.0,0.99,0.8999997785,0.95,1.0,1.0,0.99,0.42,1790407800,999,48,1790408052,0.0,0.001,56.98
0.0,31.4,-0.05,Up,True,30.0,0.99,0.9799999935,0.98,1.0,0.9991,0.99,0.0,1790408100,15700.0,60,1790408340,-0.0,0.155,3.11
-0.0,2.6,-0.15,Down,True,100.0,0.999,0.9462864865,0.9559999975,0.8688,0.6669,0.999,-0.0,1790408400,999,34,1790408666,-0.0,0.123,0.43
0.0,34.3,0.0,Up,True,96.0,0.99,0.99,0.97803906,1.0,0.9995,0.99,0.37,1790408700,999,60,1790408940,0.0,0.159,3.32
-0.0,20.1,-0.51,Down,True,142.0,0.99,0.98,0.99,1.0,0.9999,0.99,-1.39,1790409000,999,60,1790409240,-0.0,0.084,3.65
4.0,11.2,0.43,Up,True,420.0,0.99,0.9125881256,0.95,1.0,0.9267,0.99,0.0,1790409900,999,51,1790410149,0.0,0.129,1.45
-0.0,18.6,-0.59,Down,True,61.0,0.99,0.98,0.99,1.0,0.9845,0.99,-0.51,1790410200,999,60,1790410440,0.0,0.133,2.16
-0.0,7.9,-0.12,Down,True,100.0,0.99,0.96,0.97,0.988,0.7599,0.99,0.4,1790410500,3950.0,51,1790410749,-0.0,0.186,0.71
-0.0,6.3,3.61,Down,True,50.0,0.99,0.9516351239,0.95,1.0,0.9999,0.99,-0.52,1790410800,999,55,1790411045,-0.0,0.027,3.7
-0.55,18.5,-0.07,Down,True,100.0,0.99,0.86,0.95,0.9795,0.7257,0.99,0.27,1790412000,13.0,58,1790412242,-1.42,0.481,0.6
-0.0,4.3,-0.06,Down,True,20.0,0.99,0.95,0.95,0.9796,0.7254,0.99,0.44,1790412600,2150.0,58,1790412842,-0.0,0.113,0.6
-0.0,5.4,-0.08,Down,True,260.0,0.99,0.92,0.95,0.9651,0.7044,0.99,-0.0,1790412900,999,57,1790413143,-0.0,0.159,0.54
-0.0,2.2,-0.11,Down,True,100.0,0.99,0.9612878431,0.98,0.9588,0.734,0.99,0.4,1790413200,999,39,1790413461,0.0,0.066,0.62
0.33,-0.8,1.32,Down,True,500.0,0.99,0.9001086857,0.95,1.0,0.4685,0.99,1.26,1790413500,999,52,1790413748,0.28,0.157,-0.08
-0.2,18.4,0.18,Down,True,21.0,0.999,0.9,0.96,0.8181,0.7908,0.999,-0.0,1790414100,999,52,1790414348,-0.0,0.375,0.81
-0.0,30.7,0.06,Up,True,50.0,0.99,0.9899999119,0.9884123374,1.0,0.994,0.99,0.0,1790414400,999,60,1790414640,0.0,0.188,2.51
1.93,19.6,0.5,Down,False,305.0,0.98,0.010000000000000009,0.96,0.0445,0.9385,0.01,-0.0,1790414700,999,40,1790414960,1.68,0.239,1.54
1.62,7.5,0.64,Up,True,116.0,0.99,0.9092427213000001,0.95,1.0,0.6983,0.99,1.25,1790415000,999,54,1790415246,0.88,0.233,0.52
0.01,16.3,2.16,Down,True,34.0,0.99,0.95,0.96,1.0,0.9757,0.99,0.79,1790415300,999,60,1790415540,0.0,0.127,1.97
-0.0,11.8,-0.0,Down,True,73.0,0.99,0.9299999999999999,0.95,1.0,0.9994,0.99,0.42,1790415600,999,42,1790415858,-0.0,0.067,3.22
-0.0,6.2,-0.06,Up,True,111.0,0.99,0.94,0.95,0.9998,0.8571,0.99,0.0,1790415900,3100.0,57,1790416143,-0.0,0.091,1.07
-0.01,19.2,0.07,Down,True,25.0,0.99,0.98,0.99,1.0,1.0,0.99,-0.44,1790416200,999,60,1790416440,-0.0,0.06,4.92
-0.0,20.5,-3.18,Down,True,25.0,0.99,0.5800001092,0.95,0.995,0.9827,0.99,-0.0,1790416500,999,58,1790416742,0.0,0.152,2.11
0.0,17.9,-0.58,Up,True,50.0,0.99,0.9899999766,0.99,1.0,0.9978,0.99,-0.39,1790417100,8950.0,60,1790417340,-0.0,0.096,2.85
0.0,15.4,0.02,Up,True,15.0,0.99,0.99,0.9799991964,1.0,0.9776,0.99,-0.41,1790417400,999,60,1790417640,0.0,0.118,2.01
0.0,-3.9,0.05,Up,False,1375.0,0.95,0.01,0.95,0.0351,0.3834,0.12,-0.4,1790418000,999,49,1790418251,0.0,0.222,-0.3
-1.28,15.2,-0.14,Down,True,10.0,0.99,0.9703914591,0.99,1.0,0.9593,0.99,-0.0,1790418300,13.7,40,1790418560,-1.11,0.164,1.74
5.48,14.4,-0.87,Down,True,100.0,0.99,0.9694703885,0.98,1.0,0.9998,0.99,-0.39,1790418600,999,31,1790418869,2.55,0.087,3.52
0.0,11.3,2.58,Down,True,31.0,0.99,0.8,0.96,0.02,0.9528,0.99,-0.96,1790418900,999,60,1790419140,-0.0,0.104,1.67
0.0,0.8,0.0,Up,True,48.0,0.99,0.9328555363,0.95,0.9999,0.5232,0.99,1.18,1790419200,999,60,1790419440,0.0,0.212,0.06
-0.0,6.1,0.08,Up,True,19.0,0.99,0.9651593023,0.95,0.9958,0.7826,0.99,0.37,1790419500,999,57,1790419743,0.0,0.123,0.78
0.0,2.9,-0.04,Down,True,200.0,0.99,0.939999812,0.97,0.9996,0.7151,0.99,0.33,1790419800,999,27,1790420073,0.0,0.118,0.57
-0.0,7.9,0.49,Down,True,249.0,0.99,0.93,0.95,0.9956,0.6807,0.99,-0.33,1790420400,999,58,1790420642,0.0,0.263,0.47
0.0,8.7,0.19,Up,True,62.0,0.99,0.94,0.95,0.9689,0.7536,0.99,-0.28,1790420700,4350.0,37,1790420963,-0.0,0.247,0.69
2.99,14.6,1.38,Up,True,100.0,0.99,0.9400000005,0.95,1.0,0.9408,0.99,0.39,1790421000,999,60,1790421240,0.0,0.144,1.56
0.0,18.9,0.0,Up,True,100.0,0.99,0.9693989071,0.98,1.0,0.9915,0.99,0.0,1790421300,999,60,1790421540,0.0,0.121,2.38
-0.0,15.0,-0.0,Down,True,47.0,0.999,0.98,0.99,1.0,1.0,0.999,-0.56,1790421900,999,60,1790422140,-0.0,0.057,4.0
3.43,5.9,0.0,Up,True,23.0,0.99,0.97,0.9699999999,1.0,1.0,0.99,0.4,1790422200,2950.0,60,1790422440,-0.0,0.014,6.42
0.0,9.2,-2.83,Down,True,100.0,0.99,0.9400000012,0.95,1.0,0.9298,0.99,1.0,1790422800,999,60,1790423040,0.0,0.095,1.47
-0.0,13.3,0.1,Down,True,35.0,0.99,0.96,0.9599999693,1.0,0.9953,0.99,-0.0,1790423100,999,58,1790423342,0.0,0.08,2.6
0.0,16.2,0.0,Up,True,12.0,0.99,0.97,0.98,1.0,0.9957,0.99,-0.66,1790423400,999,60,1790423640,0.0,0.095,2.63
-0.0,6.3,0.09,Down,True,10.0,0.99,0.95,0.95,1.0,0.9405,0.99,-0.0,1790423700,999,57,1790423943,-0.0,0.063,1.56
0.0,36.3,0.0,Up,True,12.0,0.999,0.9899996832,0.9899998139,1.0,0.9843,0.999,0.0,1790424300,999,60,1790424540,0.0,0.259,2.15
-0.0,30.6,-0.0,Down,True,12.0,0.999,0.9879999992,0.99,1.0,0.9996,0.999,-0.0,1790424600,15300.0,60,1790424840,-0.0,0.14,3.35
-0.0,5.1,-0.07,Down,True,25.0,0.99,0.952636114,0.97,0.9859,0.7368,0.99,-0.0,1790425500,999,60,1790425740,-0.0,0.123,0.63
0.0,18.3,-0.15,Up,True,43.0,0.99,0.98,0.99,1.0,1.0,0.99,0.82,1790425800,999,60,1790426040,0.0,0.072,3.92
-0.01,21.2,-0.1,Up,True,100.0,0.999,0.9355230707,0.96,1.0,1.0,0.999,0.0,1790426700,10600.0,60,1790426940,-0.0,0.062,5.29
5.43,14.4,5.41,Down,True,300.0,0.99,0.9628769231,0.99,1.0,0.935,0.99,1.7,1790427000,999,55,1790427245,4.4,0.153,1.51
-0.0,19.9,-0.08,Up,True,42.0,0.99,0.9353503216,0.95,1.0,0.9952,0.99,0.0,1790427300,999,55,1790427545,0.0,0.123,2.59
0.0,7.1,0.0,Up,True,93.0,0.99,0.930000001,0.95,0.9545,0.7275,0.99,-0.37,1790427600,3550.0,39,1790427861,-0.0,0.224,0.61
0.0,21.6,0.46,Up,True,401.0,0.99,0.95,0.95,0.8954,0.9365,0.99,0.0,1790427900,999,49,1790428151,0.0,0.24,1.53
0.0,80.9,-1.08,Down,True,326.0,0.99,0.99,0.99,1.0,0.9924,0.99,-1.3,1790428200,999,55,1790428445,0.0,0.534,2.43
-0.0,15.5,-0.0,Down,True,109.0,0.99,0.97,0.99,0.9996,0.8912,0.99,-0.0,1790428500,7750.0,37,1790428763,-0.0,0.246,1.23
-0.0,22.1,-0.03,Down,True,100.0,0.99,0.98,0.99,1.0,0.9041,0.99,0.26,1790428800,999,60,1790429040,-0.0,0.26,1.31
-0.0,4.8,0.06,Down,True,1263.0,0.99,0.31999999999999995,0.95,0.1086,0.7486,0.9,-0.0,1790429400,999,22,1790429678,0.0,0.183,0.67
0.04,28.0,-0.06,Up,True,78.0,0.99,0.9799991964,0.99,1.0,0.9707,0.99,0.49,1790429700,14000.0,60,1790429940,-0.0,0.228,1.89
1.5,17.2,-0.0,Down,True,1084.0,0.99,0.7784364594,0.95,1.0,0.9958,0.99,-0.52,1790430000,999,45,1790430255,0.93,0.116,2.64
0.74,39.5,-0.04,Up,True,238.0,0.99,0.9540666667,0.96,1.0,0.9995,0.99,0.0,1790430300,999,51,1790430549,0.0,0.201,3.28
-0.0,32.4,-0.0,Down,True,960.0,0.99,0.8,0.95,0.9978,0.9995,0.99,-0.44,1790430600,999,52,1790430848,-0.0,0.163,3.3
4.54,6.7,3.45,Down,True,412.0,0.99,0.6652941176,0.98,0.9085,0.6521,0.975,2.34,1790430900,999,58,1790431142,6.46,0.268,0.39
3.88,9.1,0.71,Up,True,1000.0,0.99,0.8534997871,0.95,1.0,0.849,0.99,0.92,1790431200,999,31,1790431469,3.88,0.189,1.03
-0.0,38.7,0.06,Down,True,322.0,0.99,0.8529403757,0.99,0.9999,0.9889,0.99,-0.34,1790431500,19350.0,60,1790431740,-0.0,0.26,2.29
0.0,17.6,0.86,Up,True,2295.0,0.99,0.7876116192,0.95,1.0,0.9977,0.99,0.0,1790431800,999,55,1790432045,0.0,0.099,2.84
0.0,3.0,0.0,Up,True,589.0,0.99,0.95,0.95,0.8509,0.6298,0.99,0.0,1790432100,999,49,1790432351,0.0,0.153,0.33
-0.01,3.4,-0.12,Up,True,20.0,0.99,0.94,0.95,0.9999,0.8649,0.99,0.0,1790432400,999,57,1790432643,0.0,0.048,1.1
0.0,1.4,0.14,Up,True,15.0,0.99,0.94,0.95,1.0,0.6377,0.99,0.0,1790432700,999,51,1790432949,0.0,0.065,0.35
-0.0,6.5,4.18,Down,True,1620.0,0.99,0.051767218099999956,0.95,1.0,0.9452,0.96,2.3,1790433300,3250.0,31,1790433569,-0.0,0.086,1.6
0.0,22.0,0.46,Up,True,25.0,0.99,0.65,0.99,1.0,0.9977,0.99,0.46,1790433600,999,60,1790433840,0.0,0.119,2.84
0.0,2.3,0.07,Up,True,100.0,0.99,0.8920684685,0.95,0.915,0.6711,0.99,-0.46,1790433900,999,48,1790434152,0.0,0.089,0.44
-0.0,27.4,-0.81,Down,True,100.0,0.99,0.9480476502,0.99,1.0,1.0,0.99,-0.0,1790434500,13700.0,60,1790434740,-0.0,0.099,4.24
0.0,2.3,0.06,Up,True,37.0,0.99,0.9256085223,0.95,1.0,0.5796,0.99,-0.44,1790434800,999,58,1790435042,0.0,0.177,0.2
-0.0,11.8,-0.0,Down,True,35.0,0.99,0.94,0.97,1.0,0.9639,0.99,-0.42,1790435100,999,58,1790435342,0.0,0.103,1.8
0.0,-3.4,-0.11,Up,True,244.0,0.99,0.92,0.95,,0.0191,,0.0,1790435400,-1700.0,4,1790435696,-0.0,0.098,-2.07
0.0,8.5,-0.12,Up,True,88.0,0.99,0.97,0.98,1.0,0.9953,0.99,-0.44,1790435700,999,60,1790435940,0.0,0.051,2.6
-10.76,-10.7,-5.52,Down,False,20.0,0.9699999961,0.010000000000000009,0.97,0.0,0.0093,0.01,-1.79,1790436000,-2.7,60,1790436240,-4.0,0.07,-2.35
0.0,13.6,0.0,Up,True,88.0,0.99,0.9699999961,0.9699998448,1.0,0.9239,0.99,0.0,1790436300,999,60,1790436540,0.0,0.146,1.43
-0.0,12.0,-0.0,Down,True,60.0,0.99,0.95,0.95,0.9885,0.7535,0.99,0.15,1790436900,999,55,1790437145,-0.0,0.281,0.69
-0.0,21.9,0.03,Down,True,10.0,0.99,0.99,0.99,0.0239,0.9425,0.99,-1.19,1790437200,10950.0,60,1790437440,-0.0,0.214,1.58
-0.0,17.3,0.97,Down,True,49.0,0.99,0.97,0.98,1.0,0.9103,0.99,0.78,1790437500,999,60,1790437740,-0.0,0.198,1.34
0.0,11.4,-0.05,Up,True,198.0,0.99,0.95,0.95,1.0,0.9445,0.99,0.0,1790438100,999,55,1790438345,0.0,0.115,1.59
-0.0,13.2,-0.9,Down,True,36.0,0.99,0.90492,0.96,0.7339,0.8163,0.99,0.39,1790438400,999,57,1790438643,-0.0,0.231,0.9
0.0,7.5,-0.1,Up,True,33.0,0.99,0.9299999999999999,0.95,1.0,0.9483,0.99,0.89,1790438700,3750.0,58,1790438942,-0.0,0.072,1.63
0.09,12.0,-0.0,Down,True,10.0,0.99,0.98,0.98,1.0,0.9537,0.99,-0.53,1790439000,999,60,1790439240,0.05,0.109,1.68
0.0,10.7,0.0,Up,True,30.0,0.99,0.92,0.96,1.0,0.9963,0.99,-0.42,1790439300,999,57,1790439543,0.0,0.063,2.68
-0.0,25.2,-0.0,Down,True,9.0,0.99,0.99,0.99,1.0,0.9695,0.99,-0.0,1790439600,999,60,1790439840,0.0,0.207,1.87
-0.0,17.1,-0.65,Down,True,31.0,0.999,0.78,0.97,0.9679,0.9987,0.999,-1.14,1790439900,8550.0,60,1790440140,-0.0,0.087,3.01
-0.0,13.5,-0.0,Down,True,20.0,0.99,0.96,0.96,1.0,0.9627,0.99,-0.47,1790440500,999,60,1790440740,0.0,0.116,1.78
-0.01,0.3,2.93,Down,True,54.0,0.99,0.8871653991,0.96,0.748,0.6097,0.97,2.65,1790440800,999,27,1790441073,-0.0,0.026,0.28
1.77,19.3,-0.0,Down,True,271.0,0.99,0.9699999389,0.9699998448,0.7903,0.9517,0.99,-0.0,1790441100,999,60,1790441340,1.68,0.179,1.66
1.4,20.1,1.58,Down,True,20.0,0.99,0.99,0.99,1.0,0.9335,0.99,0.8,1790441400,10050.0,60,1790441640,-0.0,0.205,1.5
0.27,3.9,-0.04,Down,True,477.0,0.99,0.939688448,0.95,0.7783,0.5944,0.99,0.33,1790441700,999,51,1790441949,0.4,0.274,0.24
1.1,25.6,1.34,Down,True,115.0,0.99,0.98,0.99,1.0,0.9985,0.99,0.42,1790442000,999,60,1790442240,0.78,0.133,2.97
-0.0,11.4,-0.0,Down,True,34.0,0.99,0.9,0.95,0.9125,0.8089,0.99,0.2,1790442300,999,42,1790442558,-0.0,0.24,0.87
0.0,4.1,0.0,Up,True,353.0,0.99,0.9526370436,0.98,0.9427,0.7481,0.99,0.0,1790442600,999,28,1790442872,0.0,0.136,0.67
-1.54,26.0,0.09,Down,True,13.0,0.99,0.98,0.98,1.0,1.0,0.99,-0.0,1790442900,999,60,1790443140,-0.0,0.091,4.37
0.0,8.0,0.0,Up,True,22.0,0.999,0.96,0.95,0.9681,0.7121,0.99,0.42,1790443200,999,55,1790443445,0.0,0.229,0.56
-0.01,18.0,1.31,Down,True,187.0,0.99,0.94,0.95,1.0,0.969,0.99,-0.0,1790443500,999,54,1790443746,0.0,0.156,1.87
-0.0,12.3,-0.08,Down,True,10.0,0.99,0.9299999888,0.95,1.0,0.9311,0.99,-0.0,1790443800,999,54,1790444046,0.0,0.134,1.48
0.76,4.0,0.0,Up,True,20.0,0.99,0.96,0.96,1.0,0.7329,0.99,0.32,1790444400,999,60,1790444640,0.4,0.099,0.62
-0.07,17.1,-0.0,Down,True,20.0,0.99,0.939999812,0.95,1.0,0.9935,0.99,-0.41,1790445000,999,52,1790445248,-0.0,0.113,2.48
0.0,14.3,-0.06,Up,True,25.0,0.99,0.9899999446,0.9899995199,1.0,0.9729,0.99,-0.93,1790445300,999,58,1790445542,0.0,0.116,1.93
0.0,16.6,0.0,Up,True,25.0,0.99,0.9897518934,0.9799999628,1.0,0.9948,0.99,-0.33,1790445600,999,60,1790445840,0.0,0.099,2.56
-0.0,3.3,-0.0,Down,True,37.0,0.99,0.91,0.96,1.0,1.0,0.99,-0.48,1790446200,999,49,1790446451,-0.0,0.001,70.66
0.0,20.1,-0.0,Down,True,19.0,0.99,0.9899999119,0.99,1.0,0.9996,0.99,-0.0,1790446500,999,60,1790446740,0.0,0.092,3.34
-0.01,16.3,0.0,Up,True,3.0,0.999,0.9793333333,0.99,1.0,0.9997,0.993,-0.84,1790446800,8150.0,60,1790447040,-0.0,0.073,3.42
5.85,6.5,1.79,Up,True,124.0,0.99,0.6,0.95,0.0,0.9992,0.99,2.05,1790447400,999,58,1790447642,1.0,0.032,3.14
-0.0,8.7,-0.0,Down,True,100.0,0.99,0.9328923488,0.97,1.0,0.8495,0.99,-0.47,1790448000,999,54,1790448246,0.0,0.136,1.03
-1.49,8.7,-2.18,Down,True,30.0,0.99,0.7292307692,0.95,0.7309,0.6992,0.99,-1.69,1790448300,5.9,60,1790448540,-1.47,0.257,0.52
-0.0,12.9,-2.24,Down,True,20.0,0.99,0.9599996928,0.96,1.0,0.9498,0.99,-1.04,1790448600,999,57,1790448843,-0.0,0.124,1.64
-0.47,-0.4,0.13,Down,True,31.0,0.99,0.94,0.97,0.0,0.0,0.98,-0.0,1790448900,999,25,1790449175,-0.0,0.001,-11.4
-0.0,17.7,-0.0,Down,True,6.0,0.99,0.98,0.99,1.0,0.9376,0.99,-0.0,1790449500,999,60,1790449740,-0.0,0.177,1.54
0.0,9.3,0.53,Up,True,40.0,0.99,0.9572342075,0.95,1.0,0.9277,0.99,0.0,1790449800,4650.0,58,1790450042,-0.0,0.099,1.46
7.45,5.4,0.63,Up,True,31.0,0.99,0.96,0.9688235294,1.0,1.0,0.99,0.55,1790450100,999,58,1790450342,0.6,0.015,5.59
0.01,2.3,0.0,Up,True,78.0,0.99,0.9227513398,0.95,0.9896,0.7768,0.99,0.0,1790450400,999,46,1790450654,0.0,0.054,0.76
2.89,10.3,0.0,Up,True,43.0,0.99,0.9358390844,0.9664280612,1.0,0.9909,0.99,1.88,1790450700,999,60,1790450940,0.0,0.067,2.36
-0.01,14.2,-0.12,Up,True,17.0,0.99,0.9377890906,0.9699999389,1.0,1.0,0.99,0.0,1790451900,7100.0,60,1790452140,-0.0,0.055,3.96
-0.0,4.9,-0.0,Down,True,22.0,0.999,0.95,0.96,0.969,0.7098,0.999,-1.01,1790452200,999,57,1790452443,0.0,0.139,0.55
0.53,4.9,0.0,Up,True,16.0,0.99,0.7800000335,0.95,1.0,1.0,0.99,0.0,1790452500,999,45,1790452755,0.0,0.001,121.91
4.51,20.7,4.0,Down,True,126.0,0.99,0.98,0.99,1.0,0.966,0.99,3.82,1790453100,999,49,1790453351,1.73,0.193,1.83
0.0,14.2,1.67,Up,True,194.0,0.99,0.9477464789,0.95,0.9999,0.8742,0.99,0.0,1790453400,999,57,1790453643,0.0,0.195,1.15
-0.01,4.9,-0.09,Up,True,250.0,0.99,0.8417878596,0.95,1.0,0.9986,0.99,1.43,1790454000,2450.0,21,1790454279,-0.0,0.042,3.0
-0.01,13.2,0.0,Up,True,19.0,0.99,0.9754098361,0.99,1.0,0.9967,0.99,-0.97,1790454600,6600.0,60,1790454840,-0.0,0.075,2.72
2.82,11.7,2.95,Down,True,11.0,0.99,0.9791954965,0.99,1.0,0.9995,0.99,-0.84,1790454900,5850.0,60,1790455140,-0.0,0.054,3.3
-1.31,18.9,-0.01,Down,True,75.0,0.999,0.94492491,0.96,1.0,0.7491,0.999,0.35,1790455500,9450.0,55,1790455745,-0.0,0.451,0.67
0.0,24.7,0.0,Up,True,31.0,0.99,0.9652212389,0.9699999992,1.0,0.9831,0.99,0.32,1790456100,999,60,1790456340,0.0,0.178,2.12
0.0,10.5,0.51,Up,True,10.0,0.99,0.97,0.98,1.0,0.9953,0.99,1.89,1790456400,999,60,1790456640,0.0,0.062,2.6
-0.0,-1.0,-0.25,Up,True,96.0,0.99,0.9300000001,0.95,0.3541,0.4424,0.99,-0.51,1790456700,999,34,1790456966,0.0,0.144,-0.14
0.0,18.4,-0.06,Up,True,52.0,0.99,0.95,0.96,1.0,0.9783,0.99,-0.38,1790457000,999,60,1790457240,0.0,0.14,2.02
-0.0,18.8,0.0,Up,True,5.0,0.99,0.99,0.99,1.0,0.9999,0.99,-0.41,1790457300,999,60,1790457540,0.0,0.077,3.72
-0.0,20.1,0.76,Down,True,52.0,0.99,0.97,0.9699999961,1.0,0.9141,0.99,-0.0,1790457600,999,60,1790457840,-0.0,0.226,1.37
0.0,34.7,-0.03,Up,True,9.0,0.999,0.99,0.99,1.0,0.9948,0.99,1.09,1790457900,999,60,1790458140,0.0,0.208,2.56
0.0,22.0,-0.69,Up,True,200.0,0.99,0.96,0.96,1.0,0.9075,0.99,0.69,1790458200,999,60,1790458440,0.0,0.254,1.33
-0.0,10.4,0.44,Down,True,100.0,0.99,0.9490003333,0.9504950194,0.9991,0.7564,0.99,1.05,1790458500,5200.0,60,1790458740,-0.0,0.229,0.69
-0.0,9.9,-0.0,Down,True,28.0,0.99,0.88,0.97,0.6175,0.852,0.99,0.51,1790459100,999,55,1790459345,-0.0,0.152,1.04
-0.0,22.1,-0.0,Down,True,60.0,0.99,0.9755541069,0.98,1.0,0.98,0.99,0.38,1790459400,999,60,1790459640,-0.0,0.165,2.05
0.0,23.0,-1.19,Up,True,5.0,0.999,0.98,0.98,1.0,0.9806,0.999,0.48,1790459700,999,60,1790459940,0.0,0.171,2.07
-2.23,15.7,-0.57,Up,True,20.0,0.99,0.85,0.95,0.2421,0.8698,0.99,-1.83,1790460600,999,54,1790460846,0.0,0.226,1.13
0.57,34.0,2.8,Down,True,12.0,0.99,0.98,0.98,1.0,0.99,0.99,2.92,1790460900,999,60,1790461140,0.68,0.224,2.33
1.62,-2.7,4.52,Up,True,491.0,0.99,0.87,0.95,0.9989,0.417,0.99,3.43,1790461200,999,45,1790461455,2.0,0.231,-0.21
0.0,40.7,0.0,Up,True,100.0,0.99,0.99,0.99,1.0,0.9115,0.99,0.0,1790461500,999,60,1790461740,0.0,0.462,1.35
-0.0,27.7,-0.0,Down,True,66.0,0.99,0.98,0.98,1.0,1.0,0.99,0.53,1790462100,999,60,1790462340,-0.0,0.076,5.61
0.0,25.2,0.0,Up,True,10.0,0.99,0.97,0.98,1.0,0.9984,0.99,-0.61,1790462400,999,60,1790462640,0.0,0.131,2.95
1.09,3.3,2.0,Up,True,68.0,0.99,0.95,0.9514534884,0.8097,0.6214,0.99,0.61,1790462700,999,40,1790462960,1.17,0.202,0.31
-0.0,36.1,-0.9,Down,True,19.0,0.99,0.9745762712,0.99,1.0,0.9998,0.99,0.48,1790463900,999,60,1790464140,-0.0,0.153,3.61
2.66,21.4,-0.06,Up,True,62.0,0.99,0.97,0.98,1.0,0.956,0.99,0.0,1790464200,999,60,1790464440,0.02,0.192,1.71
0.0,14.5,-0.03,Up,True,25.0,0.999,0.9299999999999999,0.95,1.0,0.7795,0.999,0.0,1790464500,999,55,1790464745,0.0,0.301,0.77
0.0,18.8,-0.05,Up,True,77.0,0.99,0.95,0.96,0.6626,0.9004,0.99,0.4,1790464800,999,60,1790465040,0.0,0.224,1.28
-2.03,25.9,-1.15,Down,True,25.0,0.999,0.98,0.99,0.6066,0.9113,0.99,-1.54,1790465100,999,46,1790465354,2.3,0.336,1.35
3.02,9.8,1.14,Up,False,150.0,0.99,0.01,0.95,0.0,0.7544,0.01,1.45,1790465700,999,54,1790465946,0.33,0.23,0.69
-0.0,8.3,0.0,Up,True,53.0,0.99,0.9,0.95,1.0,0.8066,0.99,0.0,1790466600,4150.0,60,1790466840,-0.0,0.147,0.87
0.0,0.7,0.1,Up,True,250.0,0.99,0.94,0.95,1.0,0.5474,0.99,0.0,1790466900,999,22,1790467178,0.0,0.155,0.12
0.0,6.1,0.09,Up,True,122.0,0.99,0.9099997573,0.95,0.9907,0.7972,0.99,0.44,1790467500,999,40,1790467760,0.0,0.138,0.83
-0.0,28.4,-0.0,Down,True,4.0,0.99,0.99,0.99,1.0,1.0,0.99,-0.0,1790467800,999,60,1790468040,-0.0,0.109,3.98
-0.0,22.9,-0.21,Down,True,6.0,0.99,0.98,0.99,1.0,0.9997,0.99,-0.0,1790468100,999,60,1790468340,-0.0,0.101,3.47
-0.0,1.6,-0.0,Down,True,131.0,0.99,0.9299999999999999,0.95,1.0,0.5813,0.99,-0.44,1790468400,800.0,54,1790468646,-0.0,0.123,0.21
-0.0,0.1,-0.69,Down,True,50.0,0.99,0.9,0.96,0.5256,0.5077,0.99,-0.5,1790468700,999,55,1790468945,-0.0,0.121,0.02
0.0,8.7,0.0,Up,True,150.0,0.99,0.19999999999999996,0.95,0.884,0.8321,0.65,0.81,1790469300,999,27,1790469573,0.0,0.206,0.96
0.01,10.2,-0.0,Down,True,9.0,0.99,0.98,0.99,1.0,0.9967,0.99,-0.0,1790469600,999,60,1790469840,-0.0,0.057,2.72
-0.0,13.6,-0.0,Down,True,25.0,0.99,0.95,0.99,1.0,0.9925,0.99,-0.58,1790469900,6800.0,60,1790470140,-0.0,0.085,2.43
0.0,0.5,0.11,Up,True,124.0,0.99,0.9299338265,0.95,1.0,1.0,0.99,0.0,1790470500,999,40,1790470760,0.0,0.001,13.79
-0.0,9.3,-0.0,Down,True,100.0,0.99,0.94,0.95,1.0,0.999,0.99,-0.0,1790470800,999,60,1790471040,-0.0,0.046,3.1
0.0,4.9,-0.07,Up,True,50.0,0.99,0.93,0.95,1.0,0.7366,0.99,-0.44,1790471100,999,58,1790471342,0.0,0.121,0.63
0.46,18.0,1.78,Down,True,50.0,0.99,0.98,0.99,1.0,0.8031,0.99,1.88,1790471700,999,60,1790471940,-0.0,0.323,0.85
0.0,10.4,-0.09,Up,True,48.0,0.99,0.92,0.96,1.0,0.9986,0.99,0.0,1790472000,999,49,1790472251,0.0,0.059,3.0
1.73,19.2,-0.15,Down,True,293.0,0.99,0.95,0.97,1.0,0.9552,0.99,-0.0,1790472600,9600.0,60,1790472840,-0.0,0.173,1.7
0.0,2.3,0.0,Up,True,19.0,0.99,0.95,0.95,1.0,0.7766,0.99,-1.77,1790472900,999,58,1790473142,0.0,0.048,0.76
-0.0,25.0,-0.03,Down,True,6.0,0.99,0.98,0.99,1.0,0.9733,0.99,0.64,1790474400,12500.0,60,1790474640,-0.0,0.198,1.93
0.94,4.2,1.34,Down,False,115.0,0.99,0.010000000000000009,0.95,0.0,0.6384,0.01,1.39,1790475300,999,57,1790475543,0.93,0.185,0.35
0.22,4.3,0.97,Down,True,50.0,0.99,0.94,0.95,0.9545,0.6917,0.99,0.91,1790475900,999,57,1790476143,-0.0,0.133,0.5
-0.0,21.1,0.0,Up,True,50.0,0.99,0.71,0.9689908524,0.0126,0.9999,0.99,0.0,1790476200,999,60,1790476440,0.0,0.083,3.89
3.1,25.9,2.64,Down,True,10.0,0.99,0.98,0.99,1.0,0.9989,0.99,-0.47,1790476500,999,60,1790476740,2.14,0.129,3.07
-0.0,5.8,-0.0,Down,True,100.0,0.99,0.92,0.95,1.0,0.9701,0.99,-0.61,1790476800,2900.0,54,1790477046,-0.0,0.049,1.88
0.0,4.8,0.0,Up,True,84.0,0.99,0.94,0.95,0.8663,0.6474,0.99,-0.47,1790477400,999,43,1790477657,0.0,0.23,0.38
6.63,11.2,0.09,Down,True,187.0,0.99,0.8148667247,0.98,1.0,0.9997,0.99,0.91,1790477700,999,45,1790477955,2.05,0.058,3.41
0.01,21.3,-0.0,Down,True,9.0,0.99,0.98,0.99,1.0,1.0,0.99,-1.09,1790478900,999,60,1790479140,-0.0,0.067,4.88
-0.0,30.5,-0.0,Down,True,2.0,0.99,0.99,0.99,1.0,1.0,0.99,-0.53,1790479500,15250.0,60,1790479740,-0.0,0.116,4.03
-0.0,0.5,-0.05,Up,True,500.0,0.99,0.8236109441,0.9799991964,0.6066,0.5431,0.99,0.0,1790480400,250.0,30,1790480670,-0.0,0.099,0.11
1.73,2.0,3.21,Down,True,215.0,0.99,0.20999999999999996,0.98,1.0,0.5787,0.99,1.07,1790480700,999,58,1790480942,1.48,0.16,0.2
1.84,5.9,0.0,Up,True,500.0,0.99,0.94,0.95,0.998,0.9356,0.99,0.0,1790481000,999,18,1790481282,1.07,0.109,1.52
0.0,22.4,-0.08,Up,True,5.0,0.99,0.99,0.99,1.0,1.0,0.99,0.5,1790481300,999,60,1790481540,0.0,0.084,4.08
0.0,5.2,-0.22,Up,True,150.0,0.99,0.8964789783,0.9599996928,0.9529,0.8111,0.99,-0.39,1790482800,2600.0,18,1790483082,-0.0,0.165,0.88
-0.0,13.0,-0.16,Down,True,25.0,0.99,0.9699998448,0.99,1.0,0.9984,0.99,-0.51,1790483100,999,60,1790483340,-0.0,0.068,2.94
-0.0,21.4,-0.06,Down,True,16.0,0.99,0.99,0.99,1.0,0.9979,0.99,0.36,1790483700,999,60,1790483940,-0.0,0.115,2.86
1.03,16.9,0.81,Down,True,61.0,0.99,0.9799999839,0.98,1.0,0.9339,0.99,-0.0,1790484000,999,60,1790484240,0.94,0.171,1.51
0.0,-5.2,-0.4,Up,True,250.0,0.99,0.7299999605,0.95,0.8701,0.0,0.99,0.0,1790484900,999,40,1790485160,0.0,0.019,-5.09
-0.0,16.5,-0.0,Down,True,110.0,0.99,0.96,0.97,1.0,0.9932,0.99,-0.0,1790485800,999,60,1790486040,-0.0,0.102,2.47
-0.5,-0.7,-0.0,Down,True,100.0,0.99,0.19999999999999996,0.95,0.0,0.0,0.977,-0.0,1790486400,999,39,1790486661,-0.0,0.001,-17.47
-0.0,-0.9,0.08,Down,True,274.0,0.99,0.91,0.95,0.0,0.0,0.99,-0.65,1790486700,999,36,1790486964,0.0,0.001,-25.49
-0.0,-0.8,-0.0,Down,True,140.0,0.99,0.9062111801,0.95,0.4066,0.4611,0.99,-0.96,1790487900,999,30,1790488170,-0.0,0.178,-0.1
0.0,13.1,0.0,Up,True,165.0,0.99,0.95,0.95,1.0,0.8913,0.99,0.46,1790488500,999,58,1790488742,0.0,0.165,1.23
-0.86,10.5,-0.13,Up,True,28.0,0.99,0.89,0.95,0.9992,0.8485,0.99,-0.79,1790488800,12.9,46,1790489054,-0.81,0.177,1.03
2.08,31.2,1.64,Down,True,40.0,0.99,0.97,0.98,0.9997,0.959,0.99,0.4,1790489700,999,60,1790489940,3.05,0.274,1.74
-0.0,11.6,-0.03,Down,True,12.0,0.99,0.98,0.98,1.0,0.9492,0.99,0.44,1790490300,5800.0,60,1790490540,-0.0,0.108,1.64
0.0,4.2,-0.04,Down,True,200.0,0.99,0.9231010411,0.96,0.9735,0.7535,0.99,-0.0,1790490900,999,40,1790491160,0.0,0.115,0.69
0.0,6.5,-0.0,Down,True,100.0,0.99,0.94,0.95,0.003,0.779,0.99,1.05,1790491200,999,57,1790491443,-0.0,0.131,0.77
0.0,-0.7,0.0,Up,True,339.0,0.99,0.9299998419,0.95,0.4437,0.471,0.99,-0.5,1790492100,999,19,1790492381,0.0,0.247,-0.07
0.0,14.6,1.44,Up,True,20.0,0.99,0.9799999489,0.99,1.0,0.8762,0.99,-0.42,1790492400,999,60,1790492640,0.0,0.193,1.16
-0.0,14.3,-0.05,Down,True,6.0,0.99,0.78,0.98,1.0,0.9957,0.99,0.45,1790492700,999,60,1790492940,-0.0,0.083,2.63
3.09,6.2,0.34,Down,True,250.0,0.99,0.9299999999999999,0.96,1.0,0.8165,0.99,0.36,1790493000,999,51,1790493249,-0.0,0.113,0.9
5.04,30.8,1.91,Down,True,100.0,0.99,0.7076233693,0.99,1.0,0.9863,0.99,1.57,1790493300,999,43,1790493557,6.8,0.252,2.2
-0.01,9.9,-0.0,Down,True,31.0,0.99,0.9190198437,0.95,1.0,1.0,0.99,-0.54,1790493600,4950.0,43,1790493857,-0.0,0.035,5.17
-0.0,16.8,-1.09,Down,True,5.0,0.99,0.9642748092,0.98,1.0,0.9678,0.99,-0.19,1790494500,999,60,1790494740,0.0,0.138,1.85
0.0,10.1,-0.59,Up,True,96.0,0.99,0.31000000000000005,0.95,1.0,0.8774,0.99,-0.66,1790495100,999,55,1790495345,0.0,0.139,1.16
0.0,33.2,-0.02,Up,True,5.0,0.999,0.9779999992,0.979,1.0,0.8531,0.999,0.39,1790495400,999,60,1790495640,0.0,0.482,1.05
0.0,35.3,-0.49,Up,True,100.0,0.99,0.94,0.95,1.0,0.881,0.99,-0.09,1790496000,999,58,1790496242,0.0,0.463,1.18
0.0,17.2,-0.26,Up,True,12.0,0.99,0.94,0.9699999935,1.0,0.909,0.99,-0.59,1790496300,999,60,1790496540,0.0,0.196,1.33
-0.0,39.7,-0.02,Down,True,25.0,0.99,0.9799998852,0.98,1.0,0.9816,0.99,-0.0,1790496600,999,60,1790496840,0.0,0.289,2.09
0.0,4.8,0.41,Up,True,100.0,0.99,0.480075188,0.95,0.0859,0.6174,0.99,-0.25,1790496900,999,51,1790497149,0.0,0.263,0.3
-0.0,21.9,0.01,Down,True,80.0,0.99,0.9499998433,0.98,1.0,0.8541,0.99,1.04,1790497200,10950.0,60,1790497440,-0.0,0.317,1.05
3.14,18.3,1.8,Up,True,318.0,0.99,0.904464394,0.95,0.9991,0.8276,0.99,2.31,1790497500,999,55,1790497745,5.2,0.308,0.94
-2.77,11.3,-1.8,Up,True,50.0,0.99,0.8200000000000001,0.95,1.0,0.7378,0.99,-0.65,1790498700,2.8,51,1790498949,-4.08,0.294,0.64
0.0,8.6,0.0,Up,True,25.0,0.99,0.94,0.95,0.8051,0.7062,0.99,-0.23,1790499300,999,49,1790499551,0.0,0.267,0.54
0.0,21.9,-0.02,Up,True,222.0,0.99,0.95,0.96,0.9156,0.7741,0.99,-0.42,1790500200,999,60,1790500440,0.0,0.444,0.75
1.75,8.1,1.56,Down,True,333.0,0.99,0.925279008,0.95,0.9775,0.735,0.99,0.95,1790500500,999,51,1790500749,1.14,0.214,0.63
-0.0,1.6,-0.05,Down,True,142.0,0.99,0.92,0.95,0.7817,0.602,0.99,0.39,1790500800,999,42,1790501058,-0.0,0.111,0.26
-0.0,20.2,-0.0,Down,True,25.0,0.99,0.94,0.96,0.9989,0.9355,0.99,-0.3,1790501700,999,60,1790501940,-0.0,0.203,1.52
-0.0,21.5,-0.15,Up,True,17.0,0.99,0.9,0.96,1.0,0.9986,0.99,0.42,1790502000,10750.0,60,1790502240,-0.0,0.109,3.0
-0.0,25.2,-0.03,Down,True,31.0,0.99,0.95,0.9599998733,1.0,0.9346,0.99,0.23,1790502600,999,60,1790502840,-0.0,0.253,1.51
0.06,28.9,0.0,Up,True,3.0,0.99,0.99,0.99,1.0,0.9253,0.99,-1.98,1790502900,14450.0,60,1790503140,-0.0,0.305,1.44
1.98,8.2,0.79,Down,True,57.0,0.99,0.86,0.95,0.887,0.6429,0.99,-0.0,1790503200,999,57,1790503443,-0.0,0.351,0.37
1.81,20.8,4.13,Down,True,157.0,0.99,0.9,0.97,1.0,0.7698,0.99,2.09,1790504100,999,54,1790504346,2.8,0.452,0.74
0.0,11.3,-0.0,Down,True,236.0,0.99,0.8793220339,0.95,1.0,0.7258,0.99,-0.65,1790504400,999,48,1790504652,0.0,0.32,0.6
-0.0,39.9,-0.0,Down,True,8.0,0.99,0.98,0.99,1.0,0.9865,0.99,-0.0,1790504700,999,60,1790504940,-0.0,0.274,2.21
-0.0,26.3,-0.0,Down,True,100.0,0.99,0.98,0.99,1.0,0.9995,0.99,-2.07,1790505000,13150.0,60,1790505240,-0.0,0.121,3.3
-0.0,6.1,-0.0,Down,True,100.0,0.99,0.96,0.97,0.9998,0.7465,0.99,0.41,1790505300,999,37,1790505563,-0.0,0.178,0.66
-0.0,30.9,0.08,Down,True,15.0,0.99,0.99,0.99,1.0,1.0,0.99,-0.0,1790505600,999,60,1790505840,0.0,0.1,4.71
4.36,5.8,2.1,Up,True,100.0,0.99,0.8100000044,0.96,1.0,0.7781,0.99,0.92,1790505900,999,54,1790506146,1.58,0.122,0.77
0.0,6.3,0.0,Up,False,100.0,0.94,0.01,0.95,0.1064,0.7842,0.01,-0.39,1790506800,999,27,1790507073,0.0,0.183,0.79
-0.0,8.9,0.12,Down,True,198.0,0.99,0.92,0.96,0.9544,0.6873,0.99,0.67,1790507400,999,60,1790507640,-0.0,0.276,0.49
0.0,16.4,-0.15,Up,True,39.0,0.99,0.95,0.95,0.6407,0.9457,0.99,0.28,1790508300,999,58,1790508542,0.0,0.158,1.6
1.88,14.1,-0.0,Down,True,473.0,0.99,0.79716,0.95,0.9998,0.8782,0.99,-0.35,1790508900,999,48,1790509152,0.64,0.206,1.17
-0.0,6.6,-0.0,Down,True,96.0,0.99,0.9038003547,0.95,0.9485,0.7586,0.99,0.26,1790510100,3300.0,27,1790510373,-0.0,0.212,0.7
0.0,2.9,0.0,Up,True,51.0,0.99,0.96,0.96,1.0,0.7673,0.99,-0.76,1790510700,999,60,1790510940,0.0,0.061,0.73
-0.46,17.3,0.0,Up,True,10.0,0.99,0.98,0.9781493934,1.0,0.946,0.99,0.0,1790511000,999,60,1790511240,0.0,0.163,1.61
0.0,4.6,0.0,Up,True,66.0,0.99,0.94,0.95,0.9205,0.6733,0.99,0.43,1790511300,2300.0,31,1790511569,-0.0,0.216,0.45
-0.0,14.1,2.33,Down,True,23.0,0.99,0.95,0.96,1.0,0.9899,0.99,-0.0,1790511600,999,60,1790511840,-0.0,0.092,2.32
-0.0,22.0,-0.0,Down,True,10.0,0.99,0.98,0.99,1.0,0.9978,0.99,-0.0,1790511900,999,60,1790512140,-0.0,0.117,2.85
0.0,10.5,0.04,Up,True,16.0,0.99,0.99,0.99,1.0,0.9723,0.99,0.48,1790512200,999,60,1790512440,0.0,0.084,1.92
0.0,5.8,1.74,Up,True,55.0,0.99,0.96,0.96,1.0,0.8111,0.99,0.46,1790512500,2900.0,54,1790512746,-0.0,0.106,0.88
0.0,5.8,-0.42,Up,False,124.0,0.98,0.01,0.95,0.0599,0.6835,0.01,0.0,1790512800,999,45,1790513055,0.0,0.211,0.48
-0.47,36.3,-0.08,Down,True,10.0,0.999,0.9752065,0.99,1.0,1.0,0.999,-1.66,1790513100,133.5,60,1790513340,-0.27,0.108,5.1
-0.0,16.2,-0.15,Down,True,134.0,0.99,0.96,0.99,1.0,0.9905,0.99,-0.0,1790513400,999,60,1790513640,-0.0,0.105,2.35
7.26,62.8,2.37,Down,True,96.0,0.99,0.9799999965,0.99,1.0,1.0,0.99,2.81,1790516400,999,60,1790516640,8.16,0.209,4.56
-0.0,16.7,0.06,Down,True,48.0,0.99,0.94,0.95,1.0,0.9317,0.99,0.37,1790517000,8350.0,57,1790517243,-0.0,0.175,1.49
0.25,15.2,-0.03,Down,True,18.0,0.99,0.9399999624,0.95,1.0,0.7858,0.99,0.27,1790518200,999,58,1790518442,0.0,0.297,0.79
-0.0,35.0,0.82,Down,True,96.0,0.99,0.966774948,0.99,1.0,0.9967,0.99,0.71,1790518500,999,60,1790518740,-0.0,0.196,2.72
-1.81,29.1,-0.4,Up,True,10.0,0.99,0.94,0.9699999232,1.0,0.8466,0.99,-0.32,1790520000,6.9,60,1790520240,-4.2,0.433,1.02
-0.0,52.1,1.02,Down,True,25.0,0.99,0.99,0.99,1.0,0.9926,0.99,1.12,1790520900,999,60,1790521140,0.0,0.326,2.44
-0.53,17.8,0.26,Down,True,217.0,0.99,0.92,0.97,1.0,0.6814,0.99,0.51,1790521200,32.0,51,1790521449,-0.56,0.625,0.47
-0.51,-7.0,-0.76,Down,True,68.0,0.99,0.5146677741,0.95,0.1726,0.436,0.99,-0.93,1790521500,-3.1,39,1790521761,-2.24,0.826,-0.16
-0.0,15.0,-0.03,Down,True,28.0,0.99,0.87,0.97,0.3303,0.7434,0.99,0.22,1790521800,999,60,1790522040,-0.0,0.35,0.65
0.0,47.4,-0.44,Up,True,100.0,0.99,0.98,0.99,0.9818,0.9939,0.99,-0.29,1790522400,23700.0,60,1790522640,-0.0,0.288,2.51
0.86,16.2,0.63,Up,True,125.0,0.99,0.94,0.95,1.0,0.7494,0.99,0.94,1790522700,999,30,1790522970,1.2,0.521,0.67
-0.0,29.3,0.02,Down,True,30.0,0.99,0.9642141481,0.98,1.0,0.8536,0.99,0.22,1790523000,999,60,1790523240,-0.0,0.425,1.05
0.4,16.9,-0.0,Down,True,69.0,0.99,0.7200000202,0.97,1.0,0.9173,0.99,-0.0,1790523600,8450.0,60,1790523840,-0.0,0.186,1.39
0.0,29.7,0.0,Up,True,12.0,0.99,0.97,0.98,1.0,0.9623,0.99,0.0,1790523900,999,60,1790524140,0.0,0.255,1.78
2.2,40.6,2.37,Down,True,60.0,0.99,0.99,0.99,1.0,0.9935,0.99,1.88,1790524200,999,60,1790524440,2.93,0.25,2.48
0.0,30.5,0.0,Up,True,50.0,0.99,0.96,0.95,0.9943,0.9373,0.99,-0.34,1790524500,999,60,1790524740,0.0,0.305,1.53
0.38,23.9,1.23,Up,True,127.0,0.99,0.95,0.95,1.0,0.9749,0.99,0.8,1790524800,11950.0,54,1790525046,-0.0,0.196,1.96
-0.0,13.5,0.04,Down,True,30.0,0.99,0.94,0.96,0.9999,0.8735,0.99,0.39,1790525400,999,58,1790525642,-0.0,0.183,1.14
-0.0,13.3,0.57,Up,True,143.0,0.99,0.9295488358,0.95,1.0,0.7845,0.99,0.32,1790525700,999,52,1790525948,0.0,0.278,0.79
1.81,20.6,1.36,Up,True,196.0,0.99,0.72,0.95,0.9551,0.7588,0.99,1.5,1790526000,999,58,1790526242,0.0,0.455,0.7
0.7,8.6,1.92,Down,True,200.0,0.99,0.5699999467,0.96,0.9998,0.7038,0.99,-0.35,1790526300,999,54,1790526546,0.96,0.258,0.54
-1.66,27.9,-2.74,Up,True,100.0,0.99,0.96,0.98,1.0,0.9708,0.99,-1.03,1790527500,14.0,60,1790527740,-2.0,0.226,1.89
-0.72,20.7,-0.03,Up,True,28.0,0.99,0.938836826,0.95,0.4527,0.936,0.99,0.31,1790527800,999,60,1790528040,0.0,0.207,1.52
3.07,17.8,4.6,Down,True,260.0,0.99,0.8477321234,0.95,0.9997,0.9574,0.99,1.58,1790528100,999,45,1790528355,2.99,0.182,1.72
-0.0,4.7,0.05,Down,True,50.0,0.99,0.95,0.96,0.8162,0.6562,0.99,0.45,1790529000,999,25,1790529275,-0.0,0.279,0.4
0.0,7.4,0.0,Up,True,92.0,0.99,0.5200001536000001,0.96,1.0,0.7167,0.99,0.41,1790529600,999,60,1790529840,0.0,0.197,0.57
0.0,2.3,2.7,Down,True,398.0,0.99,0.92,0.95,0.8067,0.6161,0.99,0.45,1790529900,999,43,1790530157,-0.0,0.143,0.3
1.18,-0.6,2.67,Up,True,300.0,0.99,0.9336101133,0.95,0.9995,0.4828,0.99,1.41,1790530500,999,58,1790530742,1.27,0.202,-0.04
-0.0,23.6,-0.0,Down,True,201.0,0.99,0.95,0.96,1.0,0.9973,0.99,-0.49,1790530800,999,60,1790531040,-0.0,0.13,2.78
0.0,1.9,0.0,Up,True,33.0,0.99,0.9281325236,0.95,0.821,0.6078,0.99,0.0,1790531400,999,57,1790531643,0.0,0.107,0.27
0.0,12.8,-1.26,Up,True,25.0,0.99,0.9737662256,0.99,1.0,0.9929,0.99,-0.52,1790531700,999,60,1790531940,0.0,0.08,2.45
-0.01,13.8,-0.05,Down,True,100.0,0.99,0.96,0.98,1.0,1.0,0.99,-0.56,1790532000,999,60,1790532240,-0.0,0.039,5.39
0.0,6.9,-2.69,Up,True,215.0,0.99,0.9584549143,0.95,0.9957,0.7922,0.99,-1.02,1790532300,3450.0,52,1790532548,-0.0,0.139,0.81
-0.0,8.3,-0.0,Down,True,72.0,0.99,0.94,0.96,0.9134,0.7076,0.99,0.37,1790533800,4150.0,31,1790534069,-0.0,0.324,0.55
0.0,4.1,0.0,Up,True,153.0,0.99,0.95,0.9525925926,0.9827,0.7951,0.99,0.89,1790534100,999,33,1790534367,0.0,0.103,0.82
0.0,3.9,-0.47,Down,True,193.0,0.99,0.9299999999999999,0.95,0.8529,0.684,0.99,-2.02,1790534700,999,24,1790534976,0.0,0.196,0.48
-0.0,16.1,0.03,Down,True,30.0,0.99,0.9540222501,0.97,0.9711,0.7626,0.99,-1.01,1790535000,999,54,1790535246,-0.0,0.362,0.71
-0.25,14.9,-0.04,Down,True,80.0,0.99,0.28,0.96,0.422,0.8788,0.99,-0.0,1790537400,7450.0,60,1790537640,-0.0,0.194,1.17
0.0,0.3,0.0,Up,True,100.0,0.99,0.77,0.95,0.5517,0.5219,0.99,-0.47,1790538000,150.0,28,1790538272,-0.0,0.14,0.05
0.0,22.3,-0.1,Up,True,50.0,0.99,0.96,0.98,1.0,0.9862,0.99,-0.37,1790538300,999,60,1790538540,0.0,0.154,2.2
-0.0,11.3,-0.09,Down,True,45.0,0.99,0.9365964851,0.9599999349,1.0,1.0,0.99,-0.47,1790538900,999,55,1790539145,-0.0,0.036,4.95
-1.28,1.3,-0.48,Down,True,100.0,0.99,0.13000000869999995,0.96,0.6541,0.5812,0.74,-0.32,1790539500,1.1,19,1790539781,-1.19,0.172,0.2
-0.0,21.1,-1.03,Down,True,88.0,0.99,0.9370571522,0.95,1.0,0.9882,0.99,-0.36,1790540700,999,60,1790540940,-0.0,0.142,2.26
-0.0,20.9,0.06,Down,True,50.0,0.99,0.8500000075,0.95,1.0,0.9732,0.99,-0.0,1790541000,10450.0,58,1790541242,-0.0,0.168,1.93
0.0,21.8,1.35,Up,True,123.0,0.99,0.97,0.98,1.0,0.9558,0.99,0.0,1790541600,10900.0,60,1790541840,-0.0,0.195,1.7
-0.0,7.3,0.04,Down,True,83.0,0.99,0.929579804,0.95,1.0,0.7368,0.99,-0.28,1790542200,3650.0,43,1790542457,-0.0,0.208,0.63
-0.0,8.7,-0.0,Down,True,100.0,0.99,0.94,0.96,0.9984,0.8275,0.99,0.28,1790542500,999,49,1790542751,-0.0,0.156,0.94
-0.0,10.5,-0.05,Down,True,30.0,0.99,0.9161760859,0.95,0.9987,0.8194,0.99,0.41,1790543100,5250.0,54,1790543346,-0.0,0.184,0.91
0.0,5.9,-0.02,Up,True,100.0,0.99,0.9432636821,0.95,0.753,0.6434,0.99,-0.21,1790543700,999,40,1790543960,0.0,0.297,0.37
-3.06,16.9,-2.56,Down,True,14.0,0.99,0.96,0.98,1.0,0.9953,0.99,-1.54,1790544000,10.4,60,1790544240,-1.62,0.099,2.59
0.0,11.6,-1.02,Down,True,100.0,0.99,0.96,0.97,1.0,0.9087,0.99,-0.48,1790544600,999,60,1790544840,0.0,0.133,1.33
0.34,24.6,0.4,Up,True,200.0,0.99,0.8738109203,0.98,1.0,0.9084,0.99,0.67,1790545200,683.3,60,1790545440,-0.04,0.282,1.33
0.0,25.2,0.0,Up,True,54.0,0.99,0.9767156071,0.98,1.0,1.0,0.99,-2.72,1790545800,999,60,1790546040,0.0,0.078,4.9
2.14,13.1,2.1,Down,True,47.0,0.99,0.8207429421,0.97,0.9996,0.8809,0.99,1.48,1790546100,999,57,1790546343,2.0,0.174,1.18
-1.27,52.9,-0.29,Down,True,70.0,0.99,0.98,0.99,1.0,0.9309,0.99,-0.45,1790546700,999,60,1790546940,-0.0,0.545,1.48
-0.0,46.1,-0.02,Down,True,101.0,0.99,0.9769410842,0.99,1.0,0.9652,0.99,1.67,1790547000,999,60,1790547240,-0.0,0.388,1.81
-0.0,43.6,-0.0,Down,True,22.0,0.99,0.98,0.99,1.0,0.9881,0.99,-0.0,1790548800,999,60,1790549040,-0.0,0.296,2.26
-0.0,31.4,-0.0,Down,True,100.0,0.99,0.8800000023,0.96,1.0,0.942,0.99,0.24,1790549100,999,60,1790549340,-0.0,0.306,1.57
0.26,4.0,0.04,Down,True,212.0,0.99,0.95,0.97,1.0,0.658,0.99,1.13,1790549700,999,37,1790549963,0.27,0.193,0.41
0.82,37.9,0.4,Up,True,16.0,0.999,0.9699998832,0.97,1.0,0.897,0.999,0.22,1790550000,999,60,1790550240,2.0,0.459,1.26
0.69,30.3,0.93,Up,True,100.0,0.99,0.9021835444,0.95,1.0,0.8754,0.99,0.78,1790550900,999,57,1790551143,1.51,0.414,1.15
0.83,36.9,0.41,Up,True,45.0,0.99,0.87,0.95,1.0,0.9745,0.99,-0.26,1790551800,999,58,1790552042,1.31,0.294,1.95
0.22,6.0,0.63,Down,True,90.0,0.99,0.84,0.95,0.2752,0.6001,0.99,0.77,1790552100,999,60,1790552340,0.41,0.359,0.25
-2.35,33.1,-3.85,Up,True,10.0,0.99,0.96,0.99,1.0,0.9904,0.99,-3.44,1790553000,11.6,54,1790553246,-2.86,0.228,2.34
0.46,25.4,-0.0,Down,True,500.0,0.99,0.96669,0.9699999961,0.9906,0.8495,0.99,-0.0,1790553300,999,55,1790553545,0.97,0.393,1.03
2.07,13.8,1.39,Up,True,302.0,0.99,0.9305929589999999,0.95,1.0,0.7975,0.99,1.03,1790554200,999,46,1790554454,1.21,0.29,0.83
0.38,64.2,0.2,Down,True,68.0,0.99,0.94,0.96,1.0,0.8775,0.99,0.86,1790555700,999,60,1790555940,2.65,0.846,1.16
-0.18,36.4,-0.19,Down,True,125.0,0.99,0.81,0.95,0.706,0.9068,0.99,-0.56,1790556000,28.4,58,1790556242,-1.28,0.429,1.32
0.47,62.9,0.2,Down,True,38.0,0.99,0.98,0.99,1.0,0.9776,0.99,0.73,1790556600,999,60,1790556840,0.8,0.479,2.01
0.07,93.1,0.22,Down,True,100.0,0.99,0.99,0.99,0.8861,0.9168,0.99,0.14,1790557200,999,60,1790557440,3.51,1.033,1.38
0.34,42.7,0.7,Down,True,27.0,0.99,0.9499999208,0.97,0.8969,0.8012,0.99,0.97,1790558100,999,60,1790558340,2.65,0.775,0.85
2.53,70.9,3.09,Up,True,44.0,0.999,0.9781,0.9699999961,1.0,0.9791,0.999,2.06,1790558700,999,60,1790558940,4.8,0.535,2.04
1.81,42.6,1.41,Down,True,135.0,0.99,0.93,0.95,1.0,0.9047,0.99,1.3,1790559000,999,60,1790559240,4.63,0.5,1.31
2.98,43.3,3.24,Down,True,300.0,0.99,0.98,0.99,1.0,0.8915,0.99,2.1,1790559600,999,45,1790559855,7.48,0.624,1.23
1.3,21.9,0.39,Down,True,500.0,0.99,0.93,0.9579795341,1.0,0.7129,0.99,0.18,1790559900,999,51,1790560149,3.25,0.65,0.56
0.6,64.4,0.21,Up,True,154.0,0.99,0.96,0.9699999961,0.9498,0.869,0.99,0.4,1790560200,999,60,1790560440,1.68,0.885,1.12
0.9,67.0,0.46,Up,True,264.0,0.99,0.9186086958,0.95,0.9011,0.9363,0.99,0.19,1790561100,999,57,1790561343,3.84,0.696,1.52
-5.52,-40.1,-4.84,Down,True,10.0,0.99,0.92,0.99,0.0247,0.0844,0.99,-4.87,1790562000,-7.7,31,1790562269,-5.19,0.626,-1.38
0.18,57.3,-0.26,Up,True,11.0,0.99,0.98,0.99,0.9649,0.9456,0.99,-0.2,1790562300,999,58,1790562542,0.0,0.561,1.6
1.04,24.7,1.02,Down,True,1323.0,0.99,0.95,0.96,0.9509,0.7429,0.99,0.56,1790562900,999,58,1790563142,3.27,0.596,0.65
0.82,40.5,0.98,Up,True,56.0,0.99,0.95,0.96,1.0,0.86,0.99,1.05,1790563200,20250.0,60,1790563440,-0.0,0.58,1.08
0.58,15.4,-0.02,Up,True,100.0,0.99,0.92,0.95,1.0,0.7689,0.99,0.0,1790563800,999,34,1790564066,0.0,0.432,0.74
1.0,33.6,1.59,Down,True,25.0,0.99,0.95,0.96,1.0,0.9569,0.99,1.03,1790564100,999,60,1790564340,1.6,0.303,1.72
0.58,48.7,-0.16,Up,True,6.0,0.99,0.99,0.99,1.0,0.9613,0.99,-0.27,1790564400,308.2,60,1790564640,-0.16,0.427,1.77
0.64,19.6,1.13,Down,True,98.0,0.99,0.89961,0.97,0.535,0.8091,0.99,1.19,1790564700,999,40,1790564960,1.42,0.424,0.87
-0.0,29.8,0.46,Down,True,72.0,0.99,0.9299999907,0.96,0.9998,0.884,0.99,0.52,1790565000,999,57,1790565243,-0.0,0.395,1.2
1.41,18.3,1.6,Up,True,53.0,0.99,0.9672827506,0.95,0.798,0.7358,0.99,1.39,1790565300,999,52,1790565548,3.6,0.482,0.63
0.3,60.6,0.63,Down,True,50.0,0.99,0.99,0.99,1.0,0.9686,0.99,0.49,1790565900,999,60,1790566140,1.07,0.504,1.86
0.0,41.8,0.02,Up,True,20.0,0.99,0.99,0.98,0.9199,0.9917,0.99,-0.3,1790566800,999,60,1790567040,0.0,0.27,2.39
-0.0,34.3,-0.31,Down,True,32.0,0.99,0.98,0.98,1.0,0.9548,0.99,-1.0,1790567100,17150.0,58,1790567342,-0.0,0.319,1.69
-0.1,48.3,-0.12,Down,True,48.0,0.99,0.97,0.98,0.9999,0.897,0.99,-0.3,1790567400,999,60,1790567640,-0.0,0.59,1.26
-0.06,19.7,-3.22,Up,True,252.0,0.99,0.7700000006000001,0.95,0.9929,0.9853,0.99,-2.06,1790569200,999,30,1790569470,0.64,0.198,2.18
0.57,14.4,-0.0,Down,True,80.0,0.99,0.89,0.96,0.9792,0.8114,0.99,-0.0,1790569500,999,57,1790569743,0.78,0.259,0.88
0.0,39.5,-0.94,Up,True,187.0,0.99,0.98,0.97,1.0,0.9976,0.99,-0.79,1790570100,999,60,1790570340,0.0,0.216,2.82
-0.85,28.3,-1.31,Up,True,10.0,0.999,0.95,0.9699998448,1.0,0.979,0.99,-0.81,1790570400,29.4,60,1790570640,-0.96,0.215,2.03
0.0,19.7,-0.09,Up,True,142.0,0.99,0.96,0.98,0.9992,0.8187,0.99,0.0,1790571300,999,60,1790571540,0.0,0.334,0.91
0.47,21.7,0.31,Down,True,26.0,0.99,0.96,0.97,0.9998,0.7563,0.99,0.27,1790571900,999,60,1790572140,1.19,0.485,0.69
0.61,27.2,-0.03,Up,True,61.0,0.99,0.84,0.95,0.0791,0.8078,0.99,0.37,1790573100,999,60,1790573340,1.55,0.486,0.87
0.2,22.4,0.0,Up,True,24.0,0.99,0.9300000035,0.95,1.0,0.7899,0.99,0.0,1790574300,999,46,1790574554,0.53,0.493,0.81
1.61,10.3,1.64,Down,True,309.0,0.99,0.880000001,0.9548826641,1.0,0.7486,0.99,1.79,1790575200,999,31,1790575469,2.8,0.33,0.67
-0.46,38.5,-0.28,Up,True,100.0,0.99,0.96,0.9699999389,1.0,0.9135,0.99,0.22,1790575500,999,60,1790575740,0.0,0.439,1.36
0.36,39.1,-1.1,Up,True,13.0,0.99,0.97,0.98,0.9991,0.958,0.99,-0.42,1790575800,999,60,1790576040,0.66,0.351,1.73
-1.17,15.0,-0.62,Down,True,53.0,0.99,0.96,0.96,1.0,0.8183,0.99,-0.39,1790576700,999,58,1790576942,0.0,0.26,0.91
-0.0,6.5,1.52,Down,True,537.0,0.99,0.8472380086,0.97,0.501,0.6677,0.99,-0.0,1790577300,3250.0,52,1790577548,-0.0,0.25,0.43
-0.89,28.8,-1.31,Down,True,45.0,0.99,0.9699999929,0.99,1.0,0.9046,0.99,-0.75,1790577900,18.0,60,1790578140,-1.6,0.342,1.31
0.54,-5.1,-0.0,Down,True,1138.0,0.99,0.9,0.95,0.9994,0.3955,0.99,0.42,1790578200,999,40,1790578460,-0.0,0.364,-0.27
-0.0,7.1,-0.05,Down,True,17.0,0.99,0.92,0.95,0.0016,0.7022,0.99,-0.51,1790578500,3550.0,57,1790578743,-0.0,0.213,0.53
2.71,22.3,2.56,Down,True,30.0,0.99,0.98,0.99,1.0,0.9578,0.99,0.79,1790579400,999,60,1790579640,0.0,0.2,1.73
0.0,9.9,-2.34,Up,True,168.0,0.99,0.19999999999999996,0.95,1.0,0.6711,0.99,-1.02,1790580600,999,57,1790580843,0.0,0.358,0.44
1.1,21.5,2.82,Down,True,500.0,0.99,0.96,0.97,1.0,0.8113,0.99,0.59,1790580900,999,34,1790581166,4.43,0.502,0.88
0.59,9.5,0.99,Down,True,200.0,0.99,0.9364809241000001,0.95,0.6497,0.6813,0.99,1.57,1790581200,999,39,1790581461,1.2,0.388,0.47
0.22,15.2,0.43,Up,True,100.0,0.99,0.9400000012,0.95,1.0,0.738,0.99,0.65,1790581800,999,51,1790582049,0.0,0.402,0.64
-0.01,45.7,-0.21,Down,True,50.0,0.999,0.96,0.9699999997,1.0,0.9514,0.999,-0.59,1790582100,141.0,60,1790582340,-0.32,0.428,1.66
0.37,27.5,1.0,Up,True,359.0,0.99,0.6599999999999999,0.95,0.904,0.8139,0.99,0.69,1790583000,999,28,1790583272,0.17,0.701,0.89
0.5,7.9,0.02,Down,True,170.0,0.99,0.94,0.95,0.9976,0.6211,0.99,-0.32,1790583900,999,46,1790584154,1.2,0.458,0.31
0.0,25.4,-0.46,Up,True,56.0,0.99,0.94,0.95,1.0,0.7822,0.99,0.0,1790584800,999,58,1790585042,0.0,0.515,0.78
0.58,26.1,1.82,Up,True,187.0,0.99,0.95,0.95,1.0,0.8161,0.99,1.77,1790586900,999,55,1790587145,1.9,0.472,0.9
-0.0,25.5,0.02,Down,True,260.0,0.99,0.94,0.98,1.0,0.8667,0.99,0.26,1790587200,999,54,1790587446,0.0,0.377,1.11
0.12,24.4,-0.23,Down,True,253.0,0.99,0.9360672734,0.95,1.0,0.883,0.99,0.29,1790587800,999,51,1790588049,0.23,0.346,1.19
-0.0,5.4,-0.36,Up,False,20.0,0.98,0.01,0.95,0.0,0.6273,0.09,-0.37,1790588400,999,48,1790588652,1.2,0.292,0.32
1.89,7.7,1.54,Down,True,178.0,0.99,0.8,0.96,0.0002,0.7495,0.99,1.2,1790589300,999,25,1790589575,2.75,0.279,0.67
1.13,39.3,1.66,Down,True,39.0,0.99,0.97,0.98,0.0473,0.9022,0.99,1.44,1790590200,999,60,1790590440,2.8,0.474,1.29
3.17,11.1,2.35,Up,True,400.0,0.99,0.9148680557,0.95,1.0,0.7246,0.99,3.54,1790590800,999,46,1790591054,3.33,0.331,0.6
0.0,6.8,1.03,Up,True,375.0,0.99,0.88,0.95,0.9547,0.6687,0.99,0.75,1790591100,999,45,1790591355,0.0,0.28,0.44
0.0,25.2,0.24,Up,True,200.0,0.99,0.98,0.98,1.0,0.9281,0.99,0.0,1790591400,999,60,1790591640,0.0,0.268,1.46
-0.0,-5.7,0.0,Up,True,175.0,0.99,0.8900000024,0.95,0.9935,0.3345,0.99,1.19,1790592000,-2850.0,57,1790592243,-0.0,0.211,-0.43
-0.0,34.6,-0.09,Down,True,65.0,0.99,0.94,0.95,1.0,0.9681,0.99,-0.0,1790592900,999,55,1790593145,-0.0,0.303,1.85
0.59,44.1,-0.17,Up,True,40.0,0.99,0.97,0.9799991964,0.9987,0.8561,0.99,-0.21,1790593200,999,60,1790593440,2.0,0.645,1.06
-0.0,6.2,-0.03,Up,True,175.0,0.99,0.9029935662,0.95,0.9658,0.6038,0.99,0.28,1790593500,3100.0,46,1790593754,-0.0,0.42,0.26
0.0,44.5,0.05,Down,True,23.0,0.99,0.97,0.98,1.0,0.9998,0.99,0.68,1790593800,999,60,1790594040,-0.0,0.196,3.52
-2.13,-3.5,-2.27,Up,True,11.0,0.99,0.050000000000000044,0.95,0.8232,0.4635,0.99,-1.91,1790594100,-0.9,57,1790594343,-3.97,0.603,-0.09
0.0,30.0,0.03,Down,True,48.0,0.99,0.92,0.97,1.0,0.934,0.99,-0.4,1790594700,999,60,1790594940,-0.0,0.31,1.51
0.0,36.2,-0.0,Down,True,173.0,0.99,0.95,0.95,0.015,0.9893,0.99,0.4,1790595000,999,60,1790595240,0.0,0.245,2.3
-0.22,15.3,-0.39,Up,True,100.0,0.99,0.8201580983,0.95,0.792,0.7819,0.99,-0.68,1790595600,15.2,60,1790595840,-1.0,0.306,0.78
1.12,29.9,1.81,Down,True,88.0,0.99,0.97,0.98,1.0,0.9761,0.99,-0.0,1790596200,999,60,1790596440,-0.0,0.235,1.98
0.0,37.0,-0.59,Down,False,23.0,0.98,0.010000000000000009,0.95,0.0,0.9123,0.01,0.26,1790596800,999,60,1790597040,0.0,0.425,1.36
1.72,25.4,1.93,Up,True,152.0,0.99,0.96,0.9554710635,1.0,0.7687,0.99,0.96,1790597700,999,52,1790597948,3.35,0.575,0.73
0.62,24.4,0.91,Down,True,25.0,0.99,0.8200000144,0.96,0.9618,0.831,0.99,0.24,1790598000,999,37,1790598263,1.64,0.502,0.96
0.5,39.7,-0.48,Down,True,500.0,0.99,0.77,0.96,0.9902,0.8678,0.99,0.45,1790598300,96.4,51,1790598549,-0.41,0.597,1.12
-0.14,27.1,-0.62,Down,True,67.0,0.99,0.85,0.96,0.0261,0.9738,0.99,0.34,1790598600,138.3,40,1790598860,-0.2,0.265,1.94
1.37,56.2,1.55,Down,True,31.0,0.99,0.98,0.99,1.0,0.9873,0.99,1.23,1790598900,999,60,1790599140,0.0,0.389,2.24
-0.0,52.8,0.16,Down,True,31.0,0.99,0.96,0.97,0.272,0.9939,0.99,1.18,1790599200,999,60,1790599440,-0.0,0.327,2.51
0.0,41.8,0.36,Up,True,100.0,0.99,0.9850871889,0.99,0.578,0.8641,0.99,-0.5,1790600100,20900.0,60,1790600340,-0.0,0.588,1.1
-0.0,13.9,0.85,Up,True,187.0,0.99,0.97,0.9699999981,1.0,0.7475,0.99,-0.38,1790601000,6950.0,60,1790601240,-0.0,0.322,0.67
0.05,31.2,-0.24,Down,True,100.0,0.99,0.8169164417,0.95,0.998,0.8804,0.99,0.3,1790601300,999,55,1790601545,0.0,0.428,1.18
0.58,48.4,0.67,Down,True,47.0,0.99,0.5283996640999999,0.97,0.0831,0.7575,0.95,0.54,1790602200,999,46,1790602454,4.31,1.223,0.7
0.73,46.8,0.4,Down,True,295.0,0.99,0.9,0.97,0.9979,0.8353,0.99,0.47,1790602800,999,39,1790603061,2.27,0.918,0.98
2.42,75.3,2.15,Down,True,400.0,0.99,0.9206181345,0.97,1.0,0.9283,0.99,1.99,1790603100,999,43,1790603357,8.72,0.938,1.46
0.91,16.6,1.06,Up,True,385.0,0.99,0.88,0.95,1.0,0.6426,0.99,1.05,1790603400,999,46,1790603654,1.86,0.8,0.37
1.76,49.9,1.44,Down,True,200.0,0.99,0.9400000012,0.96,1.0,0.9272,0.99,1.47,1790604600,999,54,1790604846,3.53,0.559,1.46
0.24,47.9,0.49,Up,True,82.0,0.99,0.8800000024,0.95,1.0,0.7523,0.99,-0.14,1790605800,999,60,1790606040,1.36,1.09,0.68
1.5,59.4,1.03,Up,True,100.0,0.99,0.94,0.95,1.0,0.888,0.99,1.46,1790606100,999,60,1790606340,2.44,0.757,1.22
-0.07,41.7,0.37,Up,True,200.0,0.99,0.84,0.96,0.9565,0.6995,0.99,0.15,1790606700,26.3,60,1790606940,-1.58,1.241,0.52
-0.72,102.1,-1.04,Down,True,12.0,0.99,0.9299999999999999,0.98,0.9998,0.8724,0.99,-0.78,1790607000,32.3,60,1790607240,-3.16,1.396,1.14
0.65,23.2,0.74,Up,True,132.0,0.99,0.91,0.95,1.0,0.6763,0.99,0.49,1790607300,999,55,1790607545,1.22,0.826,0.46
-2.15,26.8,-2.2,Up,True,16.0,0.99,0.96,0.99,0.6713,0.7489,0.99,-1.84,1790607600,5.6,46,1790607854,-4.8,0.71,0.67
3.6,32.7,2.63,Up,True,425.0,0.99,0.94,0.95,1.0,0.7903,0.99,2.95,1790607900,999,46,1790608154,8.0,0.72,0.81
-0.87,117.6,-0.85,Down,True,5.0,0.999,0.99,0.99,1.0,0.9813,0.99,-0.96,1790608500,20.7,60,1790608740,-5.69,0.88,2.08
-0.52,49.2,-0.64,Down,False,220.0,0.96,0.010000000000000009,0.96,0.0,0.8343,0.01,-0.51,1790608800,19.8,45,1790609055,-2.49,0.91,0.97
1.64,69.7,1.12,Down,True,517.0,0.99,0.94,0.95,1.0,0.9637,0.99,1.07,1790609400,999,60,1790609640,2.4,0.603,1.8
1.73,72.1,0.99,Down,True,100.0,0.99,0.99,0.99,1.0,0.9888,0.99,0.99,1790610000,999,60,1790610240,2.73,0.49,2.28
-1.23,48.9,-1.08,Up,True,20.0,0.999,0.97,0.98,1.0,0.8893,0.999,-0.65,1790610300,57.4,60,1790610540,-0.85,0.62,1.22
1.04,42.5,1.24,Up,True,500.0,0.99,0.9677883342,0.9699998448,1.0,0.8952,0.99,0.74,1790610600,999,49,1790610851,8.0,0.582,1.25
1.57,3.7,0.87,Up,True,150.0,0.99,0.76,0.95,0.0089,0.5635,0.99,0.46,1790611800,999,46,1790612054,2.0,0.413,0.16
1.03,17.8,1.3,Up,True,126.0,0.99,0.769999994,0.95,0.9587,0.7921,0.99,0.9,1790614500,8900.0,51,1790614749,-0.0,0.366,0.81
-1.45,49.8,-2.02,Down,True,324.0,0.99,0.9299999999999999,0.95,0.9999,0.8066,0.99,-1.48,1790614800,31.1,60,1790615040,-1.6,0.887,0.87
-0.17,45.0,-0.33,Down,True,200.0,0.99,0.9700000002,0.99,0.9919,0.8309,0.99,-0.0,1790616000,18.6,60,1790616240,-2.42,0.721,0.96
0.96,6.9,1.12,Down,True,494.0,0.99,0.7604493671,0.98,0.9664,0.6057,0.99,1.45,1790616600,999,36,1790616864,0.82,0.509,0.27
0.67,51.1,0.54,Up,True,187.0,0.99,0.9142857167,0.95,1.0,0.966,0.99,0.28,1790616900,24.2,60,1790617140,-2.11,0.431,1.83
1.11,48.8,1.12,Down,True,100.0,0.99,0.99,0.9899999975,1.0,0.9801,0.99,0.64,1790617500,999,60,1790617740,2.15,0.365,2.06
2.75,20.6,3.38,Down,True,266.0,0.99,0.94,0.96,1.0,0.7839,0.99,2.44,1790617800,999,58,1790618042,5.27,0.41,0.79
1.92,12.3,2.17,Down,True,195.0,0.99,0.8,0.95,0.9748,0.7032,0.99,0.64,1790618100,999,45,1790618355,3.29,0.411,0.53
-2.31,63.5,-2.66,Up,True,20.0,0.99,0.99,0.99,1.0,0.9899,0.99,-1.71,1790618400,20.2,60,1790618640,-3.15,0.42,2.32
1.72,14.7,1.07,Down,True,30.0,0.99,0.96,0.9623244997,0.9999,0.7363,0.99,1.13,1790618700,999,57,1790618943,3.36,0.368,0.63
2.02,44.8,1.99,Up,True,45.0,0.99,0.9699999981,0.96,1.0,0.9718,0.99,2.11,1790619000,999,60,1790619240,3.88,0.361,1.91
1.43,11.3,0.34,Down,True,75.0,0.99,0.94,0.97,0.9875,0.7143,0.99,0.37,1790619900,999,51,1790620149,0.95,0.332,0.57
1.62,18.8,1.38,Down,True,125.0,0.99,0.967223861,0.97,0.9997,0.8735,0.99,0.92,1790620500,999,28,1790620772,2.1,0.37,1.14
0.0,17.9,0.02,Up,True,105.0,0.99,0.93,0.95,1.0,0.7819,0.99,0.0,1790620800,999,49,1790621051,0.0,0.392,0.78
-3.11,46.9,-2.53,Up,True,100.0,0.99,0.98,0.99,0.9919,0.8942,0.99,-2.55,1790621100,7.3,58,1790621342,-6.47,0.588,1.25
0.26,29.4,0.02,Up,True,70.0,0.99,0.96,0.96,1.0,0.8467,0.99,-0.32,1790621700,999,60,1790621940,0.6,0.442,1.02
0.72,9.6,1.19,Down,True,159.0,0.99,0.929999998,0.97,0.9999,0.6387,0.99,1.12,1790622900,999,43,1790623157,1.88,0.491,0.35
-0.0,33.4,-0.0,Down,True,75.0,0.99,0.98,0.99,0.9997,0.899,0.99,-0.0,1790623200,999,60,1790623440,0.0,0.404,1.28
4.11,36.3,4.72,Down,True,317.0,0.99,0.9694379208,0.99,1.0,0.9636,0.99,5.27,1790623500,999,52,1790623748,7.06,0.335,1.79
-0.27,40.4,-0.2,Up,True,93.0,0.99,0.9400000012,0.9699999935,1.0,0.8004,0.99,0.22,1790624400,38.8,60,1790624640,-1.04,0.744,0.84
0.0,19.5,-0.02,Down,True,187.0,0.99,0.85,0.95,0.8789,0.7744,0.99,-0.0,1790624700,999,46,1790624954,0.78,0.458,0.75
1.1,21.1,-0.69,Up,True,150.0,0.99,0.6,0.96,0.5675,0.8136,0.99,-3.6,1790625300,19.5,60,1790625540,-1.08,0.367,0.89
1.08,24.5,2.05,Up,True,186.0,0.99,0.9183154122,0.95,1.0,0.7643,0.99,1.36,1790625600,999,36,1790625864,2.8,0.678,0.72
-0.0,12.8,-0.02,Up,True,61.0,0.99,0.7525,0.95,0.804,0.784,0.99,0.0,1790626200,6400.0,49,1790626451,-0.0,0.279,0.79
0.0,17.0,1.12,Down,False,191.0,0.99,0.010000000000000009,0.95,0.0,0.9043,0.01,0.29,1790626800,999,58,1790627042,-0.0,0.204,1.31
-0.14,10.4,0.57,Down,True,100.0,0.99,0.95,0.95,0.436,0.6583,0.99,0.6,1790627400,999,34,1790627666,-0.0,0.524,0.41
2.27,11.5,2.25,Up,True,250.0,0.99,0.94,0.95,1.0,0.8512,0.99,1.6,1790627700,999,48,1790627952,1.6,0.191,1.04
0.3,22.1,0.6,Down,True,240.0,0.99,0.94,0.95,1.0,0.9544,0.99,0.78,1790628300,999,57,1790628543,0.33,0.207,1.69
-0.0,11.7,-0.0,Down,True,116.0,0.99,0.35,0.95,0.0323,0.8469,0.98,-0.0,1790628600,999,57,1790628843,-0.0,0.182,1.02
-0.58,34.4,-0.0,Down,True,11.0,0.999,0.9299999999999999,0.98,1.0,0.9797,0.999,-0.32,1790629500,999,60,1790629740,0.0,0.259,2.05
0.0,32.5,-0.0,Down,True,26.0,0.99,0.98,0.99,1.0,0.996,0.99,-0.0,1790629800,999,60,1790630040,0.0,0.189,2.65
0.0,15.7,-0.3,Down,True,47.0,0.99,0.95,0.95,1.0,0.9589,0.99,-0.71,1790630700,999,58,1790630942,0.0,0.142,1.74
-0.0,17.8,0.38,Down,True,18.0,0.99,0.94,0.95,0.0006,0.9182,0.99,1.14,1790631000,8900.0,58,1790631242,-0.0,0.201,1.39
-0.0,30.9,-0.87,Down,True,250.0,0.99,0.95,0.9756097561,1.0,0.9813,0.99,0.43,1790631300,999,60,1790631540,-0.0,0.23,2.08
0.73,9.6,2.19,Down,True,155.0,0.99,0.63,0.95,0.6888,0.7682,0.99,-0.71,1790631600,999,57,1790631843,0.8,0.207,0.73
-0.0,26.5,0.05,Down,True,11.0,0.99,0.9899997649,0.99,1.0,0.9985,0.99,-0.0,1790631900,999,60,1790632140,-0.0,0.138,2.96
-0.13,-0.7,-0.9,Up,False,300.0,0.96,0.01,0.95,0.0,0.4867,0.01,-0.77,1790632500,-1.3,54,1790632746,-0.53,0.365,-0.03
1.93,53.4,2.27,Down,True,154.0,0.99,0.97,0.98,1.0,0.9548,0.99,2.6,1790632800,999,58,1790633042,1.86,0.498,1.69
0.63,16.3,1.51,Down,True,45.0,0.99,0.94,0.95,0.9248,0.7603,0.99,1.26,1790633100,999,52,1790633348,0.8,0.383,0.71
0.0,42.2,-0.03,Up,True,25.0,0.999,0.99,0.99,1.0,0.994,0.999,0.0,1790633400,999,60,1790633640,0.0,0.261,2.51
0.0,9.0,0.85,Up,True,62.0,0.99,0.94,0.95,0.9511,0.7037,0.99,0.35,1790633700,999,48,1790633952,0.0,0.292,0.54
1.51,16.6,2.53,Down,True,131.0,0.99,0.94,0.97,1.0,0.8976,0.99,1.19,1790634000,999,57,1790634243,1.66,0.209,1.27
0.0,22.0,0.04,Up,True,70.0,0.99,0.97,0.97,1.0,0.9863,0.99,2.02,1790635200,999,60,1790635440,0.0,0.154,2.21
4.06,21.5,0.0,Up,True,100.0,0.99,0.94,0.95,1.0,0.9953,0.99,-0.46,1790635500,999,55,1790635745,1.31,0.134,2.6
0.0,11.7,0.0,Up,True,100.0,0.99,0.92,0.95,1.0,0.9458,0.99,-0.54,1790635800,999,49,1790636051,0.0,0.125,1.61
0.0,21.8,1.37,Up,True,13.0,0.99,0.98,0.99,1.0,1.0,0.99,0.0,1790636100,999,60,1790636340,0.0,0.083,4.04
0.0,6.5,0.0,Up,True,113.0,0.99,0.95,0.95,0.9955,0.6757,0.99,0.0,1790637600,999,33,1790637867,0.0,0.298,0.46
1.42,9.8,0.64,Up,True,100.0,0.99,0.6600000612,0.95,0.1586,0.8686,0.99,0.4,1790638200,999,45,1790638455,0.0,0.156,1.12
3.37,5.3,1.53,Up,True,82.0,0.99,0.96,0.95,1.0,0.8606,0.99,2.45,1790638500,999,55,1790638745,1.41,0.079,1.08
-0.0,5.0,1.34,Down,True,100.0,0.99,0.8792462829,0.95,0.9517,0.6918,0.99,0.9,1790638800,999,55,1790639045,0.0,0.161,0.5
0.0,1.1,0.0,Up,True,75.0,0.99,0.9299999999999999,0.95,0.9955,0.5721,0.99,-0.48,1790639400,550.0,25,1790639675,-0.0,0.146,0.18
-0.0,25.1,-0.0,Down,True,118.0,0.99,0.99,0.99,1.0,0.9982,0.99,0.52,1790639700,999,60,1790639940,0.0,0.133,2.91
0.86,2.0,1.22,Up,True,345.0,0.99,0.94999962,0.95,0.6568,0.5628,0.99,1.27,1790640000,999,33,1790640267,0.0,0.263,0.16
0.0,2.6,0.0,Up,True,438.0,0.99,0.92,0.95,0.7377,0.6083,0.99,-0.69,1790640300,999,27,1790640573,0.0,0.22,0.27
-0.11,-3.4,0.32,Up,False,116.0,0.95,0.01,0.9558139535,0.3587,0.4328,0.27,-0.4,1790640600,-17.0,46,1790640854,-0.2,0.35,-0.17
1.39,37.7,1.89,Up,True,300.0,0.99,0.949999981,0.95,0.5996,0.9462,0.99,1.83,1790641800,999,60,1790642040,2.66,0.362,1.61
1.56,10.7,0.36,Down,True,216.0,0.99,0.09526315789999995,0.95,0.5541,0.7545,0.79,1.09,1790642400,999,46,1790642654,2.26,0.274,0.69
-0.8,41.5,0.39,Down,True,6.0,0.99,0.96,0.97,1.0,0.9556,0.99,-0.31,1790643300,999,60,1790643540,1.49,0.378,1.7
2.69,51.0,3.35,Down,True,132.0,0.99,0.8600268276,0.95,1.0,0.9285,0.99,2.5,1790643600,999,55,1790643845,4.0,0.565,1.46
0.6,42.8,0.04,Down,True,144.0,0.99,0.4900001166,0.98,0.9999,0.9075,0.99,1.37,1790644200,999,60,1790644440,0.8,0.502,1.33
0.18,33.9,-0.0,Down,True,52.0,0.99,0.9100000072,0.98,0.9712,0.7654,0.99,-0.17,1790645700,118.5,60,1790645940,-0.29,0.729,0.72
0.92,67.4,0.17,Up,True,10.0,0.99,0.95,0.96,1.0,0.9695,0.99,0.69,1790646000,999,60,1790646240,2.71,0.56,1.87
-0.49,52.5,-0.3,Up,True,43.0,0.999,0.9659999999,0.95,1.0,0.8826,0.999,-0.19,1790646300,45.9,60,1790646540,-1.14,0.688,1.19
-0.8,31.6,-0.14,Up,True,140.0,0.99,0.92,0.95,1.0,0.8152,0.99,0.0,1790646900,77.5,55,1790647145,-0.41,0.571,0.9
1.92,24.8,2.28,Down,True,186.0,0.99,0.9472366149,0.96,0.999,0.7602,0.99,2.36,1790647500,999,54,1790647746,4.15,0.576,0.71
0.33,36.2,0.71,Up,True,210.0,0.99,0.94,0.95,1.0,0.9003,0.99,1.19,1790648100,999,55,1790648345,1.6,0.458,1.28
0.53,20.1,-0.25,Down,True,50.0,0.99,0.9099999866,0.95,1.0,0.7672,0.99,-0.52,1790649000,999,60,1790649240,-0.0,0.429,0.73
0.5,8.1,0.88,Up,True,313.0,0.99,0.8697731388000001,0.95,1.0,0.7,0.99,0.84,1790649600,999,25,1790649875,0.98,0.374,0.52
-0.0,20.1,-0.09,Up,True,51.0,0.99,0.9400000012,0.95,1.0,0.8748,0.99,0.0,1790650500,999,46,1790650754,0.0,0.311,1.15
-2.28,15.4,-2.96,Up,False,30.0,0.9665434055,0.01,0.96,0.0,0.6636,0.01,-2.43,1790650800,2.7,51,1790651049,-5.8,0.617,0.42
-0.0,16.8,0.29,Down,True,82.0,0.99,0.9,0.95,0.944,0.6907,0.99,-0.46,1790651100,999,60,1790651340,-0.0,0.525,0.5
0.0,2.9,0.31,Down,True,595.0,0.99,0.87,0.96,1.0,0.5775,0.99,0.36,1790651400,999,51,1790651649,0.0,0.249,0.2
2.51,35.3,2.67,Up,True,50.0,0.99,0.95,0.95,1.0,0.9299,0.99,2.18,1790651700,999,60,1790651940,4.9,0.373,1.48
0.0,3.6,-0.44,Down,True,161.0,0.99,0.8334013605,0.97,0.9085,0.606,0.99,-0.5,1790652600,999,21,1790652879,-0.0,0.356,0.27
0.0,-0.5,0.0,Up,False,104.0,0.99,0.01,0.95,0.011,0.4595,0.99,-0.78,1790653200,999,16,1790653484,0.0,0.151,-0.1
-2.62,9.8,-1.49,Up,True,95.0,0.99,0.64,0.9799999908,0.9629,0.6969,0.99,-1.34,1790653500,2.4,60,1790653740,-4.09,0.296,0.52
0.74,7.6,0.03,Down,True,200.0,0.99,0.9282318112,0.9644444444,1.0,0.648,0.99,-0.0,1790653800,999,39,1790654061,1.5,0.384,0.38
-0.07,17.0,1.09,Down,True,281.0,0.99,0.6898449662999999,0.97,0.2074,0.8034,0.951,0.68,1790654400,8500.0,46,1790654654,-0.0,0.353,0.85
0.0,27.3,-0.0,Down,True,100.0,0.99,0.96,0.96,0.0999,0.9019,0.99,0.48,1790654700,999,60,1790654940,-0.0,0.328,1.29
-0.0,33.7,-0.32,Down,True,28.0,0.99,0.9799998367,0.9799999167,1.0,0.9997,0.99,0.43,1790655900,999,60,1790656140,-0.0,0.151,3.46
3.02,17.5,2.14,Up,True,154.0,0.99,0.9578645592,0.9699999957,0.523,0.9003,0.99,1.71,1790656500,999,57,1790656743,1.83,0.218,1.28
-0.0,6.5,-0.03,Down,True,216.0,0.99,0.93,0.95,0.7408,0.7227,0.99,0.39,1790656800,3250.0,46,1790657054,-0.0,0.195,0.59
1.81,14.7,0.04,Up,True,121.0,0.99,0.89,0.95,1.0,0.9549,0.99,0.8,1790657700,999,51,1790657949,1.0,0.146,1.69
2.43,11.7,1.96,Up,True,147.0,0.99,0.48000004900000004,0.9599996928,1.0,0.833,0.99,1.78,1790658000,999,34,1790658266,3.2,0.25,0.97
0.3,26.5,0.08,Down,True,80.0,0.99,0.99,0.99,0.9154,0.9474,0.99,-0.3,1790658300,999,60,1790658540,0.4,0.254,1.62
0.0,16.4,0.22,Down,False,112.0,0.99,0.010000000000000009,0.97,0.0,0.8602,0.01,0.74,1790659200,999,58,1790659442,-0.0,0.239,1.08
-0.55,8.4,-0.03,Down,True,52.0,0.99,0.89,0.96,0.9097,0.7319,0.99,0.38,1790659500,999,49,1790659751,-0.0,0.234,0.62
1.8,39.4,1.01,Up,True,660.0,0.999,0.9067808845,0.95,0.9964,0.8462,0.999,1.12,1790660100,999,45,1790660355,2.96,0.692,1.02
1.77,34.0,1.51,Down,True,100.0,0.99,0.9099999982,0.96,0.0,0.925,0.99,1.11,1790660700,999,60,1790660940,0.22,0.366,1.44
1.35,8.6,0.5,Up,True,253.0,0.99,0.7971014522,0.95,1.0,0.7591,0.99,0.0,1790661300,999,27,1790661573,2.0,0.281,0.7
-0.74,19.8,-0.82,Up,True,18.0,0.99,0.9299999999999999,0.99,0.8893,0.7511,0.99,-0.81,1790662800,11.2,60,1790663040,-1.76,0.449,0.68
0.68,-5.6,2.08,Up,True,102.0,0.99,0.94,0.95,1.0,0.3698,0.99,0.67,1790663100,999,57,1790663343,0.96,0.268,-0.33
0.0,11.1,0.0,Up,True,20.0,0.999,0.99,0.99,1.0,0.8755,0.99,0.0,1790664000,999,60,1790664240,0.0,0.148,1.15
2.19,-3.8,1.72,Up,True,216.0,0.99,0.8799999842,0.95,0.2898,0.418,0.99,0.98,1790664300,999,55,1790664545,1.85,0.294,-0.21
0.93,1.4,0.33,Up,True,50.0,0.99,0.97,0.9699998448,0.9323,0.5291,0.99,-0.4,1790664900,999,60,1790665140,0.0,0.304,0.07
-0.56,51.7,-0.0,Down,True,100.0,0.99,0.91,0.97,1.0,0.9474,0.99,-0.0,1790665800,999,60,1790666040,0.0,0.49,1.62
0.0,20.6,1.53,Down,True,1616.0,0.99,0.8449416881,0.95,0.6681,0.7514,0.99,0.9,1790666100,999,46,1790666354,-0.0,0.532,0.68
1.68,56.6,-0.05,Down,True,28.0,0.99,0.95,0.99,0.1843,0.9585,0.99,0.61,1790666400,999,60,1790666640,2.48,0.502,1.73
0.95,40.7,-0.02,Up,True,29.0,0.999,0.995,0.99,0.9999,0.9766,0.999,0.43,1790666700,20350.0,60,1790666940,-0.0,0.315,1.99
0.0,33.7,0.3,Up,True,108.0,0.99,0.98,0.9748167392,1.0,0.9265,0.99,0.36,1790667000,999,60,1790667240,0.0,0.357,1.45
0.0,11.4,0.0,Up,True,64.0,0.99,0.95,0.95,0.0133,0.8038,0.99,0.0,1790667900,5700.0,52,1790668148,-0.0,0.219,0.86
0.0,6.5,0.59,Up,True,33.0,0.99,0.82,0.95,0.0921,0.6534,0.99,1.29,1790668200,999,52,1790668448,0.0,0.272,0.39
5.42,35.4,2.31,Up,True,186.0,0.99,0.9577439339,0.95,1.0,0.9947,0.99,2.33,1790669700,999,36,1790669964,6.47,0.274,2.56
-0.18,21.4,-0.29,Down,True,156.0,0.99,0.92,0.95,1.0,0.835,0.99,-0.53,1790670300,63.3,57,1790670543,-0.34,0.345,0.97
0.66,22.8,0.7,Down,True,226.0,0.99,0.96,0.95,1.0,0.824,0.99,1.11,1790671200,999,60,1790671440,0.92,0.377,0.93
-0.17,14.5,0.93,Down,True,300.0,0.99,0.88,0.95,0.955,0.7017,0.99,0.88,1790671500,999,54,1790671746,0.0,0.443,0.53
0.37,13.8,0.15,Down,True,200.0,0.99,0.94,0.97,0.9337,0.8871,0.99,-0.0,1790672700,999,25,1790672975,0.53,0.271,1.21
-0.61,-16.2,-0.48,Up,True,298.0,0.99,0.95,0.95,,0.0,,-0.91,1790673000,-40.5,1,1790673299,-0.4,0.249,-7.75
-1.48,8.1,-1.8,Up,True,52.0,0.99,0.85,0.96,0.6445,0.7471,0.99,0.0,1790673300,5.5,60,1790673540,-1.48,0.188,0.67
-0.0,16.0,0.25,Down,False,82.0,0.99,0.010000000000000009,0.95,0.1002,0.7954,0.01,-0.68,1790673600,8000.0,51,1790673849,-0.0,0.324,0.83
0.0,36.0,-0.65,Up,True,19.0,0.99,0.98,0.99,1.0,0.9781,0.99,0.0,1790674500,999,60,1790674740,0.0,0.274,2.02
2.75,13.7,1.19,Down,True,175.0,0.99,0.94,0.96,0.0132,0.8288,0.99,1.31,1790674800,999,49,1790675051,2.99,0.246,0.95
-0.0,12.9,-0.0,Down,True,30.0,0.99,0.939999812,0.95,0.9968,0.695,0.99,-0.3,1790675700,999,51,1790675949,-0.0,0.42,0.51
3.34,31.9,2.87,Up,True,196.0,0.99,0.94,0.95,1.0,0.984,0.99,2.62,1790676300,999,51,1790676549,4.4,0.248,2.14
-1.48,26.2,-1.1,Up,False,12.0,0.97,0.01,0.99,0.0,0.8571,0.01,-0.36,1790676600,8.8,60,1790676840,-2.96,0.376,1.07
0.62,3.6,2.42,Down,True,150.0,0.99,0.96,0.98,,0.7944,,1.77,1790677200,999,3,1790677497,1.0,0.304,0.82
0.0,26.7,1.03,Up,True,50.0,0.99,0.97,0.98,1.0,0.9933,0.99,0.0,1790677500,999,60,1790677740,0.0,0.166,2.47
1.49,27.9,0.77,Down,True,70.0,0.99,0.98,0.99,1.0,0.9925,0.99,0.9,1790678100,999,60,1790678340,0.0,0.176,2.43
-0.21,3.7,0.02,Down,True,189.0,0.99,0.96,0.97,0.8147,0.6141,0.99,-0.0,1790678400,999,21,1790678679,-0.0,0.329,0.29
0.41,10.5,0.75,Down,True,40.0,0.99,0.9038091574,0.97,0.979,0.7559,0.99,0.77,1790678700,999,43,1790678957,0.6,0.274,0.69
-0.0,6.0,1.97,Down,True,40.0,0.99,0.9299999999999999,0.95,1.0,0.7498,0.99,0.97,1790679300,999,45,1790679555,-0.0,0.157,0.67
-2.55,26.5,-2.12,Down,True,50.0,0.99,0.958677686,0.96,1.0,0.8837,0.99,-1.4,1790679600,999,58,1790679842,2.66,0.347,1.19
-0.0,19.4,1.03,Down,True,105.0,0.99,0.96,0.97,1.0,0.782,0.99,0.34,1790680200,9700.0,60,1790680440,-0.0,0.382,0.78
1.69,4.9,1.18,Up,True,156.0,0.99,0.9007384434,0.95,0.852,0.695,0.99,1.78,1790680800,999,21,1790681079,2.25,0.251,0.51
0.0,10.5,0.0,Up,True,66.0,0.99,0.58,0.9699999935,0.1557,0.9134,0.99,0.0,1790681100,5250.0,60,1790681340,-0.0,0.119,1.36
0.29,19.7,-0.11,Up,True,288.0,0.99,0.8075,0.95,0.568,0.7206,0.99,0.25,1790681700,999,60,1790681940,0.36,0.515,0.58
-0.0,26.6,-0.14,Down,True,29.0,0.99,0.95,0.95,0.3546,0.9612,0.99,-0.0,1790682000,13300.0,54,1790682246,-0.0,0.244,1.76
0.24,30.2,1.04,Down,True,50.0,0.99,0.9552754982,0.97,1.0,0.876,0.99,0.32,1790682900,999,60,1790683140,0.5,0.4,1.16
3.05,23.3,2.26,Up,True,122.0,0.99,0.9299999999999999,0.9522153846,1.0,0.8227,0.99,1.83,1790683200,999,51,1790683449,5.28,0.418,0.93
0.28,31.0,0.16,Up,True,97.0,0.99,0.96,0.9799998367,0.7908,0.9438,0.99,0.83,1790683800,11.4,60,1790684040,-2.71,0.299,1.59
-3.28,-8.3,-1.88,Up,False,10.0,0.98,0.01,0.98,0.0,0.4102,0.01,-2.52,1790684100,-1.1,51,1790684349,-7.68,0.608,-0.23
-0.65,9.4,-0.51,Down,True,54.0,0.99,0.89,0.95,0.8596,0.6852,0.99,-0.0,1790684700,999,25,1790684975,-0.0,0.464,0.48
-0.0,37.7,0.7,Up,True,46.0,0.99,0.9599998733,0.9699999871,1.0,0.9268,0.99,0.93,1790685000,999,60,1790685240,0.0,0.398,1.45
-0.12,47.3,-0.22,Down,True,15.0,0.99,0.95,0.96,1.0,0.9637,0.99,0.5,1790685900,999,60,1790686140,-0.0,0.403,1.8
0.86,1.9,0.68,Up,True,119.0,0.99,0.9285570079,0.95,0.9999,0.5514,0.99,0.33,1790686200,999,34,1790686466,0.25,0.306,0.13
0.59,11.6,0.49,Up,True,100.0,0.99,0.7400000104,0.95,0.9557,0.6738,0.99,0.0,1790686500,999,46,1790686754,1.41,0.45,0.45
-0.0,6.8,0.02,Down,True,100.0,0.99,0.97,0.99,0.8626,0.822,0.97,-0.83,1790687400,999,7,1790687693,-0.0,0.329,0.92
2.14,13.3,1.7,Up,True,100.0,0.99,0.92,0.95,0.9993,0.7189,0.99,1.5,1790687700,999,52,1790687948,2.43,0.378,0.58
0.44,4.4,0.39,Up,True,101.0,0.99,0.9326764802,0.95,1.0,0.6883,0.99,1.77,1790688000,999,48,1790688252,0.36,0.154,0.49
1.77,77.8,0.7,Down,True,191.0,0.99,0.83,0.96,0.9651,0.9563,0.99,-0.18,1790689200,999,54,1790689446,5.46,0.735,1.71
1.9,92.3,1.61,Down,True,200.0,0.99,0.97,0.98,1.0,0.9931,0.99,1.87,1790690700,999,60,1790690940,5.81,0.576,2.46
0.69,21.8,0.34,Up,True,100.0,0.99,0.9399999962,0.95,0.9555,0.7484,0.99,0.84,1790691000,999,51,1790691249,2.0,0.543,0.67
0.0,34.8,0.07,Up,True,200.0,0.99,0.934814774,0.95,1.0,0.838,0.99,0.63,1790691300,999,60,1790691540,0.22,0.543,0.99
0.0,13.2,-0.0,Down,True,118.0,0.99,0.92,0.95,0.9985,0.7107,0.99,-0.26,1790692200,999,39,1790692461,0.0,0.452,0.56
0.0,60.7,-0.4,Down,True,20.0,0.99,0.98,0.98,1.0,0.9552,0.99,0.2,1790692500,999,60,1790692740,-0.0,0.551,1.7
-0.1,15.8,-0.44,Down,True,143.0,0.99,0.9351360356,0.97,0.8694,0.651,0.99,-0.17,1790692800,999,34,1790693066,0.0,0.835,0.39
-2.82,50.6,-2.23,Up,False,20.0,0.99,0.01,0.95,0.0,0.9296,0.01,-2.25,1790693100,19.1,60,1790693340,-2.65,0.529,1.47
0.9,55.2,-0.06,Down,True,125.0,0.99,0.9299999999999999,0.97,0.9997,0.8981,0.99,2.67,1790693400,43.2,60,1790693640,-1.28,0.669,1.27
0.51,0.8,0.58,Down,True,800.0,0.99,0.96,0.97,1.0,0.5184,0.99,0.84,1790693700,999,28,1790693972,1.0,0.37,0.05
0.66,94.9,-0.21,Down,True,29.0,0.99,0.9865069504,0.99,1.0,0.9343,0.99,-0.42,1790695500,999,60,1790695740,3.37,0.978,1.51
2.42,51.7,2.31,Up,True,100.0,0.99,0.95,0.95,1.0,0.9593,0.99,1.64,1790696100,999,54,1790696346,3.15,0.485,1.74
0.35,31.4,0.38,Down,True,100.0,0.99,0.97,0.98,0.8509,0.8802,0.99,0.23,1790696400,999,60,1790696640,0.76,0.414,1.18
1.58,37.0,0.61,Up,True,165.0,0.99,0.8722248842,0.95,1.0,0.846,0.99,0.73,1790697300,999,49,1790697551,5.17,0.624,1.02
1.1,94.1,0.37,Down,True,37.0,0.99,0.99,0.99,1.0,0.9967,0.99,0.2,1790697900,999,60,1790698140,3.12,0.538,2.72
1.45,38.1,2.86,Down,True,200.0,0.99,0.95,0.96,0.0003,0.9369,0.97,1.05,1790698200,999,43,1790698457,-0.0,0.458,1.53
0.81,42.0,0.93,Down,True,416.0,0.99,0.96,0.97,1.0,0.9,0.99,0.82,1790700300,999,43,1790700557,2.55,0.601,1.28
1.61,54.5,0.22,Down,True,215.0,0.99,0.9769595,0.98,1.0,0.9653,0.99,1.53,1790700600,999,60,1790700840,2.81,0.467,1.82
0.22,22.9,1.0,Up,True,335.0,0.99,0.9400000005,0.95,1.0,0.865,0.99,1.41,1790701200,999,51,1790701449,0.4,0.35,1.1
-0.0,40.4,0.02,Down,True,40.0,0.99,0.9722956841,0.99,1.0,0.9597,0.99,-0.26,1790701800,20200.0,60,1790702040,-0.0,0.359,1.75
1.09,26.1,0.75,Down,True,134.0,0.999,0.8726530623,0.95,0.1029,0.8333,0.999,1.08,1790702100,999,60,1790702340,1.2,0.42,0.97
1.11,15.3,0.11,Down,True,202.0,0.99,0.6599999999999999,0.95,0.6701,0.7401,0.99,0.3,1790702400,19.0,49,1790702651,-0.81,0.409,0.64
4.02,28.4,2.29,Up,True,515.0,0.99,0.97,0.95,1.0,0.9958,0.99,2.66,1790702700,999,33,1790702967,3.71,0.225,2.64
0.83,27.4,0.57,Up,True,381.0,0.99,0.91,0.95,1.0,0.9314,0.99,0.67,1790703600,999,54,1790703846,1.31,0.301,1.49
0.98,41.7,1.31,Down,True,43.0,0.99,0.97,0.98,1.0,0.953,0.99,0.31,1790703900,999,60,1790704140,2.0,0.386,1.68
-0.82,33.7,-0.56,Down,True,50.0,0.99,0.9299999997,0.96,0.0,0.9647,0.99,-0.0,1790704500,27.1,60,1790704740,-1.24,0.29,1.81
0.53,68.5,1.0,Up,True,33.0,0.99,0.97,0.98,0.9962,0.9679,0.99,0.92,1790705100,999,60,1790705340,2.4,0.573,1.85
0.69,6.0,0.99,Down,True,150.0,0.99,0.8540864975,0.95,0.5127,0.6776,0.854,0.59,1790705700,999,24,1790705976,1.16,0.317,0.46
1.51,37.0,2.04,Down,True,38.0,0.99,0.926646997,0.96,1.0,0.9709,0.99,0.97,1790706300,999,58,1790706542,2.45,0.308,1.89
2.19,37.6,0.3,Up,True,60.0,0.99,0.95,0.96,1.0,0.9706,0.99,1.35,1790706900,999,51,1790707149,3.5,0.333,1.89
-2.73,26.9,-1.77,Down,True,7.0,0.99,0.95,0.96,1.0,0.9352,0.99,-1.09,1790707500,38.0,58,1790707742,-0.71,0.279,1.52
0.0,14.8,0.03,Up,True,108.0,0.99,0.96,0.95,0.9971,0.8354,0.99,0.0,1790707800,999,40,1790708060,0.0,0.286,0.98
-0.0,12.0,1.4,Down,True,75.0,0.99,0.65,0.96,0.5075,0.8552,0.99,0.47,1790708100,6000.0,58,1790708342,-0.0,0.179,1.06
2.24,12.5,0.98,Down,False,583.0,0.98,0.010000000000000009,0.95,0.0002,0.8238,0.01,2.06,1790708400,999,46,1790708654,2.81,0.236,0.93
-2.42,40.2,-1.94,Up,True,25.0,0.99,0.98,0.98,1.0,0.9863,0.99,-1.9,1790708700,50.1,60,1790708940,-0.8,0.281,2.21
-0.0,11.4,0.59,Down,True,45.0,0.99,0.792,0.96,0.999,0.8044,0.99,0.92,1790709600,999,58,1790709842,-0.0,0.209,0.86
0.61,8.0,0.5,Up,True,350.0,0.99,0.94,0.95,0.0886,0.6673,0.99,0.0,1790711400,999,27,1790711673,1.38,0.428,0.43
0.0,10.7,0.35,Up,True,187.0,0.999,0.89,0.95,0.9755,0.7474,0.999,0.0,1790711700,999,30,1790711970,0.0,0.352,0.67
-0.0,15.5,-0.52,Down,True,67.0,0.99,0.89,0.95,1.0,0.8511,0.99,-1.59,1790712600,999,55,1790712845,-0.0,0.239,1.04
0.0,21.2,-0.79,Up,False,100.0,0.99,0.01,0.96,0.9985,1.0,0.04,-0.49,1790713200,10600.0,60,1790713440,-0.0,0.049,6.69
0.0,30.7,1.0,Up,True,13.0,0.99,0.9699999588,0.9699999951,1.0,0.9981,0.99,0.0,1790713500,999,60,1790713740,0.0,0.164,2.89
-0.27,21.2,-0.0,Down,True,13.0,0.99,0.96,0.96,1.0,0.9972,0.99,-0.0,1790713800,999,60,1790714040,-0.0,0.118,2.77
-0.0,7.2,-1.68,Down,False,381.0,0.95,0.010000000000000009,0.95,0.0,0.8016,0.01,-0.43,1790714100,999,48,1790714352,-0.0,0.146,0.85
2.05,9.4,1.35,Up,True,623.0,0.99,0.8467957512,0.95,1.0,0.9873,0.99,0.79,1790714700,999,33,1790714967,0.95,0.088,2.24
0.01,4.3,0.05,Up,True,288.0,0.99,0.92,0.95,0.0042,0.8641,0.99,0.48,1790715000,999,43,1790715257,0.0,0.071,1.1
-0.0,7.2,-0.0,Down,True,154.0,0.99,0.89,0.96,1.0,0.8349,0.99,-0.0,1790715300,999,40,1790715560,-0.0,0.14,0.97
-0.0,2.9,-0.2,Down,True,64.0,0.99,0.73,0.97,0.9742,0.5462,0.99,-0.24,1790715900,999,58,1790716142,-0.0,0.396,0.12
1.13,18.0,1.96,Up,True,38.0,0.99,0.94,0.95,1.0,0.9279,0.99,-0.83,1790716200,999,60,1790716440,0.8,0.191,1.46
1.59,3.7,0.03,Up,True,300.0,0.99,0.8945349954,0.95,1.0,0.6851,0.99,0.86,1790717700,999,48,1790717952,1.11,0.132,0.48
2.14,9.7,1.39,Up,True,515.0,0.99,0.94,0.9560665407,0.9929,0.8074,0.99,0.85,1790718900,999,40,1790719160,2.4,0.212,0.87
-1.87,26.9,-1.7,Down,True,21.0,0.99,0.94,0.9699999998,0.9869,0.8513,0.99,-1.68,1790719500,80.1,60,1790719740,-0.34,0.398,1.04
-0.0,39.1,-0.0,Down,True,20.0,0.99,0.98,0.99,1.0,0.9795,0.99,0.29,1790721000,19550.0,60,1790721240,-0.0,0.296,2.04
3.32,9.8,2.62,Down,True,210.0,0.99,0.9043478261,0.96,0.9922,0.8071,0.99,1.22,1790721300,999,39,1790721561,3.8,0.216,0.87
1.87,16.5,1.79,Down,True,78.0,0.99,0.9220272904,0.97,0.9152,0.8607,0.99,1.67,1790721900,999,60,1790722140,2.33,0.236,1.08
0.0,26.9,-0.0,Down,True,23.0,0.99,0.98,0.99,1.0,0.9876,0.99,0.57,1790722500,999,60,1790722740,-0.0,0.185,2.24
-0.15,47.7,-0.43,Up,True,56.0,0.999,0.96,0.96,1.0,0.9036,0.999,-0.39,1790723100,999,60,1790723340,0.0,0.565,1.3
0.84,30.5,-0.66,Down,True,34.0,0.99,0.9299999999999999,0.99,1.0,0.9954,0.99,-0.0,1790723700,999,60,1790723940,0.0,0.18,2.61
-1.21,8.9,-1.0,Up,True,200.0,0.99,0.41000000000000003,0.95,1.0,0.8332,0.99,0.0,1790724300,999,51,1790724549,2.4,0.154,0.97
-0.0,36.8,-0.36,Down,True,21.0,0.99,0.99,0.99,1.0,0.9983,0.99,0.42,1790724600,999,60,1790724840,-0.0,0.194,2.93
0.75,33.5,1.39,Down,True,50.0,0.99,0.8,0.98,0.6817,0.999,0.99,-0.0,1790724900,16750.0,60,1790725140,-0.0,0.167,3.1
3.11,55.7,2.01,Down,True,184.0,0.99,0.99,0.99,1.0,0.9996,0.99,0.45,1790725800,999,60,1790726040,0.08,0.254,3.38
-0.0,9.0,0.07,Up,True,30.0,0.99,0.94,0.95,1.0,0.9159,0.99,1.75,1790726100,999,48,1790726352,0.0,0.113,1.38
-5.39,9.5,-3.88,Up,True,50.0,0.999,0.8599999656,0.9699999472,0.0001,0.6902,0.999,-2.86,1790726400,3.6,52,1790726648,-2.63,0.316,0.5
2.0,47.3,-0.0,Down,True,114.0,0.99,0.99,0.99,1.0,0.9841,0.99,0.38,1790726700,999,60,1790726940,1.98,0.34,2.15
-0.0,3.2,1.41,Up,True,200.0,0.99,0.9127518563,0.95,1.0,0.6216,0.99,0.72,1790727600,999,28,1790727872,0.0,0.236,0.31
0.84,7.1,0.31,Up,True,43.0,0.99,0.9199999963,0.95,1.0,0.6419,0.99,1.44,1790728200,999,60,1790728440,0.0,0.3,0.36
1.87,30.7,0.65,Down,True,65.0,0.99,0.9463963964,0.99,0.9486,0.953,0.99,-0.0,1790728800,999,60,1790729040,-0.0,0.284,1.67
-0.0,41.9,0.04,Down,True,5.0,0.99,0.99,0.99,1.0,0.9901,0.99,-0.0,1790729400,999,60,1790729640,-0.0,0.278,2.33
0.0,23.7,-0.12,Up,False,200.0,0.98,0.01,0.95,0.0,0.8644,0.01,0.3,1790730000,999,51,1790730249,0.0,0.362,1.1
1.31,19.8,2.73,Up,True,200.0,0.99,0.97,0.95,1.0,0.8965,0.99,1.05,1790730300,999,43,1790730557,1.42,0.287,1.26
-0.0,6.7,0.65,Up,True,90.0,0.99,0.8500000075,0.95,0.0011,0.6805,0.99,0.29,1790730900,999,39,1790731161,0.0,0.276,0.47
-0.0,37.3,-0.0,Down,True,9.0,0.999,0.99,0.99,1.0,0.9931,0.999,-0.0,1790731500,18650.0,60,1790731740,-0.0,0.234,2.46
-0.29,32.7,-0.0,Down,True,93.0,0.99,0.9,0.95,0.9995,0.9135,0.99,-0.5,1790732100,57.2,60,1790732340,-0.57,0.372,1.36
-0.0,37.0,-1.61,Down,True,200.0,0.99,0.66,0.97,0.0415,0.9778,0.99,-1.67,1790732700,999,60,1790732940,0.0,0.285,2.01
2.41,15.8,2.36,Up,True,470.0,0.99,0.96,0.95,1.0,0.8951,0.99,3.18,1790733000,999,31,1790733269,3.45,0.271,1.25
-0.0,5.7,-0.03,Down,True,47.0,0.99,0.8,0.97,0.2926,0.7121,0.99,-0.37,1790733300,2850.0,28,1790733572,-0.0,0.229,0.56
-0.91,21.4,-0.1,Up,True,33.0,0.99,0.94,0.95,1.0,0.8963,0.99,1.32,1790733600,999,60,1790733840,0.0,0.263,1.26
2.14,26.5,1.79,Down,True,110.0,0.999,0.939999812,0.98,1.0,0.8908,0.999,1.29,1790734200,999,58,1790734442,3.82,0.339,1.23
-0.2,27.4,0.44,Down,True,69.0,0.99,0.98,0.99,1.0,0.874,0.99,0.3,1790735700,999,60,1790735940,1.09,0.371,1.15
0.0,44.8,-0.51,Up,True,80.0,0.999,0.979,0.98,1.0,0.9553,0.999,-0.27,1790736000,999,60,1790736240,0.0,0.409,1.7
-0.0,28.3,-0.23,Down,True,176.0,0.99,0.97,0.98,1.0,0.9216,0.99,0.28,1790736600,999,60,1790736840,-0.0,0.31,1.42
5.77,38.0,3.89,Up,True,424.0,0.99,0.94,0.95,1.0,0.9839,0.99,3.64,1790737200,999,52,1790737448,4.19,0.296,2.14
-0.0,21.7,-1.15,Down,True,100.0,0.99,0.82,0.95,0.996,0.8869,0.99,-1.59,1790737500,10850.0,60,1790737740,-0.0,0.277,1.21
-0.0,37.0,-0.23,Up,True,80.0,0.99,0.98,0.98,1.0,0.9943,0.99,0.0,1790738700,18500.0,60,1790738940,-0.0,0.227,2.53
-2.78,24.3,-2.31,Down,True,25.0,0.999,0.95,0.96,1.0,0.9622,0.999,-2.05,1790739000,999,60,1790739240,0.0,0.212,1.78
0.0,36.3,-0.16,Up,True,22.0,0.99,0.9868212411,0.99,0.0,0.9943,0.99,-0.31,1790739600,999,60,1790739840,0.0,0.222,2.53
-0.0,28.4,-0.0,Down,True,44.0,0.99,0.9748308072,0.99,0.9927,0.9819,0.99,0.58,1790740200,999,60,1790740440,-0.0,0.21,2.1
-0.35,15.5,-0.51,Down,True,64.0,0.99,0.85,0.97,0.9978,0.886,0.99,-0.28,1790740500,999,51,1790740749,0.0,0.217,1.21
-0.0,6.9,0.49,Down,True,205.0,0.99,0.95,0.95,0.9932,0.6295,0.99,0.81,1790742300,999,45,1790742555,-0.0,0.374,0.33
-0.0,10.5,0.16,Down,True,14.0,0.99,0.97,0.98,1.0,0.9786,0.99,-0.0,1790743500,5250.0,60,1790743740,-0.0,0.081,2.03
3.7,7.9,1.26,Down,True,300.0,0.99,0.92,0.95,1.0,0.8699,0.99,0.87,1790744100,999,51,1790744349,2.29,0.118,1.13
-0.0,-1.1,0.87,Down,False,300.0,0.98,0.010000000000000009,0.95,0.0,0.4617,0.01,-0.29,1790744700,999,33,1790744967,0.0,0.233,-0.1
1.54,21.2,3.4,Up,True,223.0,0.99,0.9695639535,0.95,1.0,0.9084,0.99,2.22,1790745300,999,48,1790745552,2.23,0.276,1.33
1.03,34.4,-0.03,Up,True,100.0,0.99,0.99,0.99,1.0,0.9651,0.99,0.67,1790745600,17200.0,60,1790745840,-0.0,0.294,1.81
1.32,43.5,1.44,Up,True,31.0,0.99,0.99,0.9899999997,1.0,0.9746,0.99,0.94,1790745900,999,60,1790746140,2.4,0.345,1.95
0.0,5.0,-0.28,Up,True,190.0,0.99,0.92,0.95,0.995,0.5673,0.99,0.0,1790746500,999,39,1790746761,0.0,0.562,0.17
3.63,11.5,3.04,Up,True,102.0,0.99,0.9,0.95,1.0,0.8968,0.99,2.36,1790746800,999,48,1790747052,1.18,0.157,1.26
3.48,40.4,2.36,Up,True,1885.0,0.99,0.99,0.9665067521,0.9072,0.9418,0.99,2.3,1790747700,999,60,1790747940,5.72,0.399,1.57
0.59,26.3,-0.06,Down,True,105.0,0.99,0.94,0.95,0.9881,0.8782,0.99,0.48,1790748000,999,49,1790748251,-0.0,0.386,1.17
-0.29,-7.2,-1.05,Up,False,100.0,0.97,0.010000000000000009,0.95,0.1221,0.3629,0.17,-0.83,1790748900,-11.5,36,1790749164,-0.62,0.414,-0.35
0.18,32.7,0.39,Down,True,140.0,0.99,0.92,0.97,1.0,0.9441,0.99,0.85,1790749200,999,60,1790749440,0.3,0.319,1.59
1.06,21.7,0.31,Up,False,100.0,0.95,0.01,0.95,0.0001,0.8375,0.01,0.0,1790750100,999,57,1790750343,0.8,0.352,0.98
0.0,23.4,0.21,Up,True,50.0,0.99,0.95,0.95,0.9999,0.8312,0.99,0.0,1790750400,999,49,1790750651,0.0,0.419,0.96
0.65,18.7,0.36,Down,True,250.0,0.99,0.92,0.96,0.9999,0.6827,0.99,1.19,1790751600,999,58,1790751842,1.11,0.623,0.48
-0.0,13.5,1.13,Down,True,41.0,0.99,0.9399995688,0.96,0.9998,0.8095,0.99,0.59,1790751900,999,45,1790752155,0.0,0.277,0.88
-2.24,8.4,-2.04,Down,True,50.0,0.99,0.19109225870000002,0.97,0.9641,0.7102,0.99,-1.82,1790752200,3.0,60,1790752440,-2.78,0.237,0.55
0.22,42.3,0.22,Down,True,105.0,0.999,0.98,0.99,1.0,0.8853,0.99,-0.18,1790753100,21150.0,60,1790753340,-0.0,0.546,1.2
0.0,48.1,-0.38,Up,True,165.0,0.99,0.98,0.99,1.0,0.9867,0.99,0.0,1790753400,999,60,1790753640,0.0,0.336,2.22
0.84,2.2,2.19,Up,True,59.0,0.99,0.94,0.9641188738,1.0,0.6279,0.99,2.43,1790754000,999,49,1790754251,0.5,0.113,0.33
0.0,21.1,0.52,Down,True,63.0,0.99,0.95,0.95,0.1428,0.9535,0.99,0.63,1790754300,999,57,1790754543,0.0,0.2,1.68
0.0,19.1,0.27,Up,True,50.0,0.99,0.9399999624,0.95,0.001,0.8278,0.99,-1.04,1790754600,999,60,1790754840,0.0,0.312,0.95
5.49,36.9,3.05,Down,True,200.0,0.99,0.94,0.95,1.0,0.9796,0.99,4.87,1790755200,999,40,1790755460,5.26,0.342,2.05
4.2,68.4,2.88,Down,True,100.0,0.99,0.92,0.99,1.0,0.9903,0.99,2.21,1790756400,999,55,1790756645,9.55,0.474,2.34
0.37,13.9,0.8,Down,True,136.0,0.99,0.89622,0.97,1.0,0.7298,0.99,0.39,1790756700,999,54,1790756946,0.73,0.371,0.61
-0.0,24.7,0.04,Up,True,28.0,0.99,0.9699999991,0.9699999981,0.9997,0.9595,0.99,0.0,1790758500,999,60,1790758740,0.0,0.22,1.74
0.0,44.5,-0.46,Up,True,100.0,0.99,0.99,0.99,1.0,0.9723,0.99,0.32,1790759400,999,60,1790759640,0.0,0.36,1.92
1.09,29.7,2.17,Up,True,100.0,0.99,0.97,0.98,1.0,0.9825,0.99,0.43,1790759700,999,60,1790759940,0.0,0.218,2.11
-0.0,45.5,1.85,Up,True,10.0,0.99,0.9899999865,0.99,1.0,0.9601,0.99,0.32,1790761500,999,60,1790761740,0.0,0.401,1.75
1.62,17.2,-0.0,Down,False,100.0,0.99,0.010000000000000009,0.99,0.0,0.8421,0.01,0.38,1790761800,999,42,1790762058,2.71,0.316,1.0
-0.0,34.6,0.03,Up,True,25.0,0.99,0.9700000006,0.98,1.0,0.9661,0.99,1.11,1790762100,17300.0,60,1790762340,-0.0,0.293,1.83
3.87,42.1,3.0,Down,True,241.0,0.99,0.91,0.97132,1.0,0.9956,0.99,1.86,1790762700,999,37,1790762963,3.38,0.315,2.62
2.98,-3.2,3.72,Up,True,274.0,0.99,0.910000004,0.95,0.0504,0.3397,0.99,1.76,1790763000,999,34,1790763266,2.54,0.161,-0.41
-1.11,29.6,-0.86,Down,True,25.0,0.99,0.98,0.99,0.9992,0.9073,0.99,-0.3,1790763300,12.3,43,1790763557,-2.4,0.407,1.32
0.57,21.3,0.68,Up,True,25.0,0.99,0.95,0.95,1.0,0.8131,0.99,0.33,1790763600,999,52,1790763848,2.14,0.396,0.89
0.0,21.0,0.02,Up,True,142.0,0.99,0.96,0.98,0.6154,0.8152,0.99,0.0,1790763900,999,60,1790764140,0.0,0.36,0.9
0.0,-7.3,0.94,Up,True,167.0,0.99,0.9299999888,0.95,0.0003,0.3555,0.99,0.63,1790764800,999,46,1790765054,0.0,0.345,-0.37
2.79,15.7,3.92,Up,True,280.0,0.99,0.9068207231000001,0.9699999588,0.0189,0.7576,0.99,3.36,1790765100,999,55,1790765345,4.43,0.362,0.7
0.0,15.5,0.03,Up,True,63.0,0.99,0.94,0.95,1.0,0.8319,0.99,-0.38,1790765400,999,60,1790765640,0.0,0.249,0.96
0.0,27.1,-0.0,Down,True,49.0,0.99,0.98,0.99,1.0,0.9128,0.99,-0.37,1790765700,999,60,1790765940,-0.0,0.306,1.36
-0.0,9.3,-0.0,Down,True,56.0,0.99,0.6599999999999999,0.96,1.0,0.674,0.99,-0.26,1790766300,999,52,1790766548,0.0,0.342,0.45
0.9,7.2,2.38,Down,True,119.0,0.99,0.96,0.97,1.0,0.646,0.99,0.98,1790766900,999,45,1790767155,2.6,0.34,0.37
-0.39,10.8,0.03,Down,True,20.0,0.99,0.8232258065,0.95,0.7792,0.8109,0.99,0.33,1790767500,5400.0,58,1790767742,-0.0,0.191,0.88
1.71,38.0,0.47,Up,True,20.0,0.99,0.99,0.99,1.0,0.9986,0.99,0.3,1790769300,999,60,1790769540,0.94,0.195,3.0
1.88,54.7,1.03,Down,True,56.0,0.99,0.99,0.99,1.0,0.9894,0.99,-0.92,1790769600,999,60,1790769840,1.89,0.366,2.31
0.0,52.0,-0.0,Down,True,29.0,0.999,0.99,0.99,1.0,0.9978,0.999,-0.32,1790769900,999,60,1790770140,0.0,0.28,2.85
-1.24,31.8,-0.37,Up,True,8.0,0.999,0.96,0.9699998955,1.0,0.8514,0.999,-0.64,1790770800,10.3,60,1790771040,-3.1,0.47,1.04
-0.09,97.2,0.02,Down,True,20.0,0.99,0.96,0.96,1.0,0.9462,0.99,-0.8,1790773200,217.0,60,1790773440,-0.45,0.914,1.61
2.13,149.9,1.48,Down,True,100.0,0.99,0.97,0.9765650806,1.0,0.9697,0.99,1.6,1790773800,999,60,1790774040,12.63,1.206,1.88
4.4,112.2,3.94,Down,True,258.0,0.99,0.96,0.97,1.0,0.9981,0.99,4.18,1790774100,999,36,1790774364,13.35,0.755,2.9
0.31,57.4,0.99,Down,True,92.0,0.99,0.85,0.95,0.9999,0.8994,0.99,-0.2,1790774400,999,58,1790774642,0.23,0.691,1.28
2.47,116.9,2.49,Up,True,152.0,0.99,0.98,0.96,1.0,0.9196,0.99,2.19,1790775900,999,48,1790776152,9.97,1.423,1.4
1.04,21.6,1.05,Up,True,291.0,0.99,0.9,0.95,0.1092,0.6544,0.99,0.8,1790776200,999,33,1790776467,7.15,1.121,0.4
-2.53,58.7,-2.09,Down,True,25.0,0.999,0.8899996084,0.99,0.8152,0.8359,0.999,-1.9,1790776500,6.4,57,1790776743,-9.18,0.941,0.98
-0.71,110.6,-0.69,Down,True,30.0,0.99,0.24,0.99,0.9026,0.9265,0.99,-0.9,1790776800,39.5,60,1790777040,-2.8,1.164,1.45
1.24,26.2,2.09,Up,True,200.0,0.99,0.7300000282,0.95,0.8409,0.7394,0.99,0.95,1790777400,999,18,1790777682,2.98,1.139,0.64
-0.61,161.9,-0.9,Down,True,68.0,0.99,0.99,0.99,1.0,0.9187,0.99,-0.48,1790778600,93.9,58,1790778842,-1.72,1.821,1.4
2.38,123.0,1.71,Down,True,125.0,0.99,0.91,0.97,1.0,0.9781,0.99,1.82,1790779200,999,57,1790779443,11.81,0.966,2.02
-0.0,-18.0,0.0,Up,True,272.0,0.99,0.95,0.95,0.06,0.313,0.99,0.0,1790780100,-9000.0,21,1790780379,-0.0,0.96,-0.49
3.25,71.4,1.83,Up,True,300.0,0.99,0.98,0.99,0.9994,0.8799,0.99,1.47,1790780400,66.5,60,1790780640,-1.07,0.935,1.17
1.15,13.2,0.5,Up,True,100.0,0.99,0.9199999693,0.95,0.9964,0.6454,0.99,0.7,1790780700,999,42,1790780958,0.0,0.653,0.37
-2.01,25.8,-1.09,Up,True,100.0,0.99,0.86,0.9799999647,0.9988,0.7134,0.99,-1.3,1790781000,4.1,60,1790781240,-6.23,0.704,0.56
-2.38,34.5,-1.93,Up,True,15.0,0.99,0.7,0.95,0.0,0.7303,0.97,-2.08,1790781600,2.5,58,1790781842,-13.54,0.88,0.61
0.55,29.7,0.55,Up,True,200.0,0.99,0.94,0.95,1.0,0.8024,0.99,0.2,1790781900,999,45,1790782155,1.8,0.621,0.85
1.11,84.0,0.38,Up,True,35.0,0.99,0.96,0.95,1.0,0.9705,0.99,0.85,1790782500,999,54,1790782746,8.88,0.719,1.89
1.75,53.4,1.1,Down,True,100.0,0.99,0.95,0.96,1.0,0.8986,0.99,1.63,1790782800,999,60,1790783040,3.81,0.643,1.27
1.4,22.9,1.39,Down,True,135.0,0.99,0.9225915789,0.95,1.0,0.904,0.99,0.58,1790783400,999,27,1790783673,0.97,0.401,1.3
2.18,51.8,2.08,Up,True,42.0,0.999,0.9899999903,0.99,1.0,0.9639,0.99,1.51,1790784300,999,60,1790784540,0.0,0.441,1.8
-0.0,16.1,-0.91,Down,True,50.0,0.99,0.8,0.95,0.6747,0.7095,0.99,-0.34,1790784600,999,39,1790784861,-0.0,0.555,0.55
2.21,47.1,3.25,Up,True,200.0,0.99,0.95,0.95,1.0,0.9372,0.99,2.51,1790784900,999,57,1790785143,4.17,0.483,1.53
1.26,22.2,1.12,Up,True,171.0,0.99,0.9300000001,0.95,1.0,0.821,0.99,1.15,1790785800,999,48,1790786052,2.78,0.414,0.92
-0.0,52.6,0.03,Down,True,9.0,0.999,0.9899067539,0.99,1.0,0.9697,0.999,-0.0,1790786100,999,60,1790786340,-0.0,0.43,1.88
1.25,32.6,2.08,Up,True,83.0,0.99,0.92,0.95,0.7873,0.8699,0.99,0.64,1790786700,999,39,1790786961,4.68,0.55,1.13
0.54,10.2,-0.02,Down,True,140.0,0.99,0.882044,0.96,0.9949,0.7151,0.99,-0.25,1790787000,999,37,1790787263,1.0,0.349,0.57
-0.0,35.1,0.02,Down,True,42.0,0.999,0.808364,0.97,0.9997,0.9823,0.999,0.65,1790787300,999,60,1790787540,-0.0,0.255,2.1
-0.45,-5.6,-0.37,Down,True,154.0,0.99,0.07000002640000003,0.98,1.0,0.3887,0.99,-1.44,1790787600,-1.5,55,1790787845,-3.76,0.316,-0.28
1.12,36.6,0.17,Up,True,123.0,0.99,0.96,0.95,1.0,0.8943,0.99,0.72,1790789100,999,54,1790789346,4.18,0.474,1.25
-0.61,51.2,-0.33,Down,True,36.0,0.99,0.94,0.98,1.0,0.8806,0.99,-0.53,1790789700,23.8,60,1790789940,-2.15,0.667,1.18
0.23,1.8,0.0,Up,False,109.0,0.99,0.010000000000000009,0.95,0.0,0.5537,0.227,0.61,1790790000,999,27,1790790273,0.37,0.301,0.14
0.89,27.5,0.78,Up,True,93.0,0.99,0.94,0.95,1.0,0.9756,0.99,0.0,1790790900,999,48,1790791152,1.13,0.24,1.97
1.57,27.2,1.45,Up,True,352.0,0.99,0.95,0.95,1.0,0.918,0.99,1.52,1790791500,999,37,1790791763,3.2,0.382,1.39
2.05,27.3,1.07,Up,True,200.0,0.99,0.8,0.95,0.1239,0.923,0.99,0.3,1790791800,999,52,1790792048,2.13,0.317,1.43
-1.49,44.1,-1.17,Down,True,25.0,0.99,0.9547169811,0.98,1.0,0.9527,0.99,-1.74,1790792100,55.3,60,1790792340,-0.8,0.405,1.67
0.52,16.0,0.31,Down,True,116.0,0.99,0.65,0.95,0.2932,0.8524,0.99,-0.6,1790792700,999,51,1790792949,0.7,0.255,1.05
0.99,30.2,1.35,Down,True,40.0,0.99,0.96,0.97,1.0,0.9449,0.99,2.13,1790793000,999,60,1790793240,1.53,0.291,1.6
-3.08,31.6,-1.12,Down,True,13.0,0.99,0.98,0.98,1.0,0.9907,0.99,-1.44,1790793300,999,60,1790793540,-0.0,0.207,2.35
1.91,49.5,1.77,Up,True,60.0,0.99,0.99,0.99,0.9999,0.978,0.99,2.37,1790793600,999,60,1790793840,3.44,0.379,2.01
1.76,16.8,1.6,Down,True,105.0,0.99,0.9458730202,0.96,0.6288,0.8143,0.99,1.54,1790796000,999,57,1790796243,2.78,0.298,0.89
-0.13,6.6,0.14,Down,True,100.0,0.99,0.3588216216,0.95,0.8354,0.5881,0.99,-0.34,1790798400,999,37,1790798663,0.78,0.579,0.22
-0.0,18.9,0.89,Up,True,163.0,0.99,0.8,0.95,0.9936,0.6907,0.99,0.39,1790798700,999,42,1790798958,0.0,0.699,0.5
0.7,26.9,0.0,Up,True,211.0,0.99,0.96,0.95,1.0,0.9134,0.99,1.77,1790799000,999,54,1790799246,1.19,0.322,1.36
-1.52,27.8,-2.35,Down,True,29.0,0.99,0.86,0.96,0.9948,0.9891,0.99,-0.0,1790799300,13900.0,60,1790799540,-0.0,0.187,2.29
0.0,13.5,0.0,Up,True,131.0,0.99,0.9492647059,0.95,0.9995,0.8858,0.99,-0.36,1790799900,999,51,1790800149,0.0,0.187,1.2
-0.45,42.4,-1.38,Up,True,18.0,0.99,0.99,0.99,1.0,0.9811,0.99,-0.51,1790800500,56.5,60,1790800740,-0.75,0.315,2.08
-0.0,18.7,-0.0,Down,True,56.0,0.99,0.94,0.95,1.0,0.8825,0.99,-1.54,1790800800,999,58,1790801042,0.0,0.247,1.19
-0.0,17.1,-0.0,Down,True,80.0,0.99,0.95,0.96,1.0,0.9799,0.99,-0.29,1790801100,999,60,1790801340,0.0,0.128,2.05
-0.0,16.7,-0.04,Down,True,25.0,0.99,0.86,0.96,0.8303,0.9548,0.99,0.73,1790802300,999,60,1790802540,-0.0,0.152,1.69
-0.0,17.3,-0.56,Up,True,70.0,0.99,0.94,0.95,1.0,0.8187,0.99,-0.32,1790802600,999,48,1790802852,0.0,0.327,0.91
-0.0,17.6,-0.84,Down,True,24.0,0.99,0.97,0.98,1.0,0.9984,0.99,-0.73,1790803200,8800.0,60,1790803440,-0.0,0.092,2.96
-0.0,12.2,-0.06,Down,True,100.0,0.99,0.92,0.95,0.999,0.8151,0.99,-0.0,1790803500,999,60,1790803740,0.0,0.21,0.9
0.0,20.6,1.36,Up,True,157.0,0.99,0.96,0.97,1.0,0.833,0.99,0.0,1790803800,999,60,1790804040,0.0,0.329,0.97
-0.0,5.4,-0.04,Down,True,89.0,0.99,0.86,0.95,0.9716,0.7048,0.99,0.43,1790804100,2700.0,24,1790804376,-0.0,0.244,0.54
1.31,29.9,1.88,Down,True,87.0,0.99,0.99,0.99,1.0,0.9851,0.99,2.12,1790804400,999,60,1790804640,-0.0,0.212,2.17
0.0,17.9,0.0,Up,True,100.0,0.99,0.94,0.95,0.9872,0.9266,0.99,0.44,1790804700,999,48,1790804952,0.0,0.212,1.45
0.0,15.0,0.0,Up,True,56.0,0.99,0.94,0.95,0.9966,0.8545,0.99,0.76,1790805000,999,33,1790805267,0.0,0.294,1.06
0.0,17.6,-1.44,Up,True,100.0,0.99,0.88501875,0.95,1.0,0.9992,0.99,0.54,1790805300,999,51,1790805549,0.0,0.093,3.15
1.82,35.0,-0.26,Up,True,40.0,0.99,0.9699999871,0.9699999935,1.0,0.951,0.99,0.54,1790806500,999,60,1790806740,2.34,0.326,1.66
0.0,37.8,-1.67,Up,True,85.0,0.99,0.99,0.9799999647,1.0,1.0,0.99,-0.52,1790806800,999,60,1790807040,0.0,0.08,7.28
0.13,12.5,0.0,Up,True,100.0,0.99,0.94,0.95,1.0,0.8868,0.99,0.0,1790807400,999,60,1790807640,0.0,0.16,1.21
4.84,12.8,3.38,Down,True,100.0,0.99,0.91,0.97,1.0,0.9686,0.99,2.13,1790807700,999,55,1790807945,2.83,0.111,1.86
-0.0,15.9,-0.0,Down,True,157.0,0.99,0.8700000052,0.98,0.9883,0.9095,0.99,0.44,1790808000,999,60,1790808240,-0.0,0.184,1.34
-0.0,33.0,0.25,Down,True,25.0,0.99,0.98,0.99,1.0,0.9993,0.99,0.84,1790808300,999,60,1790808540,-0.0,0.159,3.2
0.29,28.8,1.08,Down,True,22.0,0.99,0.98,0.99,1.0,0.9557,0.99,0.69,1790808900,999,60,1790809140,0.4,0.261,1.7
0.0,9.2,0.35,Up,True,230.0,0.99,0.94,0.95,0.9883,0.6807,0.99,-0.49,1790810100,999,27,1790810373,0.0,0.449,0.47
0.72,48.7,0.0,Up,True,24.0,0.99,0.9799999647,0.99,1.0,0.9254,0.99,0.23,1790810400,24350.0,60,1790810640,-0.0,0.521,1.44
-0.0,27.8,0.09,Down,True,25.0,0.99,0.98,0.98,1.0,0.9836,0.99,0.41,1790811600,999,60,1790811840,-0.0,0.201,2.13
-0.54,55.4,-0.91,Up,True,90.0,0.99,0.99,0.98,0.9814,0.8462,0.99,0.0,1790812200,33.5,60,1790812440,-1.65,0.838,1.02
-0.69,5.4,-1.73,Down,True,66.0,0.99,0.7099999463,0.95,0.016,0.6787,0.99,-0.0,1790812500,6.4,36,1790812764,-0.84,0.232,0.46
4.38,26.3,3.01,Down,True,243.0,0.99,0.9300000035,0.95,1.0,0.9172,0.99,2.04,1790813100,999,57,1790813343,6.98,0.301,1.39
-0.0,32.8,-0.14,Up,True,18.0,0.99,0.9799998367,0.9726168659,0.9382,0.9164,0.99,-0.35,1790813400,999,60,1790813640,0.0,0.367,1.38
0.0,12.3,1.95,Up,True,100.0,0.99,0.95,0.95,1.0,0.8037,0.99,1.22,1790814000,999,46,1790814254,0.0,0.255,0.85
1.28,23.5,1.76,Up,True,125.0,0.99,0.9592666667,0.95,0.9996,0.9565,0.99,1.39,1790814300,999,43,1790814557,1.7,0.251,1.71
0.49,-2.0,0.75,Down,True,195.0,0.99,0.94,0.95,0.9755,0.4499,0.99,0.4,1790814600,999,36,1790814864,0.58,0.325,-0.13
0.89,22.9,3.23,Up,True,81.0,0.99,0.95,0.9699999994,1.0,0.9672,0.99,1.77,1790814900,999,60,1790815140,0.0,0.192,1.84
0.6,21.2,0.03,Up,True,100.0,0.99,0.9656694188,0.96,1.0,0.902,0.99,0.45,1790815200,999,60,1790815440,0.8,0.253,1.29
-0.55,26.1,0.03,Down,True,5.0,0.99,0.9899999994,0.9887428571,0.9964,0.941,0.99,-0.39,1790815500,35.1,60,1790815740,-0.74,0.258,1.56
-0.0,17.8,1.42,Down,True,206.0,0.99,0.97,0.97,1.0,0.8696,0.99,0.48,1790815800,999,60,1790816040,0.0,0.244,1.12
0.0,31.8,-0.7,Up,True,52.0,0.99,0.99,0.99,0.9986,0.999,0.99,0.0,1790816100,999,60,1790816340,0.0,0.158,3.1
2.72,13.3,3.46,Down,False,678.0,0.97,0.0010000000000000009,0.95,0.0799,0.7059,0.001,1.16,1790816400,999,57,1790816643,0.0,0.388,0.54
0.0,11.9,-0.28,Up,True,80.0,0.99,0.8715505775,0.96,0.492,0.9233,0.99,0.0,1790817000,999,33,1790817267,0.0,0.174,1.43
-0.0,39.7,-0.35,Up,True,135.0,0.99,0.96,0.95,1.0,0.911,0.99,0.33,1790817300,999,60,1790817540,0.0,0.455,1.35
-0.0,24.8,0.03,Up,True,54.0,0.99,0.9599999808,0.9699999994,1.0,0.8696,0.99,0.0,1790817600,12400.0,60,1790817840,-0.0,0.34,1.12
-0.0,14.5,0.34,Down,True,12.0,0.99,0.98,0.99,1.0,0.8987,0.99,-0.0,1790817900,7250.0,60,1790818140,-0.0,0.176,1.27
-0.0,9.3,-0.0,Down,True,48.0,0.999,0.93,0.98,0.5659,0.7149,0.99,-0.45,1790818500,999,40,1790818760,-0.0,0.31,0.57
-0.0,1.5,-0.48,Down,True,62.0,0.99,0.95,0.96,0.2637,0.5308,0.99,-0.85,1790819400,750.0,36,1790819664,-0.0,0.382,0.08
0.0,7.8,-0.0,Down,True,55.0,0.99,0.944940239,0.95,0.9958,0.7573,0.99,-0.46,1790819700,999,46,1790819954,-0.0,0.198,0.7
3.88,16.1,2.84,Up,True,252.0,0.99,0.15,0.95,0.9961,0.9183,0.99,2.29,1790820000,999,37,1790820263,2.0,0.228,1.39
1.91,13.4,0.6,Down,True,540.0,0.99,0.96,0.97,1.0,0.897,0.99,0.43,1790820600,999,31,1790820869,2.3,0.227,1.26
-0.0,5.7,0.01,Up,True,500.0,0.99,0.8300000017,0.95,0.1164,0.5961,0.99,-0.31,1790821200,2850.0,37,1790821463,-0.0,0.462,0.24
-2.57,45.8,-0.91,Down,True,28.0,0.999,0.8700000037,0.9697355218,0.0017,0.9937,0.999,-1.46,1790821500,24.3,60,1790821740,-1.88,0.283,2.5
0.0,12.9,-0.38,Up,True,91.0,0.99,0.8900000017,0.9699999961,0.9331,0.7898,0.99,-0.36,1790822400,999,51,1790822649,0.0,0.268,0.81
0.0,23.4,1.87,Down,True,500.0,0.99,0.98,0.99,1.0,0.9873,0.99,0.37,1790822700,999,60,1790822940,-0.0,0.162,2.24
0.0,29.2,0.0,Up,True,39.0,0.99,0.9775132672,0.9699999981,0.9991,0.9902,0.99,-0.89,1790823300,999,60,1790823540,0.0,0.194,2.33
0.97,21.7,0.12,Down,True,241.0,0.99,0.99,0.99,1.0,0.9302,0.99,0.75,1790823600,10850.0,60,1790823840,-0.0,0.227,1.48
0.0,5.2,0.35,Up,True,100.0,0.99,0.89,0.95,0.9358,0.6117,0.99,0.0,1790823900,999,39,1790824161,0.0,0.349,0.28
0.0,12.5,0.0,Up,True,168.0,0.99,0.8888045937,0.95,1.0,0.8866,0.99,0.93,1790824200,999,58,1790824442,0.0,0.163,1.21
-0.19,4.6,-0.0,Down,True,204.0,0.99,0.85,0.95,0.8286,0.633,0.99,0.82,1790824500,999,39,1790824761,0.0,0.261,0.34
-0.0,10.6,-0.0,Down,True,160.0,0.99,0.9399999922,0.95,1.0,0.8517,0.99,-0.0,1790824800,5300.0,57,1790825043,-0.0,0.161,1.04
0.76,10.5,1.87,Up,True,106.0,0.99,0.85,0.95,0.9867,0.8257,0.99,0.79,1790825400,999,28,1790825672,1.02,0.255,0.94
0.0,36.7,0.0,Up,True,25.0,0.999,0.97,0.98,0.9997,0.9432,0.999,0.33,1790826900,999,60,1790827140,0.0,0.357,1.58
3.33,27.7,0.16,Up,True,150.0,0.99,0.94,0.95,1.0,0.9806,0.99,1.29,1790827200,999,39,1790827461,4.53,0.257,2.07
2.91,27.8,2.49,Up,True,100.0,0.99,0.94,0.9559555723,1.0,0.9926,0.99,1.19,1790827500,999,37,1790827763,3.45,0.224,2.44
0.35,5.6,0.19,Up,True,81.0,0.99,0.95,0.95,0.9147,0.6026,0.99,1.66,1790828400,999,33,1790828667,0.82,0.448,0.26
0.0,1.8,0.0,Up,True,172.0,0.99,0.9373545732999999,0.95,1.0,0.561,0.99,0.86,1790829600,999,48,1790829852,0.0,0.201,0.15
-0.0,6.1,-0.0,Down,True,100.0,0.99,0.925309778,0.9577876106,0.9547,0.6593,0.99,0.31,1790830200,999,16,1790830484,2.0,0.444,0.41
0.4,52.6,1.16,Up,True,160.0,0.99,0.99,0.99,1.0,0.97,0.99,0.27,1790830800,999,60,1790831040,0.28,0.429,1.88
0.0,0.7,0.0,Up,True,223.0,0.99,0.95,0.95,0.9851,0.5141,0.99,0.31,1790831100,999,31,1790831369,0.0,0.398,0.04
-0.08,10.5,1.33,Up,True,30.0,0.99,0.95,0.95,1.0,0.7975,0.99,0.0,1790831700,999,55,1790831945,0.0,0.203,0.83
0.0,8.0,1.81,Up,True,77.0,0.99,0.93,0.95,0.0899,0.6666,0.99,0.0,1790832000,999,39,1790832261,1.47,0.352,0.43
-0.97,-3.8,-3.33,Up,True,193.0,0.99,0.5501836260999999,0.95,0.9273,0.3358,0.99,-0.89,1790832300,-4.9,49,1790832551,-0.78,0.151,-0.42
3.46,4.6,3.08,Up,True,200.0,0.99,0.95,0.95,0.9981,0.6955,0.99,1.17,1790832600,999,24,1790832876,1.65,0.219,0.51
0.0,14.8,0.04,Up,True,218.0,0.99,0.97,0.98,0.2207,0.8378,0.99,-0.4,1790832900,999,60,1790833140,0.0,0.229,0.99
0.0,3.8,0.0,Up,True,55.0,0.999,0.98,0.98,1.0,0.6783,0.99,0.0,1790833500,999,60,1790833740,0.0,0.126,0.46
0.0,21.7,0.51,Down,True,176.0,0.99,0.7496366667000001,0.97,0.9999,0.9877,0.95,-0.73,1790834400,999,28,1790834672,0.0,0.217,2.25
0.88,-6.1,0.41,Up,True,154.0,0.99,0.95,0.9699999999,0.9132,0.3268,0.99,0.47,1790834700,999,43,1790834957,1.16,0.247,-0.45
2.55,-1.8,2.87,Up,True,533.0,0.99,0.92,0.96,0.3197,0.439,0.99,1.82,1790835600,999,46,1790835854,2.2,0.205,-0.15
0.0,-0.2,-0.66,Up,True,83.0,0.99,0.9175,0.95,0.8521,0.4874,0.99,-0.41,1790835900,999,10,1790836190,0.0,0.259,-0.03
-0.0,47.4,-0.27,Down,True,10.0,0.99,0.99,0.99,1.0,0.9885,0.99,-0.67,1790836500,999,60,1790836740,-0.0,0.32,2.27
0.25,12.7,0.83,Down,True,141.0,0.99,0.9499999708,0.96,0.6214,0.75,0.99,-0.0,1790836800,999,54,1790837046,0.4,0.304,0.67
3.68,27.4,3.18,Down,True,990.0,0.99,0.9700000001,0.98,1.0,0.9935,0.99,4.8,1790837100,999,21,1790837379,2.8,0.286,2.48
-0.25,58.0,-0.35,Down,True,25.0,0.99,0.99,0.99,1.0,0.8953,0.99,0.44,1790840100,29000.0,60,1790840340,-0.0,0.713,1.26
1.58,42.7,1.89,Down,True,166.0,0.99,0.11125225000000005,0.98,0.3058,0.8861,0.99,0.61,1790840400,999,37,1790840663,5.81,0.697,1.21
0.66,46.5,1.03,Up,True,22.0,0.99,0.8823809524,0.95,0.9896,0.8013,0.99,1.14,1790840700,23250.0,60,1790840940,-0.0,0.849,0.85
-0.28,34.8,-0.02,Down,True,77.0,0.99,0.8931609208,0.96,1.0,0.844,0.99,-0.0,1790841000,43.4,60,1790841240,-0.8,0.532,1.01
-1.48,60.6,-1.78,Up,True,35.0,0.99,0.97,0.99,1.0,0.9435,0.99,-2.44,1790841600,23.2,57,1790841843,-2.62,0.607,1.58
-1.84,44.9,-2.22,Up,True,17.0,0.999,0.9329411765,0.96,0.9999,0.8778,0.999,-2.32,1790842500,12.5,51,1790842749,-3.6,0.648,1.16
1.1,30.3,0.78,Up,True,133.0,0.99,0.95,0.95,0.8828,0.8734,0.99,1.0,1790842800,999,33,1790843067,2.0,0.553,1.14
0.88,30.7,1.49,Up,True,33.0,0.999,0.92,0.95,0.9992,0.9233,0.999,0.38,1790843100,999,48,1790843352,1.74,0.373,1.43
2.07,11.5,1.66,Down,True,68.0,0.99,0.9,0.95,0.9094,0.7851,0.99,1.5,1790844300,999,24,1790844576,3.88,0.356,0.79
0.0,9.9,0.0,Up,True,34.0,0.99,0.6300000211,0.95,1.0,0.6768,0.99,0.29,1790844600,999,39,1790844861,0.0,0.414,0.46
1.4,25.5,1.46,Up,True,116.0,0.99,0.96,0.95,1.0,0.9615,0.99,1.07,1790845200,999,46,1790845454,1.89,0.255,1.77
0.0,39.3,1.12,Up,True,18.0,0.99,0.98,0.99,1.0,0.9987,0.99,0.78,1790845500,999,60,1790845740,0.0,0.202,3.0
2.3,24.2,2.4,Up,True,179.0,0.99,0.94,0.95,0.9951,0.8159,0.99,2.94,1790846400,999,49,1790846651,1.35,0.46,0.9
0.0,10.6,0.5,Up,True,186.0,0.99,0.91,0.95,0.9999,0.7546,0.99,0.56,1790846700,999,51,1790846949,0.0,0.258,0.69
-0.0,17.4,1.43,Down,True,336.0,0.99,0.92,0.95,0.2953,0.8735,0.99,0.75,1790847300,999,52,1790847548,-0.0,0.251,1.14
2.65,25.3,0.91,Down,True,500.0,0.99,0.94,0.95,1.0,0.9848,0.99,0.64,1790847900,999,49,1790848151,1.55,0.199,2.17
-0.0,15.4,-0.03,Down,True,40.0,0.99,0.94,0.95,1.0,0.9078,0.99,-0.0,1790848500,999,43,1790848757,-0.0,0.211,1.33
0.0,11.1,0.0,Up,True,67.0,0.99,0.95,0.95,1.0,0.7387,0.99,0.0,1790849400,999,43,1790849657,0.0,0.316,0.64
0.31,54.3,0.06,Up,True,144.0,0.999,0.8074171486,0.9719999976,0.1409,0.9583,0.994,0.0,1790849700,13.8,60,1790849940,-3.94,0.483,1.73
0.16,4.1,0.46,Up,True,106.0,0.99,0.8968823267,0.95,0.168,0.6092,0.99,0.29,1790850000,999,30,1790850270,0.27,0.32,0.28
-0.0,37.0,0.27,Down,True,30.0,0.99,0.96,0.97,0.9957,0.9101,0.99,0.22,1790850300,18500.0,60,1790850540,-0.0,0.426,1.34
-0.0,32.6,-1.48,Down,True,150.0,0.99,0.98,0.99,1.0,0.9754,0.99,-0.39,1790850900,999,60,1790851140,-0.0,0.256,1.97
0.61,34.8,0.02,Up,True,54.0,0.99,0.9699999981,0.963715945,1.0,0.9315,0.99,0.33,1790851800,999,60,1790852040,0.0,0.359,1.49
0.15,16.6,0.48,Up,True,61.0,0.999,0.91,0.95,0.8739,0.7109,0.99,0.0,1790852700,999,52,1790852948,0.4,0.493,0.56
1.0,28.0,2.15,Down,True,420.0,0.99,0.92,0.97,1.0,0.9677,0.99,1.15,1790853000,999,36,1790853264,1.6,0.302,1.85
0.0,41.1,0.42,Down,True,20.0,0.999,0.9799999822,0.9842938591,1.0,0.9992,0.999,0.42,1790853300,999,58,1790853542,0.0,0.203,3.17
1.77,30.5,1.72,Down,True,201.0,0.99,0.9549395111,0.96,1.0,0.9081,0.99,1.29,1790853600,999,57,1790853843,2.5,0.362,1.33
5.64,36.2,5.1,Up,True,100.0,0.99,0.9424328889,0.98,1.0,0.9972,0.99,2.68,1790853900,999,30,1790854170,8.49,0.284,2.77
-0.0,18.8,-0.0,Down,True,100.0,0.99,0.8979710155,0.95,0.6085,0.8044,0.99,-0.36,1790854200,9400.0,43,1790854457,-0.0,0.399,0.86
2.67,30.4,2.38,Up,True,50.0,0.99,0.9299999999999999,0.99,0.3879,0.9403,0.99,1.4,1790854800,999,60,1790855040,2.49,0.3,1.56
0.26,12.7,-0.26,Up,True,25.0,0.99,0.89,0.9699998448,0.0158,0.6904,0.99,-0.93,1790855100,47.4,60,1790855340,-0.27,0.394,0.5
-0.02,18.3,-0.17,Down,True,89.0,0.99,0.8249132619,0.95,0.9844,0.8375,0.99,-0.29,1790855400,481.6,24,1790855676,-0.04,0.452,0.98
4.54,46.1,1.23,Down,True,175.0,0.99,0.8606044444,0.98,1.0,0.9738,0.99,1.59,1790855700,999,58,1790855942,8.96,0.372,1.94
0.0,23.7,-0.5,Up,True,50.0,0.99,0.96,0.9699999951,1.0,0.9212,0.99,-0.33,1790856300,11850.0,60,1790856540,-0.0,0.258,1.41
-0.0,9.9,-0.69,Up,True,25.0,0.99,0.94,0.95,0.9971,0.8136,0.99,-0.98,1790856600,999,48,1790856852,0.0,0.192,0.89
1.04,42.3,1.03,Down,True,36.0,0.99,0.98,0.99,1.0,0.9473,0.99,0.56,1790856900,21150.0,60,1790857140,-0.0,0.402,1.62
0.0,22.6,0.02,Down,True,27.0,0.99,0.9099999962,0.9599996928,1.0,0.8116,0.99,-0.74,1790857200,999,54,1790857446,0.0,0.415,0.88
0.07,-14.2,1.05,Up,True,100.0,0.99,0.92,0.96,0.2113,0.2906,0.99,0.89,1790857500,999,25,1790857775,0.21,0.612,-0.55
-3.47,-17.4,-2.2,Down,True,13.0,0.999,0.98,0.99,0.0,0.0891,0.999,-2.4,1790857800,-5.7,22,1790858078,-3.03,0.329,-1.35
-0.0,26.7,-0.03,Down,False,15.0,0.99,0.010000000000000009,0.95,0.0,0.9371,0.01,-0.0,1790858100,999,58,1790858342,-0.0,0.273,1.53
1.36,19.4,1.31,Down,True,147.0,0.999,0.978,0.98,1.0,0.8749,0.999,0.95,1790858400,999,34,1790858666,2.5,0.345,1.15
1.07,23.7,1.16,Up,True,94.0,0.99,0.94,0.95,0.8245,0.7688,0.99,1.19,1790859300,999,48,1790859552,3.15,0.556,0.73
1.53,38.2,0.38,Down,True,272.0,0.99,0.742,0.95,1.0,0.8529,0.99,0.78,1790859900,999,54,1790860146,4.8,0.593,1.05
-0.19,40.8,-0.83,Up,True,17.0,0.99,0.719,0.95,1.0,0.9617,0.99,0.0,1790860500,999,58,1790860742,0.0,0.362,1.77
0.76,53.2,1.36,Down,True,93.0,0.99,0.99,0.99,1.0,0.9822,0.99,0.89,1790860800,999,60,1790861040,1.58,0.391,2.1
0.0,14.6,-0.02,Up,True,69.0,0.99,0.87,0.95,0.2113,0.721,0.99,-0.3,1790861100,7300.0,37,1790861363,-0.0,0.492,0.59
-0.14,42.3,-0.45,Down,True,43.0,0.99,0.37,0.95,0.0354,0.7355,0.977,-0.34,1790862000,30.3,58,1790862242,-1.4,1.052,0.63
1.16,27.5,0.52,Down,True,187.0,0.99,0.9299999999999999,0.98,1.0,0.7,0.99,0.34,1790862300,999,36,1790862564,3.6,1.042,0.52
0.01,55.3,-0.27,Up,True,95.0,0.99,0.9400000007,0.95,1.0,0.7943,0.99,-0.18,1790862600,32.9,58,1790862842,-1.68,1.055,0.82
0.32,27.7,0.22,Up,True,230.0,0.99,0.94,0.95,1.0,0.8855,0.99,0.83,1790862900,999,28,1790863172,1.2,0.52,1.2
-0.0,60.6,-0.04,Down,False,36.0,0.97,0.0020000000000000018,0.9524513893,0.0005,0.8585,0.004,-0.59,1790864400,999,54,1790864646,0.16,0.914,1.07
0.49,73.7,0.5,Down,True,400.0,0.99,0.95,0.97,0.0663,0.9268,0.99,0.38,1790865000,999,42,1790865258,4.27,0.93,1.45
1.54,23.8,1.65,Up,True,109.0,0.99,0.94999962,0.95,0.9855,0.6842,0.99,0.84,1790866200,999,51,1790866449,3.57,0.829,0.48
-0.41,34.7,-0.53,Up,True,23.0,0.99,0.96,0.9699999995,1.0,0.7675,0.99,-0.24,1790866500,999,60,1790866740,0.0,0.731,0.73
1.15,9.5,0.86,Up,True,250.0,0.99,0.9641854934,0.95,0.9999,0.5819,0.99,1.01,1790867400,999,42,1790867658,4.2,0.841,0.21
0.0,55.9,-0.0,Down,True,70.0,0.99,0.98,0.98,1.0,0.9575,0.99,0.3,1790868000,999,60,1790868240,0.0,0.497,1.72
1.31,73.3,1.15,Down,True,200.0,0.99,0.98,0.99,1.0,0.9972,0.99,0.36,1790868300,999,60,1790868540,2.83,0.406,2.77
-0.0,15.1,0.29,Down,True,171.0,0.99,0.9299999993,0.95,0.0001,0.6912,0.99,0.27,1790870100,999,40,1790870360,0.0,0.568,0.5
1.03,23.6,1.12,Down,True,200.0,0.99,0.97,0.97,1.0,0.8404,0.99,0.33,1790870700,999,48,1790870952,1.83,0.405,1.0
0.38,58.9,0.27,Up,True,24.0,0.99,0.9166666667,0.95,1.0,0.9414,0.99,-0.27,1790871000,999,58,1790871242,1.2,0.586,1.57
-0.5,63.7,-1.04,Up,True,100.0,0.99,0.9399999624,0.9531914894,1.0,0.8623,0.99,-1.6,1790871300,159.2,60,1790871540,-0.4,0.894,1.09
-0.56,26.1,0.02,Down,False,30.0,0.96,0.010000000000000009,0.95,0.0931,0.8183,0.01,0.31,1790871600,19.4,57,1790871843,-1.34,0.45,0.91
0.44,54.2,0.36,Down,True,330.0,0.999,0.9,0.99,1.0,0.9482,0.99,1.63,1790873100,999,60,1790873340,1.2,0.51,1.63
0.09,61.4,0.08,Down,True,42.0,0.99,0.99,0.99,1.0,0.9464,0.99,-0.0,1790873400,999,60,1790873640,0.0,0.584,1.61
0.86,56.1,-0.02,Down,True,93.0,0.999,0.94,0.99,0.5075,0.985,0.999,0.36,1790873700,999,60,1790873940,-0.0,0.397,2.17
2.67,55.0,1.73,Down,True,50.0,0.999,0.96,0.97,1.0,0.9508,0.999,1.71,1790874300,999,60,1790874540,5.53,0.509,1.65
0.24,42.4,-0.02,Up,True,100.0,0.99,0.96,0.98,0.9994,0.8479,0.99,0.3,1790874600,999,60,1790874840,0.0,0.631,1.03
0.84,30.2,0.57,Up,True,258.0,0.99,0.91,0.9599996928,1.0,0.7812,0.99,0.0,1790875200,999,39,1790875461,2.12,0.736,0.78
-0.8,51.4,-0.63,Down,True,100.0,0.99,0.9,0.99,1.0,0.7845,0.99,-0.76,1790875800,8.9,60,1790876040,-5.8,0.993,0.79
-1.05,13.7,0.51,Up,True,200.0,0.99,0.896597394,0.95,1.0,0.6954,0.99,0.54,1790876400,999,42,1790876658,0.95,0.486,0.51
1.43,20.6,1.45,Down,True,250.0,0.99,0.88,0.9512209912,0.3705,0.812,0.99,0.55,1790876700,999,28,1790876972,3.96,0.516,0.89
-0.0,29.2,-0.07,Up,False,232.0,0.98,0.01,0.95,0.0,0.8211,0.01,-0.29,1790877000,999,60,1790877240,0.0,0.483,0.92
1.09,68.4,-0.38,Up,True,146.0,0.99,0.98,0.9699998538,1.0,0.9794,0.99,0.28,1790877900,999,55,1790878145,5.46,0.533,2.04
-0.0,51.0,-0.0,Down,True,20.0,0.99,0.96,0.96,1.0,0.9768,0.99,-0.0,1790878500,25500.0,60,1790878740,-0.0,0.389,1.99
0.2,63.6,0.48,Up,True,23.0,0.99,0.98,0.99,1.0,0.9955,0.99,0.0,1790879400,999,60,1790879640,0.0,0.37,2.61
0.0,24.0,0.07,Up,True,93.0,0.99,0.9289986982,0.95,0.9999,0.8538,0.99,0.0,1790880600,999,43,1790880857,0.0,0.41,1.05
0.5,61.2,0.56,Up,True,31.0,0.99,0.99,0.99,1.0,1.0,0.99,2.44,1790880900,999,60,1790881140,0.0,0.202,4.6
-0.74,36.3,-0.71,Down,True,8.0,0.99,0.781154,0.9699998448,0.975,0.9388,0.99,-0.41,1790881200,30.2,60,1790881440,-1.2,0.358,1.54
-0.0,13.4,0.62,Down,True,18.0,0.99,0.85,0.96,0.4088,0.7749,0.99,0.39,1790882100,6700.0,60,1790882340,-0.0,0.27,0.76
0.94,27.3,1.04,Up,True,264.0,0.99,0.9571859264,0.95,0.109,0.9328,0.99,0.99,1790882700,999,46,1790882954,1.6,0.318,1.5
0.17,0.6,-0.03,Up,True,288.0,0.99,0.9365994345,0.95,0.9915,0.5246,0.99,-0.35,1790883600,999,18,1790883882,0.0,0.254,0.06
-0.0,32.0,-0.3,Down,True,24.0,0.99,0.97,0.98,0.9996,0.9139,0.99,-0.0,1790885100,16000.0,60,1790885340,-0.0,0.357,1.37
1.86,13.2,1.59,Down,True,200.0,0.99,0.8586847375,0.96,0.9935,0.8531,0.99,1.54,1790885400,999,28,1790885672,2.8,0.281,1.05
-0.0,7.5,0.0,Up,True,279.0,0.99,0.83,0.95,0.82,0.6284,0.99,-0.39,1790885700,3750.0,42,1790885958,-0.0,0.414,0.33
1.29,23.5,-0.62,Up,True,161.0,0.99,0.95,0.95,1.0,0.9852,0.99,0.0,1790886000,999,57,1790886243,1.17,0.169,2.17
0.73,41.1,1.13,Down,True,50.0,0.99,0.99,0.98,1.0,0.999,0.99,0.49,1790886300,999,60,1790886540,0.38,0.202,3.09
-0.0,28.7,-0.0,Down,True,15.0,0.99,0.97,0.98,1.0,0.9995,0.99,-0.51,1790886600,999,60,1790886840,-0.0,0.132,3.31
0.0,9.7,0.55,Up,True,161.0,0.99,0.89,0.95,0.0092,0.794,0.99,0.9,1790887500,999,40,1790887760,0.0,0.22,0.82
-1.36,9.5,-1.5,Up,True,100.0,0.99,0.2600000266,0.95,1.0,0.7452,0.99,-0.85,1790887800,5.8,57,1790888043,-1.65,0.226,0.66
0.0,5.0,0.0,Up,True,48.0,0.99,0.95,0.95,0.936,0.74,0.99,0.0,1790888100,999,28,1790888372,0.0,0.173,0.64
-0.0,11.7,-0.0,Down,True,300.0,0.99,0.9400000012,0.95,1.0,0.9083,0.99,0.55,1790888400,999,58,1790888642,-0.0,0.137,1.33
-0.0,25.3,-0.83,Up,True,10.0,0.999,0.97,0.9699999981,1.0,0.9982,0.999,0.0,1790888700,12650.0,60,1790888940,-0.0,0.133,2.91
1.97,6.3,-0.06,Down,True,100.0,0.99,0.9399999996,0.95,1.0,0.9011,0.99,-0.0,1790889000,3150.0,24,1790889276,-0.0,0.117,1.29
-0.0,33.7,0.81,Down,True,25.0,0.999,0.99,0.99,1.0,0.9708,0.999,-0.4,1790889300,16850.0,60,1790889540,-0.0,0.272,1.89
0.0,29.1,-0.76,Up,True,11.0,0.99,0.75,0.98,0.9012,0.9644,0.99,-0.35,1790889600,999,60,1790889840,0.0,0.246,1.8
-0.0,21.2,0.05,Down,True,20.0,0.999,0.97,0.98,1.0,0.9823,0.999,-0.0,1790889900,999,60,1790890140,0.0,0.153,2.1
0.39,20.2,0.16,Down,True,34.0,0.999,0.97,0.98,1.0,0.9449,0.999,-0.39,1790890500,999,60,1790890740,0.4,0.193,1.6
-1.18,22.5,-1.96,Down,True,10.0,0.99,0.95,0.96,1.0,0.8902,0.99,0.48,1790890800,3750.0,60,1790891040,-0.01,0.28,1.23
-0.0,22.1,-0.21,Down,True,13.0,0.999,0.98,0.99,0.9926,0.9751,0.999,-0.4,1790891400,999,60,1790891640,-0.0,0.172,1.96
0.2,9.5,0.61,Up,True,20.0,0.99,0.9499999835,0.95,0.9991,0.6948,0.99,0.28,1790891700,999,57,1790891943,0.05,0.291,0.51
0.39,19.4,0.54,Up,True,122.0,0.99,0.86,0.95,0.049,0.8115,0.99,0.8,1790892300,999,57,1790892543,0.71,0.344,0.88
1.61,25.3,1.36,Down,True,174.0,0.99,0.97,0.98,0.9998,0.9527,0.99,1.27,1790892900,999,60,1790893140,0.96,0.23,1.67
-0.0,13.8,-0.39,Down,True,45.0,0.99,0.86,0.95,0.3877,0.8687,0.99,-0.77,1790893200,6900.0,52,1790893448,-0.0,0.202,1.12
-0.0,6.3,2.92,Down,True,100.0,0.99,0.95,0.96,1.0,0.8179,0.99,-0.0,1790893500,999,55,1790893745,-0.0,0.111,0.91
-0.0,44.6,-0.58,Down,True,9.0,0.99,0.99,0.99,1.0,1.0,0.99,-0.36,1790894700,22300.0,60,1790894940,-0.0,0.159,4.29
-0.0,7.8,0.0,Up,True,72.0,0.99,0.6596363653999999,0.95,0.9752,0.9513,0.97,0.0,1790895300,999,7,1790895593,0.0,0.21,1.66
-0.0,6.4,-0.58,Down,True,100.0,0.99,0.9372629436,0.96,0.9954,0.6716,0.99,-0.76,1790895600,999,49,1790895851,-0.0,0.243,0.44
1.96,17.0,0.11,Down,True,105.0,0.99,0.94,0.97,1.0,0.9998,0.99,-1.04,1790896200,999,55,1790896445,0.81,0.077,3.53
0.0,10.4,0.0,Up,True,25.0,0.99,0.86,0.95,0.9994,0.8393,0.99,0.0,1790896800,999,54,1790897046,0.0,0.168,0.99
-1.38,-14.2,-6.17,Down,True,98.0,0.99,0.030000000000000027,0.97,1.0,0.1829,0.99,-0.52,1790897100,-7.9,58,1790897342,-1.8,0.244,-0.9
3.78,24.8,3.38,Up,True,86.0,0.99,0.8932008981,0.95,1.0,0.9025,0.99,2.81,1790897700,999,60,1790897940,5.91,0.291,1.3
3.61,16.9,3.46,Up,True,200.0,0.99,0.96,0.95,0.9999,0.9179,0.99,2.17,1790898000,999,60,1790898240,2.58,0.185,1.39
1.07,6.4,1.47,Up,True,100.0,0.99,0.96,0.96,0.9999,0.7094,0.99,0.39,1790899500,999,43,1790899757,1.2,0.21,0.55
-0.06,30.6,0.0,Up,True,95.0,0.999,0.95,0.96,0.9998,0.8361,0.999,0.34,1790900100,999,60,1790900340,0.4,0.475,0.98
-0.0,36.0,-1.08,Down,True,20.0,0.999,0.9699999961,0.96,1.0,0.9427,0.999,-0.29,1790900400,18000.0,58,1790900642,-0.0,0.353,1.58
0.0,33.9,0.3,Down,True,50.0,0.999,0.864249014,0.99,0.0302,0.9806,0.999,-0.47,1790901300,999,60,1790901540,-0.0,0.25,2.07
0.0,5.4,-0.81,Up,True,121.0,0.99,0.9699999961,0.96,0.9672,0.828,0.99,0.89,1790902200,999,19,1790902481,0.0,0.153,0.95
1.8,17.1,0.61,Down,True,98.0,0.99,0.9600434207,0.98,0.9419,0.9447,0.99,1.35,1790902500,999,21,1790902779,2.66,0.276,1.6
-0.0,21.3,-0.88,Down,True,33.0,0.999,0.9060784314,0.96,1.0,0.9741,0.999,-1.79,1790903100,999,60,1790903340,-0.0,0.167,1.94
2.26,9.4,1.98,Down,True,97.0,0.999,0.8700000001,0.96,1.0,0.8111,0.999,1.22,1790903700,999,57,1790903943,2.02,0.167,0.88
-0.0,17.5,-0.04,Down,True,37.0,0.99,0.8,0.977809706,0.0328,0.8617,0.99,-0.0,1790904300,8750.0,60,1790904540,-0.0,0.245,1.09
0.0,31.4,0.05,Up,True,183.0,0.99,0.98,0.98,0.8277,0.9942,0.99,0.35,1790904600,15700.0,60,1790904840,-0.0,0.19,2.53
0.18,-1.1,0.23,Down,True,43.0,0.99,0.9300000006,0.97,0.9879,0.4726,0.99,0.98,1790904900,999,46,1790905154,0.27,0.279,-0.07
-0.0,22.1,-0.0,Down,True,20.0,0.999,0.99,0.99,1.0,0.9984,0.999,1.28,1790905200,999,60,1790905440,-0.0,0.114,2.95
0.0,29.9,-0.33,Up,True,72.0,0.99,0.92,0.95,0.9986,0.8765,0.99,-0.5,1790906100,999,57,1790906343,0.0,0.402,1.16
0.5,22.5,0.02,Up,True,48.0,0.99,0.8549578059,0.95,1.0,0.8215,0.99,0.0,1790906400,999,54,1790906646,1.04,0.391,0.92
0.0,15.7,-0.3,Up,True,314.0,0.99,0.9376472219,0.95,0.621,0.8536,0.99,-0.23,1790907000,999,27,1790907273,0.0,0.338,1.05
-0.76,38.1,0.58,Down,True,11.0,0.999,0.99,0.99,1.0,0.9353,0.999,1.47,1790907600,999,57,1790907843,1.02,0.391,1.52
0.46,21.7,-0.19,Up,True,45.0,0.99,0.89,0.95,1.0,0.8935,0.99,1.14,1790907900,999,49,1790908151,0.72,0.293,1.25
1.86,42.0,0.86,Up,True,100.0,0.99,0.69,0.97,0.9604,0.9853,0.99,-1.08,1790908200,999,57,1790908443,3.01,0.301,2.18
-0.0,21.7,-0.0,Down,True,50.0,0.99,0.96,0.97,1.0,0.9155,0.99,-0.67,1790908500,10850.0,60,1790908740,-0.0,0.24,1.38
2.07,26.6,0.88,Up,True,300.0,0.99,0.8,0.95,0.9944,0.8169,0.99,0.68,1790909400,999,55,1790909645,4.0,0.467,0.9
-0.0,21.2,-0.03,Down,True,96.0,0.99,0.96,0.9699999998,0.8424,0.8752,0.99,-0.36,1790911200,999,60,1790911440,0.0,0.279,1.15
-0.16,33.2,-0.11,Down,True,11.0,0.999,0.9199999917,0.96,0.1694,0.8621,0.999,0.26,1790912100,82.6,57,1790912343,-0.4,0.473,1.09
-0.59,44.6,0.03,Up,True,30.0,0.99,0.99,0.99,1.0,0.9613,0.99,0.0,1790912400,22300.0,60,1790912640,-0.0,0.382,1.77
0.68,25.7,0.92,Down,True,100.0,0.99,0.9295183431,0.95,1.0,0.8326,0.99,-0.0,1790912700,999,48,1790912952,-0.0,0.45,0.96
-0.23,40.0,0.0,Up,True,100.0,0.999,0.98,0.98017625,0.9455,0.8635,0.999,-0.18,1790913300,20000.0,60,1790913540,-0.0,0.551,1.1
1.12,11.3,2.09,Down,True,64.0,0.99,0.94,0.95,0.9978,0.7001,0.99,0.7,1790914200,5650.0,43,1790914457,-0.0,0.383,0.52
0.46,67.7,0.59,Up,True,43.0,0.99,0.9590958548,0.98,1.0,0.8656,0.99,0.2,1790916000,999,60,1790916240,0.12,0.914,1.11
0.21,37.5,0.64,Down,True,200.0,0.99,0.89,0.95,1.0,0.7517,0.99,-1.73,1790916600,999,51,1790916849,1.02,0.89,0.68
-0.57,11.6,-0.11,Down,False,73.0,0.99,0.010000000000000009,0.96,0.0,0.6789,0.01,-1.21,1790916900,33.5,42,1790917158,-0.35,0.446,0.46
1.07,20.0,0.25,Down,True,84.0,0.99,0.95,0.97,1.0,0.7115,0.99,-0.28,1790917200,999,43,1790917457,1.27,0.631,0.56
-0.59,48.5,-0.29,Up,True,47.0,0.99,0.98,0.98,0.192,0.9195,0.99,0.0,1790917500,29.1,60,1790917740,-1.66,0.515,1.4
0.6,26.7,-0.52,Down,True,294.0,0.99,0.96,0.96,0.9952,0.7535,0.99,-0.36,1790917800,999,54,1790918046,0.55,0.611,0.69
0.03,23.4,1.43,Down,True,200.0,0.99,0.97,0.97,1.0,0.8014,0.99,2.52,1790918400,999,60,1790918640,0.07,0.412,0.85
0.73,4.2,0.43,Down,True,200.0,0.99,0.93,0.95,0.6661,0.5491,0.99,0.62,1790919000,999,60,1790919240,2.05,0.512,0.12
0.47,19.5,-0.0,Down,True,32.0,0.999,0.9700000001,0.98,1.0,0.7835,0.999,0.91,1790919900,999,58,1790920142,0.97,0.379,0.78
0.23,16.6,1.6,Up,True,64.0,0.99,0.8899999455,0.95,0.9922,0.82,0.99,-0.34,1790920500,999,45,1790920755,0.4,0.315,0.92
-0.65,41.3,-0.35,Up,True,29.0,0.99,0.95,0.9552238806,1.0,0.906,0.99,0.0,1790920800,999,60,1790921040,0.0,0.47,1.32
-0.96,57.4,-1.06,Up,True,25.0,0.99,0.96,0.98,1.0,0.9314,0.99,-0.29,1790921700,37.5,60,1790921940,-1.53,0.58,1.49
-0.55,7.4,-0.35,Up,True,184.0,0.99,0.25775499999999996,0.95,0.9999,0.6111,0.99,0.54,1790922000,999,40,1790922260,0.4,0.482,0.28
0.0,58.6,-0.03,Up,True,21.0,0.99,0.98,0.98,1.0,0.9964,0.99,0.24,1790922300,999,60,1790922540,0.0,0.328,2.68
1.79,52.2,1.77,Up,True,102.0,0.99,0.95,0.95,0.999,0.9891,0.99,1.6,1790922600,999,60,1790922840,3.33,0.341,2.3
1.65,18.3,0.93,Up,True,322.0,0.99,0.7961165088,0.95,1.0,0.7791,0.99,0.92,1790923200,999,60,1790923440,0.0,0.357,0.77
-0.0,17.3,-1.35,Down,False,37.0,0.97,0.010000000000000009,0.95,0.0,0.8545,0.15,-1.19,1790923500,8650.0,60,1790923740,-0.0,0.245,1.06
1.7,22.3,1.42,Up,True,100.0,0.99,0.9056542811,0.9599996928,1.0,0.896,0.99,0.39,1790923800,999,37,1790924063,2.36,0.339,1.26
1.43,20.7,0.52,Down,True,100.0,0.99,0.96,0.97,0.8405,0.7517,0.99,-0.32,1790924100,999,33,1790924367,3.19,0.617,0.68
1.06,27.0,0.49,Down,True,100.0,0.99,0.7956418679,0.965699152,1.0,0.7709,0.99,0.22,1790924400,999,46,1790924654,3.6,0.624,0.74
-0.0,3.1,0.08,Up,True,100.0,0.99,0.75,0.95,0.9981,0.5546,0.99,0.3,1790924700,1550.0,34,1790924966,-0.0,0.448,0.14
1.4,14.2,-0.0,Down,True,124.0,0.99,0.86,0.95,0.9968,0.7961,0.99,1.14,1790925000,999,33,1790925267,2.66,0.348,0.83
-0.0,7.6,-0.36,Down,True,100.0,0.99,0.94,0.9699999984,1.0,0.6537,0.99,-0.25,1790925300,999,36,1790925564,-0.0,0.372,0.4
1.26,26.4,0.45,Down,True,119.0,0.99,0.85,0.96,1.0,0.9138,0.99,-0.29,1790925600,999,60,1790925840,0.8,0.291,1.36
-0.0,4.9,0.23,Up,True,50.0,0.99,0.94,0.95,0.9886,0.6241,0.99,1.51,1790925900,999,31,1790926169,1.55,0.322,0.32
2.6,27.5,2.36,Down,True,200.0,0.99,0.96,0.96,1.0,0.9302,0.99,2.86,1790926800,999,40,1790927060,4.84,0.343,1.48
-0.63,39.9,2.83,Up,True,27.0,0.99,0.99,0.99,1.0,0.9187,0.99,0.0,1790927400,999,60,1790927640,0.0,0.43,1.4
0.35,22.2,-0.0,Down,True,100.0,0.99,0.6799999999999999,0.95,0.7028,0.7652,0.99,0.24,1790928300,999,54,1790928546,-0.0,0.484,0.72
0.25,24.2,0.92,Up,True,155.0,0.99,0.95,0.95,0.9996,0.854,0.99,-0.3,1790928600,999,57,1790928843,0.0,0.353,1.05
-0.19,1.0,0.0,Up,True,47.0,0.99,0.95,0.95,0.9864,0.5293,0.99,0.32,1790929500,3.2,30,1790929770,-0.31,0.294,0.07
0.78,40.8,0.9,Down,True,100.0,0.999,0.94,0.96,1.0,0.9931,0.999,-0.33,1790930700,999,58,1790930942,-0.0,0.252,2.46
-3.21,40.4,-1.74,Down,True,10.0,0.99,0.96,0.96,1.0,0.9883,0.99,-1.56,1790931000,999,60,1790931240,0.0,0.267,2.27
0.61,27.3,0.52,Down,True,50.0,0.99,0.94,0.95,1.0,0.8716,0.99,-0.0,1790931300,999,55,1790931545,1.26,0.376,1.13
1.83,21.4,1.35,Up,True,76.0,0.99,0.92,0.95,0.9923,0.7925,0.99,1.16,1790931900,999,52,1790932148,4.22,0.422,0.82
0.14,40.9,0.61,Down,True,94.0,0.99,0.88,0.98,0.9948,0.8022,0.99,0.97,1790932500,49.8,60,1790932740,-0.82,0.721,0.85
-0.0,63.6,0.61,Down,True,61.0,0.99,0.98,0.99,1.0,0.9547,0.99,-0.0,1790932800,31800.0,60,1790933040,-0.0,0.563,1.69
1.28,38.7,2.19,Down,True,26.0,0.99,0.97,0.98,0.0,0.9693,0.99,-0.0,1790933100,999,58,1790933342,2.2,0.316,1.87
0.0,1.6,0.0,Up,True,210.0,0.99,0.93,0.95,0.6204,0.5538,0.99,-1.49,1790933700,999,18,1790933982,0.0,0.323,0.14
2.38,24.3,1.48,Down,True,600.0,0.99,0.9299999812,0.95,1.0,0.8901,0.99,2.05,1790934000,999,49,1790934251,3.2,0.328,1.23
3.52,35.9,1.68,Up,True,500.0,0.99,0.8961111152,0.95,0.3228,0.8985,0.99,1.19,1790934300,999,51,1790934549,1.6,0.458,1.27
1.06,47.4,0.67,Up,True,25.0,0.99,0.9799991964,0.98,1.0,0.9452,0.99,0.28,1790934600,999,60,1790934840,1.58,0.443,1.6
0.0,19.1,0.0,Up,True,210.0,0.99,0.94,0.95,1.0,0.8163,0.99,0.0,1790935200,999,46,1790935454,0.0,0.362,0.9
0.0,20.4,0.07,Up,True,95.0,0.99,0.9518361014,0.95,0.017,0.775,0.99,0.0,1790935500,999,55,1790935745,0.0,0.421,0.76
0.0,15.6,0.51,Up,True,41.0,0.99,0.95,0.95,0.9921,0.7892,0.99,0.35,1790936100,999,42,1790936358,0.0,0.348,0.8
0.54,15.8,-0.58,Up,True,71.0,0.99,0.9399999624,0.95,1.0,0.8752,0.99,1.89,1790937000,999,52,1790937248,0.38,0.22,1.15
-0.23,34.5,-0.0,Down,True,69.0,0.99,0.96,0.97,1.0,0.9308,0.99,-0.0,1790937300,126.8,60,1790937540,-0.27,0.348,1.48
0.0,56.2,-0.02,Up,True,30.0,0.999,0.97,0.9699999951,1.0,0.9893,0.999,0.28,1790937600,999,60,1790937840,0.0,0.365,2.3
1.62,19.9,1.6,Down,False,16.0,0.99,0.010000000000000009,0.98,0.0,0.9857,0.01,0.34,1790938200,999,60,1790938440,1.2,0.136,2.19
0.0,19.1,-0.02,Down,True,40.0,0.99,0.940000002,0.95,0.9973,0.7207,0.99,-0.22,1790938500,999,60,1790938740,0.0,0.49,0.58
0.83,43.7,-1.08,Up,True,35.0,0.99,0.98,0.99,1.0,0.9756,0.99,0.3,1790938800,999,60,1790939040,1.51,0.332,1.97
1.17,21.2,2.15,Down,True,42.0,0.99,0.9700000003,0.98,0.9975,0.9253,0.99,1.0,1790939400,999,57,1790939643,1.44,0.225,1.44
0.26,12.9,0.81,Up,True,70.0,0.99,0.96,0.9539393939,1.0,0.7961,0.99,0.39,1790939700,999,36,1790939964,0.43,0.3,0.83
0.38,16.0,0.03,Down,True,100.0,0.99,0.925545,0.96,0.9982,0.9107,0.99,0.36,1790940000,999,60,1790940240,0.37,0.177,1.35
-0.0,7.6,0.05,Down,True,327.0,0.99,0.94,0.95,0.9509,0.7311,0.99,-0.9,1790940300,3800.0,36,1790940564,-0.0,0.238,0.62
0.25,-5.6,0.0,Up,True,100.0,0.99,0.7800000059,0.95,0.0022,0.323,0.99,0.45,1790940900,999,45,1790941155,0.28,0.209,-0.46
-0.0,35.9,1.0,Down,True,203.0,0.99,0.98,0.99,1.0,0.9807,0.99,-0.38,1790941200,17950.0,60,1790941440,-0.0,0.259,2.07
0.0,26.4,-0.02,Up,True,60.0,0.999,0.808602,0.96,1.0,0.894,0.999,0.36,1790941500,13200.0,58,1790941742,-0.0,0.321,1.25
2.02,7.6,1.68,Up,True,95.0,0.999,0.97,0.9529648004,0.2229,0.691,0.999,1.46,1790941800,999,52,1790942048,2.7,0.244,0.5
1.95,34.0,1.26,Up,True,49.0,0.999,0.9299999999999999,0.95,0.0115,0.8815,0.999,0.34,1790943600,999,52,1790943848,1.73,0.461,1.18
0.9,23.5,1.07,Up,True,175.0,0.99,0.88,0.95,1.0,0.7311,0.99,1.4,1790943900,999,60,1790944140,1.2,0.569,0.62
0.02,136.3,0.14,Up,True,171.0,0.99,0.88,0.95,0.9998,0.7213,0.99,0.1,1790944200,999,60,1790944440,7.81,3.461,0.59
1.68,63.6,1.41,Up,True,71.0,0.99,0.92,0.95,0.9753,0.8439,0.99,0.79,1790944500,999,37,1790944763,6.11,1.193,1.01
0.2,31.3,1.63,Up,True,27.0,0.99,0.96,0.95,1.0,0.7815,0.99,0.96,1790945400,999,40,1790945660,0.8,0.734,0.78
1.21,38.5,0.52,Down,True,204.0,0.99,0.9100000057,0.95,0.8589,0.9122,0.99,0.74,1790946900,999,60,1790947140,2.4,0.423,1.35
-0.39,-5.9,-1.13,Down,True,511.0,0.99,0.56,0.95,0.0411,0.2194,0.95,-0.85,1790947200,-8.3,7,1790947493,-0.71,0.335,-0.77
-0.0,40.3,-0.64,Down,True,161.0,0.99,0.97,0.98,1.0,0.9193,0.99,-1.21,1790947500,999,60,1790947740,-0.0,0.429,1.4
0.55,122.1,1.17,Up,True,12.0,0.999,0.99,0.9799991964,1.0,0.9568,0.999,0.75,1790948100,999,60,1790948340,2.0,1.058,1.71
1.79,146.1,1.6,Down,True,15.0,0.99,0.99,0.99,1.0,0.9811,0.99,1.7,1790948400,999,60,1790948640,12.88,1.044,2.08
2.09,15.2,2.71,Down,True,247.0,0.999,0.6517486467,0.97,0.7437,0.7176,0.919,2.49,1790948700,999,9,1790948991,10.16,1.011,0.58
-0.0,85.3,-0.06,Down,True,30.0,0.99,0.97,0.99,1.0,0.915,0.99,-0.32,1790949000,42650.0,60,1790949240,-0.0,0.924,1.37
-1.32,85.5,-0.96,Up,True,108.0,0.99,0.98,0.99,1.0,0.942,0.99,-0.53,1790949600,14.6,60,1790949840,-5.87,0.81,1.57
-2.08,77.3,-0.23,Up,True,37.0,0.999,0.98,0.9899997415,1.0,0.8971,0.999,-1.32,1790950500,999,60,1790950740,0.4,0.912,1.27
0.0,54.8,-0.01,Up,True,38.0,0.99,0.95,0.95,0.9991,0.893,0.99,0.76,1790950800,999,60,1790951040,0.0,0.658,1.24
-0.41,112.3,-0.08,Up,True,151.0,0.99,0.9699999972,0.96,1.0,0.8604,0.99,-0.47,1790951700,710.8,60,1790951940,-0.16,1.561,1.08
-0.81,70.4,-0.18,Up,False,27.0,0.98,0.01,0.95,0.9969,0.9464,0.01,-0.25,1790952000,999,54,1790952246,0.4,0.692,1.61
-0.22,69.7,-0.32,Up,True,20.0,0.99,0.95,0.95,0.9999,0.8399,0.99,-0.43,1790952900,999,46,1790953154,0.0,1.208,0.99
-0.86,47.6,-1.11,Down,True,9.0,0.99,0.9299999999999999,0.95,0.953,0.7409,0.99,-0.81,1790953500,999,60,1790953740,-0.0,1.113,0.65
0.63,101.3,0.52,Up,True,600.0,0.99,0.9700000006,0.98,1.0,0.9679,0.99,0.42,1790953800,999,60,1790954040,2.4,0.826,1.85
2.44,16.9,1.46,Down,True,280.0,0.99,0.97,0.9766458402,1.0,0.7204,0.99,2.51,1790954100,999,30,1790954370,5.6,0.616,0.58
-0.46,98.3,-0.52,Up,True,91.0,0.99,0.98,0.99,1.0,0.9827,0.99,-0.4,1790954700,55.8,60,1790954940,-1.76,0.702,2.11
-0.15,56.8,0.25,Up,False,108.0,0.97,0.01,0.95,0.017,0.8718,0.01,0.21,1790955000,999,48,1790955252,2.45,0.845,1.13
0.43,30.8,0.85,Down,True,100.0,0.99,0.9545023697,0.97,1.0,0.7774,0.99,0.18,1790955300,999,46,1790955554,1.6,0.696,0.76
-2.99,63.7,-1.83,Up,True,100.0,0.99,0.92,0.95,1.0,0.9846,0.99,-0.81,1790955900,14.5,60,1790956140,-4.4,0.446,2.16
0.0,23.6,-0.4,Down,True,104.0,0.99,0.9,0.95,0.0368,0.7529,0.99,-0.0,1790956500,999,40,1790956760,-0.0,0.641,0.68
1.33,103.0,1.31,Down,True,50.0,0.999,0.99,0.99,1.0,0.9902,0.999,0.53,1790957400,999,60,1790957640,3.73,0.669,2.33
-0.29,40.1,-0.76,Up,True,27.0,0.99,0.91,0.98,0.3325,0.8573,0.99,-0.72,1790958300,44.5,60,1790958540,-0.9,0.569,1.07
2.96,26.6,2.2,Up,True,800.0,0.99,0.9359054827,0.95,0.1101,0.8624,0.99,1.51,1790958600,999,51,1790958849,2.0,0.401,1.09
1.2,39.4,1.6,Up,True,620.0,0.99,0.97,0.95,1.0,0.8737,0.99,0.54,1790959200,999,43,1790959457,3.6,0.618,1.14
3.47,29.7,2.67,Down,True,100.0,0.99,0.7199999753,0.95,0.8947,0.8624,0.99,1.35,1790960100,999,49,1790960351,8.53,0.457,1.09
1.0,59.2,1.02,Down,True,482.0,0.99,0.99,0.99,1.0,0.9472,0.99,1.5,1790961600,999,60,1790961840,0.85,0.556,1.62
-2.36,39.0,-2.9,Down,True,19.0,0.99,0.51,0.96,0.8499,0.7566,0.99,-2.73,1790962800,8.2,60,1790963040,-4.73,0.856,0.7
1.51,84.7,0.93,Up,True,250.0,0.99,0.92,0.95,1.0,0.9995,0.99,0.33,1790963100,999,52,1790963348,1.94,0.423,3.28
-0.0,68.4,-0.03,Up,True,120.0,0.99,0.9093307229,0.95,1.0,0.9289,0.99,-0.79,1790963400,999,52,1790963648,0.0,0.762,1.47
6.13,57.4,6.34,Up,True,309.0,0.99,0.94,0.95,1.0,0.9996,0.99,4.7,1790963700,999,48,1790963952,7.2,0.292,3.35
-0.22,36.8,-0.1,Up,True,85.0,0.99,0.85,0.95,1.0,0.8957,0.99,0.0,1790964000,999,54,1790964246,0.0,0.47,1.26
0.11,1.4,2.03,Down,True,50.0,0.99,0.880000001,0.96,1.0,0.5296,0.99,0.7,1790964300,999,31,1790964569,0.22,0.392,0.07
0.0,27.1,0.0,Up,True,228.0,0.99,0.94,0.95,1.0,0.9169,0.99,-0.81,1790964600,999,54,1790964846,0.0,0.314,1.38
0.0,27.9,0.0,Up,True,48.0,0.99,0.76,0.95,1.0,0.9046,0.99,0.0,1790965500,999,60,1790965740,0.0,0.325,1.31
1.59,50.1,1.3,Up,True,527.0,0.99,0.9160550949,0.95,0.9987,0.7953,0.99,0.65,1790966700,999,54,1790966946,4.89,0.983,0.82
1.17,35.6,1.72,Down,True,90.0,0.99,0.8700000052,0.97,0.8653,0.9264,0.99,0.79,1790967600,999,60,1790967840,1.15,0.376,1.45
-0.77,7.3,-1.13,Down,True,357.0,0.99,0.8912888552,0.96,,0.7889,,-1.77,1790968200,3.3,4,1790968496,-2.18,0.537,0.8
-0.75,29.6,-0.57,Down,True,36.0,0.99,0.940000002,0.95,1.0,0.7642,0.99,-0.76,1790968500,12.1,60,1790968740,-2.46,0.631,0.72
-0.42,27.8,-1.41,Down,False,116.0,0.94,0.010000000000000009,0.95,0.0,0.8503,0.01,-1.53,1790968800,30.5,60,1790969040,-0.91,0.411,1.04
-1.58,16.1,-0.81,Down,True,44.0,0.99,0.74,0.98,0.0064,0.7071,0.99,-0.85,1790969400,4.2,60,1790969640,-3.82,0.455,0.55
-0.0,38.6,0.03,Down,True,25.0,0.99,0.98,0.99,0.9967,0.9098,0.99,-0.0,1790970000,19300.0,60,1790970240,-0.0,0.441,1.34
2.85,32.1,2.02,Up,True,176.0,0.99,0.9199999963,0.95,1.0,0.9115,0.99,1.3,1790970300,999,51,1790970549,2.72,0.395,1.35
0.25,-2.9,1.43,Down,True,200.0,0.99,0.84,0.96,0.0106,0.4269,0.99,1.13,1790970600,999,39,1790970861,0.0,0.297,-0.18
-0.31,10.2,0.0,Up,True,278.0,0.99,0.75,0.95,0.0856,0.6564,0.99,-0.3,1790971500,12.7,39,1790971761,-0.8,0.479,0.4
-0.0,-7.0,0.28,Up,True,275.0,0.99,0.52,0.95,0.048,0.3401,0.99,0.34,1790971800,999,33,1790972067,0.0,0.349,-0.41
1.05,1.6,1.4,Up,True,141.0,0.99,0.96,0.95,0.6445,0.5807,0.99,0.79,1790972100,999,43,1790972357,0.8,0.143,0.2
-0.0,28.4,-0.0,Down,True,30.0,0.99,0.96,0.97,1.0,0.9676,0.99,0.49,1790973300,14200.0,55,1790973545,-0.0,0.245,1.85
2.68,11.2,1.81,Up,True,200.0,0.99,0.4913054545,0.9548,0.9988,0.7332,0.99,1.2,1790974500,999,40,1790974760,4.8,0.335,0.62
-0.0,46.3,-0.09,Up,True,25.0,0.99,0.98,0.99,1.0,0.9651,0.99,0.98,1790974800,23150.0,60,1790975040,-0.0,0.39,1.81
-0.75,6.7,-0.0,Down,True,75.0,0.99,0.9325181526,0.96,1.0,0.9612,0.99,0.47,1790975100,999,37,1790975363,-0.0,0.074,1.77
-0.0,2.9,1.7,Down,True,280.0,0.99,0.93,0.95,0.9859,0.6578,0.99,-0.0,1790975400,999,49,1790975651,-0.0,0.12,0.41
0.0,14.0,0.0,Up,True,100.0,0.99,0.94,0.96,1.0,0.9995,0.99,-1.1,1790975700,999,60,1790975940,0.0,0.065,3.28
-0.0,21.8,-0.0,Down,True,31.0,0.99,0.96,0.97,1.0,0.9952,0.99,0.56,1790976000,999,60,1790976240,-0.0,0.129,2.59
0.51,8.1,2.41,Up,True,100.0,0.99,0.7305660387999999,0.95,1.0,0.8146,0.99,1.41,1790976600,999,54,1790976846,0.4,0.146,0.9
2.27,10.5,1.99,Down,True,150.0,0.99,0.65,0.95,0.9019,0.7295,0.99,0.44,1790977200,10.8,58,1790977442,-0.97,0.267,0.61
3.67,8.9,2.26,Down,True,1000.0,0.99,0.77,0.96,0.3104,0.8014,0.99,-0.57,1790977500,999,60,1790977740,-0.0,0.16,0.85
0.0,27.5,1.7,Up,True,20.0,0.99,0.98,0.9799999647,1.0,0.9972,0.99,0.0,1790977800,999,58,1790978042,0.0,0.154,2.78
-0.0,11.4,-0.0,Down,True,25.0,0.99,0.94,0.95,0.9043,0.8792,0.99,-0.0,1790978100,999,60,1790978340,-0.0,0.148,1.17
0.0,10.3,0.74,Down,True,100.0,0.99,0.906323185,0.95,1.0,0.7128,0.99,1.23,1790978400,999,54,1790978646,-0.0,0.296,0.56
0.0,11.1,-0.0,Down,True,775.0,0.99,0.95,0.96,0.9986,0.8052,0.99,-0.43,1790978700,999,60,1790978940,-0.0,0.196,0.86
1.58,47.6,1.14,Up,True,156.0,0.99,0.98,0.99,1.0,0.9992,0.99,0.42,1790979000,999,60,1790979240,1.95,0.231,3.15
0.0,18.7,-2.4,Up,True,170.0,0.99,0.7700000086000001,0.95,0.9334,0.9683,0.99,-0.39,1790979300,999,52,1790979548,0.0,0.165,1.86
0.0,17.4,0.03,Up,True,50.0,0.99,0.96,0.9699999981,1.0,0.9581,0.99,0.0,1790979600,999,60,1790979840,0.0,0.154,1.73
0.0,17.8,0.0,Up,True,20.0,0.99,0.98,0.98,1.0,0.8428,0.99,-0.62,1790980200,999,60,1790980440,0.0,0.27,1.01
0.0,12.8,-1.99,Up,True,24.0,0.99,0.9694635756,0.98,0.0,0.9982,0.99,-2.84,1790980500,999,60,1790980740,0.0,0.067,2.91
0.0,16.2,0.56,Up,True,10.0,0.999,0.98,0.99,1.0,0.8494,0.999,0.6,1790981100,999,60,1790981340,0.0,0.239,1.03
-0.0,20.5,-0.0,Down,True,35.0,0.99,0.97,0.98,0.9998,0.9388,0.99,-0.45,1790981400,999,60,1790981640,-0.0,0.203,1.55
-0.0,17.6,0.04,Down,True,100.0,0.99,0.95,0.96,1.0,0.9641,0.99,-0.0,1790982000,999,57,1790982243,-0.0,0.153,1.8
-0.01,8.4,-0.06,Down,True,39.0,0.99,0.94,0.95,1.0,0.9889,0.99,-0.58,1790982600,999,54,1790982846,-0.0,0.059,2.29
0.01,7.2,0.0,Up,True,25.0,0.999,0.98,0.99,1.0,0.9927,0.999,0.63,1790982900,999,60,1790983140,0.0,0.045,2.44
-0.0,7.7,-0.09,Down,True,100.0,0.99,0.94,0.95,0.9824,0.9019,0.99,1.22,1790983200,999,57,1790983443,-0.0,0.094,1.29
0.0,-0.2,0.0,Up,True,44.0,0.99,0.94,0.95,0.4642,0.487,0.99,0.0,1790984100,999,42,1790984358,0.0,0.118,-0.03
0.91,13.3,-0.14,Up,True,169.0,0.99,0.95893,0.95,0.9998,0.9777,0.99,0.0,1790984700,999,16,1790984984,0.96,0.196,2.01
-0.84,36.1,0.05,Down,True,17.0,0.99,0.99,0.99,1.0,0.9805,0.99,0.53,1790985000,999,60,1790985240,-0.0,0.267,2.07
-0.76,23.0,-0.0,Down,True,10.0,0.99,0.98,0.99,1.0,0.9991,0.99,-0.0,1790985300,11500.0,60,1790985540,-0.0,0.112,3.12
-0.0,22.2,-0.0,Down,True,25.0,0.99,0.99,0.99,1.0,1.0,0.99,-0.0,1790985600,999,60,1790985840,-0.0,0.085,3.97
0.0,-3.1,0.06,Up,True,155.0,0.99,0.9370562771,0.959999865,,0.0001,,0.0,1790986800,999,3,1790987097,0.0,0.054,-3.86
0.0,17.8,1.88,Up,True,121.0,0.99,0.97,0.95,1.0,0.9833,0.99,0.0,1790987100,999,60,1790987340,0.0,0.128,2.13
-0.0,23.1,0.46,Down,True,172.0,0.999,0.95,0.96,0.718,0.8436,0.999,0.68,1790987700,11550.0,60,1790987940,-0.0,0.35,1.01
0.0,13.7,0.0,Up,True,25.0,0.99,0.96,0.96,1.0,0.9402,0.99,0.59,1790988000,999,60,1790988240,0.0,0.135,1.56
0.0,13.1,0.68,Up,True,11.0,0.99,0.98,0.98,1.0,0.9994,0.99,1.23,1790988300,6550.0,60,1790988540,-0.0,0.062,3.24
-0.0,18.5,-0.05,Down,True,1.0,0.99,0.98,0.99,1.0,0.9997,0.99,-0.0,1790988900,999,60,1790989140,-0.0,0.082,3.45
-5.77,-0.1,-7.16,Down,True,20.0,0.99,0.09999999999999998,0.99,0.9066,0.4969,0.99,-3.73,1790989200,-0.0,45,1790989455,-4.86,0.157,-0.01
11.83,44.6,2.23,Down,True,102.0,0.99,0.92,0.96,1.0,1.0,0.99,2.18,1790989800,999,58,1790990042,5.86,0.113,6.13
-0.0,14.9,-0.96,Down,True,100.0,0.99,0.8700000001,0.95,0.9645,0.6988,0.99,-0.0,1790990100,999,60,1790990340,-0.0,0.438,0.52
-0.4,26.1,-0.56,Down,True,10.0,0.99,0.67,0.98,1.0,1.0,0.99,-0.42,1790990400,120.8,58,1790990642,-0.22,0.101,4.02
-0.0,15.7,0.04,Down,True,20.0,0.99,0.97,0.98,1.0,0.9824,0.99,0.47,1790990700,7850.0,60,1790990940,-0.0,0.113,2.11
0.0,16.9,0.03,Up,True,10.0,0.999,0.981,0.99,1.0,0.9372,0.999,-0.37,1790991000,999,60,1790991240,0.0,0.168,1.53
4.84,13.0,-1.32,Down,True,500.0,0.99,0.73,0.98,0.0129,0.9097,0.87,-0.83,1790991300,999,58,1790991542,3.9,0.151,1.34
-0.0,15.2,-0.0,Down,True,230.0,0.99,0.825171218,0.95,1.0,0.8953,0.99,0.38,1790991600,999,52,1790991848,0.0,0.199,1.26
0.0,12.1,-0.07,Up,True,5.0,0.99,0.9299999999999999,0.98,0.9982,0.9684,0.99,-1.2,1790991900,999,60,1790992140,0.0,0.1,1.86
5.85,20.3,6.69,Up,True,100.0,0.99,0.98,0.9794390625,1.0,0.9687,0.99,1.07,1790992500,999,60,1790992740,5.2,0.166,1.86
0.0,-2.4,0.0,Up,True,35.0,0.99,0.898825,0.95,0.0,0.0,0.99,-1.22,1790992800,999,54,1790993046,0.0,0.001,-49.71
0.0,5.6,0.0,Up,True,21.0,0.99,0.98,0.98,1.0,0.9698,0.99,-0.55,1790993400,999,60,1790993640,0.0,0.046,1.88
3.8,7.3,1.87,Down,True,413.0,0.99,0.94,0.96,1.0,0.7569,0.99,2.41,1790994000,999,60,1790994240,-0.0,0.159,0.7
0.0,8.5,0.0,Up,True,16.0,0.99,0.89,0.96,0.9997,0.8397,0.99,0.0,1790994300,999,60,1790994540,0.0,0.13,0.99
0.0,5.6,0.0,Up,True,37.0,0.99,0.8988898146,0.95,0.9903,0.7726,0.99,0.0,1790994600,999,49,1790994851,0.0,0.126,0.75
0.0,6.5,0.0,Up,True,23.0,0.99,0.95,0.95,1.0,1.0,0.99,0.0,1790994900,999,42,1790995158,0.0,0.022,5.26
0.0,23.8,-0.91,Up,True,47.0,0.99,0.89,0.95,1.0,0.9807,0.99,-0.51,1790995200,999,57,1790995443,0.0,0.18,2.07
-0.0,10.1,0.06,Down,True,16.0,0.99,0.96,0.97,0.9994,0.8255,0.99,0.52,1790995800,999,60,1790996040,-0.0,0.165,0.94
0.0,13.9,-3.93,Up,True,10.0,0.99,0.95,0.9730585057,1.0,0.9987,0.99,-0.94,1790996400,999,60,1790996640,0.0,0.071,3.0
0.0,1.5,-0.45,Up,True,21.0,0.99,0.95,0.95,1.0,0.7844,0.99,0.0,1790998500,999,52,1790998748,0.0,0.03,0.79
0.0,12.7,0.0,Up,True,16.0,0.999,0.871127029,0.95,1.0,0.9988,0.999,0.0,1790999100,999,60,1790999340,0.0,0.064,3.05
-0.56,4.3,0.0,Up,True,17.0,0.99,0.97,0.97,1.0,1.0,0.99,0.69,1790999400,999,60,1790999640,0.0,0.001,96.92
3.95,24.7,-0.06,Up,True,5.0,0.99,0.99,0.99,1.0,1.0,0.99,0.0,1791000000,999,60,1791000240,2.0,0.095,3.98
-0.01,8.6,0.06,Down,True,5.0,0.99,0.9771390232,0.98,1.0,0.9918,0.99,-0.0,1791000600,999,60,1791000840,-0.0,0.055,2.4
-3.75,13.8,-1.87,Down,True,15.0,0.999,0.9499999363,0.96,1.0,0.9677,0.999,-0.92,1791001200,5.4,49,1791001451,-2.53,0.126,1.85
-0.0,8.1,-0.04,Down,False,50.0,0.99,0.010000000000000009,0.95,0.0,0.8716,0.01,-0.0,1791002100,999,60,1791002340,-0.0,0.109,1.13
0.0,-2.8,0.0,Up,True,229.0,0.99,0.8962356512,0.95,0.6511,0.3538,0.99,0.0,1791002400,999,27,1791002673,0.0,0.168,-0.38
-0.0,10.7,0.05,Down,True,100.0,0.99,0.9665725978999999,0.98,1.0,0.8908,0.99,-0.0,1791003000,5350.0,60,1791003240,-0.0,0.132,1.23
-0.0,9.2,-0.0,Down,True,62.0,0.99,0.95,0.95,1.0,0.9759,0.99,-0.0,1791003300,4600.0,46,1791003554,-0.0,0.081,1.97
0.0,2.5,0.0,Up,True,50.0,0.99,0.95413181,0.95,1.0,0.6629,0.99,1.06,1791003900,999,60,1791004140,0.0,0.09,0.42
-0.0,0.2,-0.0,Down,True,18.0,0.99,0.910000001,0.95,0.5347,0.5107,0.99,-0.0,1791004200,100.0,48,1791004452,-0.0,0.125,0.03
0.01,13.8,0.0,Up,True,5.0,0.99,0.98,0.99,1.0,0.9998,0.99,0.6,1791004500,999,60,1791004740,0.0,0.059,3.58
0.01,7.6,-0.08,Up,True,10.0,0.99,0.98,0.98,1.0,0.9716,0.99,0.0,1791005100,999,58,1791005342,0.0,0.062,1.91
0.43,-0.9,0.0,Up,True,100.0,0.99,0.8200000000000001,0.95,0.0,0.0,0.99,-0.47,1791005700,999,40,1791005960,0.0,0.001,-20.16
-0.0,1.3,-0.0,Down,True,25.0,0.99,0.97,0.98,1.0,1.0,0.99,-0.57,1791006000,650.0,60,1791006240,-0.0,0.001,26.99
0.01,17.6,-0.06,Up,True,20.0,0.999,0.98,0.99,1.0,1.0,0.99,-0.54,1791006300,999,60,1791006540,0.0,0.055,4.92
0.0,16.2,0.0,Up,True,23.0,0.999,0.89,0.97,0.9998,0.9198,0.999,0.0,1791006900,999,60,1791007140,0.0,0.176,1.4
1.95,6.5,3.59,Up,True,282.0,0.99,0.9399999873,0.95,0.5736,0.7994,0.99,0.91,1791007500,999,36,1791007764,1.6,0.153,0.84
-0.0,7.5,-1.57,Down,True,25.0,0.99,0.9407627451,0.9650580366,1.0,0.9274,0.99,-1.12,1791008400,999,60,1791008640,-0.0,0.079,1.46
-0.0,6.0,0.0,Up,True,70.0,0.99,0.930000004,0.95,0.9932,0.8802,0.99,0.0,1791008700,999,22,1791008978,0.0,0.128,1.18
0.0,15.0,-3.37,Up,True,25.0,0.99,0.6725,0.95,1.0,0.9998,0.99,-2.58,1791009000,999,60,1791009240,0.0,0.064,3.6
0.78,5.2,0.83,Up,True,140.0,0.99,0.89,0.95,0.9784,0.6993,0.99,0.31,1791009300,999,39,1791009561,0.0,0.19,0.52
-4.79,-5.4,-3.02,Down,False,86.0,0.8728166667,0.010000000000000009,0.95,0.6364,0.3725,0.01,-2.04,1791009600,-0.8,57,1791009843,-6.73,0.262,-0.33
-0.0,24.3,-0.0,Down,True,17.0,0.999,0.98,0.99,1.0,0.9364,0.999,0.52,1791009900,999,60,1791010140,0.0,0.243,1.53
-0.0,4.5,0.37,Down,True,200.0,0.99,0.9400000012,0.95,0.8794,0.5656,0.99,0.38,1791010200,2250.0,46,1791010454,-0.0,0.474,0.17
-0.0,13.5,-0.05,Down,True,50.0,0.99,0.9599996928,0.98,1.0,0.9989,0.99,-0.0,1791010500,6750.0,60,1791010740,-0.0,0.067,3.06
0.0,13.2,0.0,Up,True,30.0,0.99,0.94,0.95,0.3575,0.9649,0.99,0.0,1791010800,999,60,1791011040,0.0,0.112,1.81
-0.0,7.5,0.0,Up,True,50.0,0.99,0.96,0.97,0.9995,0.8292,0.99,0.58,1791011100,3750.0,60,1791011340,-0.0,0.12,0.95
2.7,16.5,0.16,Down,True,82.0,0.99,0.96,0.98,0.9931,0.9029,0.99,1.39,1791011700,999,60,1791011940,1.2,0.193,1.3
-0.53,6.0,0.07,Down,True,140.0,0.99,0.79,0.96,0.3499,0.7989,0.99,-0.0,1791012000,14.9,36,1791012264,-0.4,0.142,0.84
2.68,13.7,3.29,Down,True,132.0,0.99,0.9065756714,0.95,1.0,0.9828,0.99,1.87,1791012900,999,48,1791013152,1.58,0.111,2.11
0.47,6.2,2.21,Up,True,132.0,0.99,0.94,0.95,0.0363,0.6783,0.99,1.95,1791014100,999,52,1791014348,2.12,0.22,0.46
0.0,10.8,1.2,Up,True,20.0,0.99,0.96,0.9699999588,0.9993,0.7737,0.99,1.35,1791014400,999,58,1791014642,0.0,0.224,0.75
0.0,6.1,0.06,Up,True,19.0,0.99,0.94,0.95,1.0,0.9009,0.99,0.66,1791015000,999,54,1791015246,0.0,0.076,1.29
3.36,29.2,0.99,Up,True,25.0,0.99,0.98,0.9699999998,1.0,0.9889,0.99,0.42,1791015900,999,60,1791016140,3.4,0.195,2.29
0.01,20.9,-0.18,Up,True,18.0,0.99,0.96,0.98,1.0,1.0,0.99,0.0,1791016800,999,60,1791017040,0.0,0.053,5.98
0.0,13.6,-0.09,Up,True,300.0,0.99,0.8014328605000001,0.95,1.0,0.996,0.99,0.53,1791017100,999,45,1791017355,0.0,0.09,2.65
-0.01,15.2,0.0,Up,True,65.0,0.99,0.97,0.9799991964,1.0,1.0,0.99,-1.23,1791017400,999,60,1791017640,0.0,0.046,5.0
5.46,18.5,4.38,Down,True,100.0,0.99,0.8730998938,0.99,1.0,0.958,0.99,1.3,1791017700,999,57,1791017943,4.9,0.168,1.73
-0.0,18.4,-0.39,Up,True,28.0,0.99,0.98,0.99,1.0,0.9949,0.99,1.0,1791018000,999,60,1791018240,0.0,0.109,2.57
4.38,16.1,2.21,Up,True,176.0,0.99,0.97,0.9505556,1.0,1.0,0.99,0.0,1791018300,999,22,1791018578,1.2,0.051,7.9
0.35,-3.2,0.05,Down,True,300.0,0.99,0.9,0.95,1.0,0.2786,0.99,0.52,1791018600,999,51,1791018849,0.17,0.091,-0.59
-0.0,12.3,-0.03,Down,True,5.0,0.99,0.99,0.99,0.9985,0.8033,0.99,0.3,1791019200,6150.0,60,1791019440,-0.0,0.22,0.85
-0.0,-4.4,-0.0,Down,True,20.0,0.99,0.9299999999999999,0.95,1.0,0.0,0.99,-0.64,1791019500,999,58,1791019742,-0.0,0.001,-90.4
-0.0,7.0,-0.0,Down,True,6.0,0.99,0.98,0.99,1.0,0.876,0.99,0.62,1791019800,999,60,1791020040,-0.0,0.093,1.16
-0.04,-2.3,0.06,Down,True,10.0,0.99,0.95,0.97,0.0,0.0002,0.99,-1.45,1791020100,999,60,1791020340,-0.0,0.01,-3.57
-0.03,5.0,0.06,Up,True,19.0,0.99,0.92,0.95,1.0,1.0,0.99,0.61,1791020400,2500.0,48,1791020652,-0.0,0.011,7.74
0.0,4.8,0.12,Up,True,25.0,0.99,0.877357996,0.95,1.0,1.0,0.99,0.66,1791020700,999,57,1791020943,0.0,0.014,5.41
-0.5,1.1,-0.81,Up,True,44.0,0.99,0.71,0.95,1.0,1.0,0.99,-0.59,1791021000,999,42,1791021258,0.0,0.001,27.39
0.0,10.2,0.75,Up,True,100.0,0.99,0.8699999965,0.95,0.9958,0.7803,0.99,0.0,1791021300,5100.0,58,1791021542,-0.0,0.205,0.77
-0.0,7.3,-0.0,Down,False,120.0,0.97,0.010000000000000009,0.96,0.0,0.9875,0.01,-0.0,1791021600,999,58,1791021842,-0.0,0.051,2.24
-0.0,11.9,-0.68,Down,True,100.0,0.99,0.97,0.98,0.9996,0.8397,0.99,-0.0,1791021900,999,58,1791022142,-0.0,0.186,0.99
5.49,12.8,0.68,Down,True,200.0,0.99,0.9369555556,0.97,1.0,0.9991,0.99,-0.0,1791022200,999,52,1791022448,1.97,0.067,3.12
-0.0,6.0,0.07,Down,True,46.0,0.99,0.95,0.97,1.0,0.9149,0.99,-0.0,1791022500,999,60,1791022740,-0.0,0.067,1.37
-0.01,9.7,-0.0,Down,True,38.0,0.99,0.97,0.98,1.0,0.9992,0.99,-0.0,1791022800,4850.0,58,1791023042,-0.0,0.048,3.16
-0.0,8.2,-0.75,Down,True,100.0,0.99,0.7,0.9537055424,0.9572,0.7045,0.99,-0.0,1791023400,999,51,1791023649,-0.0,0.251,0.54
-0.01,11.3,-1.38,Down,True,101.0,0.99,0.8,0.95,1.0,1.0,0.99,-0.0,1791023700,999,36,1791023964,-0.0,0.034,6.55
0.0,-7.4,0.0,Up,True,99.0,0.99,0.96,0.95,0.0,0.0,0.99,0.51,1791024000,999,13,1791024287,0.0,0.001,-329.74
0.0,6.5,2.81,Up,True,20.0,0.99,0.98,0.98,1.0,0.9991,0.99,0.0,1791024600,999,60,1791024840,0.0,0.032,3.12
-0.01,11.4,-1.34,Up,True,10.0,0.99,0.9646926326,0.99,0.9868,0.9914,0.99,-0.92,1791024900,999,60,1791025140,0.0,0.073,2.38
0.01,7.5,2.2,Down,True,44.0,0.99,0.97,0.98,1.0,0.9721,0.99,-0.0,1791025200,999,60,1791025440,-0.0,0.06,1.91
3.14,12.6,0.61,Down,True,23.0,0.99,0.9799998852,0.98,1.0,0.9783,0.99,0.59,1791025800,999,60,1791026040,-0.0,0.095,2.02
-0.01,10.0,0.17,Down,True,28.0,0.99,0.97,0.98,1.0,1.0,0.99,1.25,1791026400,999,60,1791026640,-0.0,0.036,4.27
5.49,14.8,6.14,Up,True,19.0,0.99,0.9400000008,0.95,1.0,0.9907,0.99,1.3,1791026700,999,52,1791026948,3.02,0.103,2.35
0.0,4.2,-0.11,Up,True,59.0,0.99,0.95,0.95,1.0,1.0,0.99,0.7,1791027000,999,43,1791027257,0.0,0.011,6.83
0.0,10.5,0.0,Up,True,6.0,0.999,0.98,0.99,1.0,0.9997,0.99,0.0,1791027300,999,60,1791027540,0.0,0.047,3.43
0.0,1.1,-0.08,Up,True,10.0,0.99,0.9,0.95,1.0,0.9998,0.99,-0.55,1791027600,550.0,60,1791027840,-0.0,0.005,3.56
-0.0,-0.1,0.0,Up,True,17.0,0.99,0.9100000053,0.95,0.4863,0.496,0.99,-0.64,1791028200,-50.0,58,1791028442,-0.0,0.224,-0.01
-0.0,5.0,-0.0,Down,True,100.0,0.99,0.96,0.9699999953,0.9989,0.7174,0.99,1.13,1791029100,999,60,1791029340,-0.0,0.133,0.58
0.0,11.9,0.09,Up,True,13.0,0.99,0.98,0.99,1.0,0.9999,0.99,0.0,1791029400,999,60,1791029640,0.0,0.047,3.83
1.23,7.1,4.18,Down,True,100.0,0.99,0.76,0.96,0.9241,0.6834,0.99,2.16,1791030300,999,45,1791030555,1.99,0.26,0.48
-0.0,2.3,-0.08,Down,True,181.0,0.99,0.88,0.95,0.9726,0.7703,0.99,-0.0,1791030600,999,34,1791030866,0.0,0.063,0.74
0.0,26.8,-0.12,Up,True,17.0,0.99,0.7953165998,0.98,1.0,1.0,0.99,0.0,1791031500,999,60,1791031740,0.0,0.097,4.19
-2.33,22.5,-2.87,Up,True,20.0,0.999,0.94,0.95,0.9961,0.9503,0.999,-1.2,1791032100,999,60,1791032340,0.0,0.208,1.65
-0.0,32.2,-0.0,Down,True,5.0,0.999,0.996,0.99,1.0,0.9988,0.999,-0.55,1791032400,999,60,1791032640,-0.0,0.161,3.04
1.64,23.5,3.77,Up,True,80.0,0.99,0.99,0.99,1.0,0.9181,0.99,2.06,1791033000,999,60,1791033240,0.66,0.256,1.39
-2.09,20.4,-0.04,Down,True,12.0,0.99,0.95,0.98,1.0,0.9449,0.99,-0.55,1791033600,9.4,60,1791033840,-2.18,0.194,1.6
0.0,11.3,0.0,Up,True,17.0,0.99,0.97,0.98,1.0,0.9633,0.99,0.69,1791033900,999,60,1791034140,0.0,0.096,1.79
8.75,36.0,2.8,Up,True,300.0,0.99,0.98,0.99,1.0,1.0,0.99,0.62,1791034200,999,60,1791034440,4.4,0.094,5.85
0.4,18.4,0.0,Up,True,50.0,0.999,0.98,0.98,0.9942,0.767,0.999,0.44,1791034500,999,60,1791034740,0.0,0.384,0.73
1.56,21.3,1.89,Up,True,11.0,0.99,0.98,0.98,1.0,0.9646,0.99,0.45,1791035100,999,60,1791035340,1.5,0.179,1.81
-0.01,7.1,-0.14,Up,True,10.0,0.99,0.96,0.95,1.0,0.999,0.99,1.34,1791035400,3550.0,60,1791035640,-0.0,0.035,3.1
-0.0,4.2,-0.0,Down,True,200.0,0.99,0.96,0.98,1.0,0.9853,0.99,-0.63,1791035700,999,60,1791035940,-0.0,0.03,2.18
0.0,5.4,0.0,Up,True,20.0,0.99,0.94,0.95,0.9678,0.708,0.99,0.47,1791036300,999,57,1791036543,0.0,0.155,0.55
-0.0,19.7,0.15,Down,True,6.0,0.99,0.99,0.99,1.0,1.0,0.99,-0.64,1791036600,999,60,1791036840,-0.0,0.056,5.36
0.0,13.7,0.09,Up,True,8.0,0.99,0.9490002433,0.99,1.0,0.9992,0.99,0.0,1791036900,6850.0,60,1791037140,-0.0,0.066,3.16
0.0,7.8,0.0,Up,True,21.0,0.99,0.4,0.97,0.9823,0.7929,0.99,0.0,1791037500,999,60,1791037740,0.0,0.146,0.82
-0.0,9.4,-1.49,Down,True,60.0,0.99,0.9300000035,0.95,1.0,0.9931,0.99,-0.0,1791038400,999,42,1791038658,-0.0,0.069,2.46
0.0,-4.0,0.0,Up,False,200.0,0.96,0.01,0.95,0.0,0.0395,0.02,0.46,1791039000,999,36,1791039264,0.0,0.044,-1.76
-0.0,6.4,1.26,Down,True,100.0,0.99,0.6430696203,0.98,0.0,0.9995,0.99,1.8,1791039300,999,60,1791039540,-0.0,0.029,3.31
-0.42,25.9,-0.84,Up,True,150.0,0.99,0.94,0.99,1.0,0.9995,0.99,-0.95,1791039900,95.2,60,1791040140,-0.27,0.121,3.27
1.39,14.1,0.87,Up,True,200.0,0.99,0.8271152398,0.95,0.33,0.8341,0.99,0.35,1791040500,999,42,1791040758,0.0,0.263,0.97
-0.0,9.1,0.0,Up,True,50.0,0.99,0.8499999772,0.95,0.9606,0.7807,0.99,0.0,1791040800,4550.0,55,1791041045,-0.0,0.186,0.77
-0.0,5.7,-0.09,Down,True,25.0,0.99,0.8693214374,0.95,1.0,0.8478,0.99,-0.57,1791041100,999,45,1791041355,-0.0,0.098,1.03
0.0,17.2,1.19,Up,True,152.0,0.99,0.9899990298,0.99,1.0,0.9966,0.99,0.56,1791042000,999,60,1791042240,0.0,0.097,2.7
1.19,9.4,2.08,Up,True,51.0,0.99,0.8783333333,0.95,0.9655,0.7083,0.99,1.45,1791042300,999,55,1791042545,1.74,0.272,0.55
-0.01,6.9,0.0,Up,True,40.0,0.99,0.94,0.95,1.0,0.9996,0.99,0.0,1791042600,999,51,1791042849,0.0,0.034,3.35
0.0,2.4,-0.28,Up,True,40.0,0.99,0.94,0.95,1.0,1.0,0.99,0.56,1791042900,1200.0,57,1791043143,-0.0,0.004,10.43
0.0,16.8,0.05,Down,True,19.0,0.99,0.98,0.99,1.0,0.9987,0.99,-0.0,1791043200,999,60,1791043440,0.0,0.085,3.0
-0.0,19.5,-1.86,Down,True,8.0,0.999,0.98,0.99,1.0,0.9998,0.999,-0.91,1791043500,999,60,1791043740,-0.0,0.084,3.53
0.01,-0.6,-0.29,Down,True,200.0,0.99,0.91099,0.95,0.3298,0.4461,0.99,-0.55,1791043800,999,51,1791044049,0.0,0.069,-0.14
0.0,27.7,-0.0,Down,True,5.0,0.999,0.9857424118,0.99,1.0,0.9987,0.999,-0.0,1791044400,999,60,1791044640,-0.0,0.141,3.0
0.01,7.1,0.0,Up,True,24.0,0.99,0.95,0.95,1.0,0.9771,0.99,0.0,1791044700,999,60,1791044940,0.0,0.054,2.0
0.0,25.1,0.0,Up,True,4.0,0.999,0.99,0.99,1.0,0.9974,0.999,0.0,1791045000,999,60,1791045240,0.0,0.137,2.8
-0.0,16.5,0.06,Up,True,20.0,0.999,0.98,0.99,1.0,0.9975,0.999,0.89,1791045300,999,60,1791045540,0.0,0.089,2.81
-0.0,7.9,0.06,Down,True,43.0,0.99,0.97,0.9699998448,1.0,0.979,0.99,-0.0,1791045600,3950.0,60,1791045840,-0.0,0.059,2.03
0.0,-0.6,-0.0,Down,True,140.0,0.99,0.9015774458,0.95,0.4077,0.4667,0.98,-0.0,1791046200,999,39,1791046461,0.0,0.128,-0.08
-0.93,14.2,-0.11,Up,True,450.0,0.99,0.919999998,0.95,1.0,0.9987,0.99,-0.66,1791046500,38.8,58,1791046742,-0.37,0.073,3.01
-0.0,5.3,-1.7,Up,True,22.0,0.99,0.97,0.97,0.9897,0.7481,0.99,1.3,1791046800,2650.0,60,1791047040,-0.0,0.122,0.67
-0.01,3.4,0.0,Up,True,37.0,0.999,0.97,0.98,1.0,0.8953,0.999,0.99,1791047100,1700.0,60,1791047340,-0.0,0.041,1.26
1.33,5.8,-0.1,Up,True,650.0,0.99,0.9199999814,0.95,0.9937,0.7944,0.99,0.38,1791047400,999,46,1791047654,0.88,0.123,0.82
-0.0,24.2,-0.84,Down,True,28.0,0.999,0.98,0.99,1.0,0.9067,0.999,-0.0,1791049500,999,60,1791049740,-0.0,0.279,1.32
0.87,24.2,-2.33,Up,True,10.0,0.999,0.97,0.959999808,1.0,0.9523,0.999,0.37,1791049800,999,60,1791050040,0.0,0.22,1.67
2.42,7.9,0.69,Down,True,52.0,0.99,0.9449537792,0.98,1.0,0.8593,0.99,1.36,1791050400,999,48,1791050652,1.62,0.124,1.08
3.89,27.8,3.45,Up,True,46.0,0.99,0.9456020914,0.9699998955,1.0,0.9657,0.99,2.33,1791050700,999,54,1791050946,5.12,0.245,1.82
-0.0,22.1,-0.77,Down,True,20.0,0.99,0.9799991964,0.98,1.0,0.9925,0.99,-0.47,1791051300,999,60,1791051540,-0.0,0.138,2.43
0.01,-2.6,0.0,Up,True,106.0,0.99,0.9100000072,0.95,0.0282,0.2394,0.99,0.0,1791051600,999,36,1791051864,0.0,0.073,-0.71
0.53,5.2,0.47,Up,True,29.0,0.99,0.9571163333,0.98,0.9986,0.7247,0.99,0.6,1791052800,999,60,1791053040,0.0,0.132,0.6
-0.02,0.8,0.0,Up,True,46.0,0.99,0.893694278,0.95,0.9854,0.7686,0.99,0.58,1791053100,400.0,43,1791053357,-0.0,0.019,0.73
0.01,9.0,-0.0,Down,True,10.0,0.99,0.98,0.99,1.0,0.9991,0.99,-0.0,1791053400,999,60,1791053640,-0.0,0.044,3.13
0.0,14.4,0.0,Up,True,20.0,0.99,0.9700000001,0.97,1.0,0.9969,0.99,0.6,1791053700,7200.0,60,1791053940,-0.0,0.08,2.74
0.0,12.7,0.1,Up,True,6.0,0.99,0.98,0.98,1.0,0.938,0.99,0.6,1791054300,999,58,1791054542,0.0,0.127,1.54
0.01,3.9,-0.22,Down,True,10.0,0.99,0.97,0.98,1.0,0.8349,0.99,0.59,1791054600,999,60,1791054840,-0.0,0.061,0.97
-0.0,11.9,0.99,Down,True,25.0,0.99,0.96,0.9699999981,1.0,0.9322,0.99,-0.53,1791054900,5950.0,60,1791055140,-0.0,0.121,1.49
-0.0,5.9,0.06,Down,True,25.0,0.99,0.96,0.97,0.9669,0.6759,0.99,1.11,1791055200,999,60,1791055440,-0.0,0.195,0.46
-0.06,-1.7,-0.9,Up,False,11.0,0.98,0.01,0.95,0.0,0.0,0.01,-0.6,1791055500,999,41,1791055759,0.0,0.007,-4.76
-0.54,23.3,-1.97,Down,True,10.0,0.999,0.98,0.97,1.0,1.0,0.999,-1.68,1791056100,999,60,1791056340,-0.0,0.067,5.25
0.01,2.8,0.05,Up,True,11.0,0.99,0.98,0.98,1.0,0.7929,0.99,-0.97,1791056400,999,60,1791056640,0.0,0.053,0.82
-0.0,3.9,0.96,Down,True,110.0,0.99,0.9399993912,0.95,0.9384,0.6892,0.99,-0.62,1791057900,999,49,1791058151,-0.0,0.134,0.49
0.0,7.1,0.0,Up,True,400.0,0.99,0.8360911765,0.95,0.9999,0.8614,0.99,-0.56,1791058200,999,56,1791058444,0.0,0.102,1.09
-0.0,2.5,-1.09,Down,False,23.0,0.95,0.010000000000000009,0.95,0.0,0.7053,0.01,-0.54,1791058500,999,55,1791058745,-0.0,0.072,0.54
-0.0,-3.5,-0.0,Down,True,20.0,0.999,0.87,0.9633337268,0.1398,0.3573,0.999,-0.82,1791058800,-1750.0,44,1791059056,-0.0,0.171,-0.37
0.0,5.5,-0.14,Up,True,70.0,0.99,0.96,0.96,1.0,1.0,0.99,-0.63,1791059100,999,59,1791059341,0.0,0.001,114.86
-0.0,0.2,0.15,Down,True,30.0,0.99,0.8751653239,0.95,1.0,1.0,0.99,-0.0,1791059400,999,49,1791059651,-0.0,0.001,5.18
5.49,6.5,-0.0,Down,True,296.0,0.99,0.6885059743,0.9533333333,1.0,0.9439,0.99,-0.56,1791060000,999,58,1791060242,0.0,0.063,1.59
-0.0,5.1,2.72,Down,True,243.0,0.99,0.9,0.98,1.0,0.9992,0.99,1.67,1791060300,999,59,1791060541,0.0,0.025,3.16
-0.04,34.0,-0.0,Down,True,60.0,0.99,0.9699998448,0.97,0.9919,0.8065,0.99,-0.0,1791060600,999,59,1791060841,0.0,0.603,0.87
0.0,0.3,2.21,Up,True,500.0,0.99,0.9455336921999999,0.95,0.6256,0.5593,0.99,0.0,1791060900,999,23,1791061177,0.0,0.052,0.15
-0.0,19.9,-0.0,Down,True,17.0,0.99,0.97,0.98,1.0,0.96,0.99,-0.0,1791061200,9950.0,58,1791061442,-0.0,0.176,1.75
0.0,4.0,0.0,Up,True,29.0,0.99,0.96,0.95,0.9781,0.7294,0.99,0.0,1791062400,999,55,1791062645,0.0,0.104,0.61
-0.0,23.4,0.09,Down,True,2.0,0.999,0.98,0.99,1.0,0.9999,0.999,-0.0,1791062700,999,59,1791062941,-0.0,0.096,3.76
-0.0,6.4,-0.0,Down,False,20.0,0.97,0.010000000000000009,0.97,0.0,0.7992,0.01,0.77,1791063000,3200.0,59,1791063241,-0.0,0.117,0.84
-0.0,17.6,0.04,Down,True,11.0,0.99,0.97,0.98,1.0,0.9153,0.99,-1.51,1791063300,999,59,1791063541,-0.0,0.197,1.37
2.15,11.7,-0.1,Down,True,269.0,0.99,0.56,0.95,0.9605,0.9282,0.99,0.57,1791063600,999,50,1791063850,1.54,0.134,1.46
-2.93,30.3,0.0,Up,True,10.0,0.999,0.98,0.98,1.0,0.999,0.999,-0.83,1791063900,999,59,1791064141,0.0,0.151,3.09
0.62,2.2,0.05,Up,False,14.0,0.99,0.01,0.95,0.0,0.6115,0.99,1.55,1791064200,999,38,1791064462,0.5,0.15,0.28
4.72,25.3,2.81,Down,True,100.0,0.99,0.95,0.99,0.9999,0.9889,0.99,2.03,1791064500,999,52,1791064748,4.59,0.181,2.29
-1.42,21.4,-1.31,Up,True,200.0,0.99,0.9156493052,0.95,1.0,0.8157,0.99,-1.27,1791064800,999,59,1791065041,0.0,0.366,0.9
0.59,14.9,0.04,Up,True,25.0,0.99,0.96,0.9699999935,1.0,0.8833,0.99,-0.35,1791065100,999,59,1791065341,0.4,0.193,1.19
0.0,22.5,0.94,Up,True,10.0,0.99,0.98,0.9799999647,1.0,0.9995,0.99,0.0,1791065400,11250.0,58,1791065642,-0.0,0.106,3.28
-0.0,15.7,1.58,Down,True,10.0,0.99,0.89,0.95,0.999,0.8166,0.99,-0.3,1791065700,7850.0,59,1791065941,-0.0,0.266,0.9
0.0,1.3,1.87,Up,True,40.0,0.99,0.94,0.95,1.0,1.0,0.99,2.09,1791066000,999,46,1791066254,0.0,0.001,33.09
-2.78,10.8,-0.94,Up,True,120.0,0.99,0.550000036,0.96,0.9988,0.8118,0.99,0.71,1791066300,3.8,59,1791066541,-2.81,0.188,0.88
0.5,4.1,0.08,Up,True,193.0,0.99,0.8684931507,0.95,1.0,1.0,0.99,0.0,1791066600,999,23,1791066877,0.0,0.001,134.08
-0.02,9.3,0.0,Up,True,11.0,0.999,0.97,0.98,1.0,1.0,0.999,0.0,1791066900,4650.0,59,1791067141,-0.0,0.022,6.58
-0.01,5.3,-0.39,Up,True,210.0,0.99,0.8959702244,0.95,1.0,0.9994,0.99,0.0,1791067200,2650.0,34,1791067466,-0.0,0.033,3.25
-0.01,7.0,-1.78,Up,True,100.0,0.99,0.95,0.95,1.0,0.9999,0.99,-1.14,1791067500,3500.0,58,1791067742,-0.0,0.028,3.84
2.56,5.5,-0.07,Down,True,249.0,0.99,0.9494530095,0.97,1.0,0.889,0.99,0.52,1791067800,999,56,1791068044,0.84,0.071,1.22
5.29,21.1,0.82,Down,True,150.0,0.99,0.9651856648,0.98,1.0,0.9929,0.99,0.66,1791068100,999,44,1791068356,4.34,0.153,2.45
0.0,0.5,-2.41,Up,True,28.0,0.99,0.9299999814,0.95,0.588,0.5272,0.99,0.0,1791068400,999,53,1791068647,0.0,0.114,0.07
0.0,-0.7,3.94,Up,True,75.0,0.99,0.8855259721,0.95,0.0,0.0,0.99,0.82,1791069000,999,56,1791069244,0.0,0.001,-17.24
-0.03,-0.2,0.09,Up,True,113.0,0.99,0.8995433845,0.95,0.1945,0.3421,0.99,-0.69,1791069300,999,25,1791069575,0.0,0.011,-0.41
-0.01,4.3,0.0,Up,True,35.0,0.99,0.94,0.95,1.0,0.9444,0.99,0.0,1791070200,999,53,1791070447,0.0,0.044,1.59
-0.0,8.4,0.25,Down,True,187.0,0.99,0.95,0.96,1.0,0.8955,0.99,0.71,1791070800,999,59,1791071041,-0.0,0.103,1.26
3.36,9.0,-0.22,Down,True,467.0,0.99,0.7931715498,0.97,0.9999,0.9704,0.99,-0.79,1791071100,999,28,1791071372,1.91,0.106,1.89
0.0,50.8,0.1,Up,True,161.0,0.99,0.99,0.99,1.0,1.0,0.99,-0.49,1789904400,999,30,1789904670,0.0,0.149,7.74
0.63,-2.0,0.04,Down,True,68.0,0.99,0.7769442528,0.96,0.7606,0.39,0.98,-0.61,1789905600,999,12,1789905888,0.81,0.254,-0.28
-0.0,3.6,-0.0,Down,True,114.0,0.99,0.96,0.97,0.857,0.677,0.99,0.9,1789907400,999,27,1789907673,-0.0,0.19,0.46
-0.0,1.8,2.42,Up,True,110.0,0.99,0.97,0.9699999987,0.9984,0.5728,0.99,1.16,1789910400,999,30,1789910670,0.0,0.219,0.18
0.0,18.9,0.27,Down,True,40.0,0.99,0.99,0.99,1.0,0.9656,0.99,0.31,1789910700,999,30,1789910970,0.0,0.235,1.82
0.52,-0.9,0.31,Up,True,150.0,0.99,0.8499999538,0.96,1.0,0.4477,0.99,0.51,1789911300,999,27,1789911573,0.43,0.164,-0.13
0.39,-2.0,2.02,Up,True,153.0,0.99,0.97,0.98,0.2962,0.413,0.99,0.44,1789911900,999,30,1789912170,0.0,0.202,-0.22
-0.0,5.1,-0.0,Down,True,86.0,0.99,0.9483435324,0.96,0.9245,0.8818,0.97,-0.0,1789912500,2550.0,8,1789912792,-0.0,0.189,1.18
-0.37,16.9,-1.56,Up,True,127.0,0.99,0.99,0.9867586636,0.8081,0.8601,0.99,-1.1,1789915200,25.1,30,1789915470,-0.67,0.354,1.08
2.31,14.3,2.06,Up,True,45.0,0.99,0.98,0.9799991964,1.0,0.919,0.99,2.45,1789919400,999,30,1789919670,2.72,0.231,1.4
0.79,34.3,1.61,Down,True,30.0,0.99,0.99,0.99,1.0,0.912,0.99,2.35,1789920900,999,30,1789921170,0.85,0.571,1.35
0.05,-1.0,-1.37,Up,True,274.0,0.99,0.92,0.95,0.7584,0.4874,0.99,0.0,1789921800,999,29,1789922071,0.2,0.731,-0.03
0.12,-2.6,-0.68,Down,True,286.0,0.99,0.71,0.95,0.1627,0.4513,0.98,0.19,1789923000,999,20,1789923280,1.55,0.579,-0.12
-1.55,13.2,-0.42,Up,True,91.0,0.99,0.9062215315,0.95,1.0,0.813,0.99,0.0,1789923300,3.3,27,1789923573,-4.0,0.352,0.89
1.16,10.6,1.7,Up,True,461.0,0.99,0.96,0.96,1.0,0.8359,0.99,0.0,1789931100,999,29,1789931371,0.67,0.249,0.98
-0.65,-3.6,0.02,Down,True,181.0,0.99,0.9297888159,0.9699999981,,0.1222,,0.83,1789932900,-5.7,4,1789933196,-0.63,0.19,-1.16
-3.04,-9.0,-2.47,Up,False,61.0,0.99,0.41000000000000003,0.98,0.0,0.1537,0.78,-2.02,1789935600,-2.9,29,1789935871,-3.13,0.201,-1.02
-0.0,11.5,-1.49,Up,True,1980.0,0.99,0.8757135848,0.95,0.9546,0.8636,0.99,-0.91,1789936500,999,28,1789936772,0.0,0.244,1.1
-0.0,10.1,0.03,Up,True,1549.0,0.99,0.9399999863,0.9699999978,0.999,0.8995,0.99,0.0,1789936800,5050.0,29,1789937071,-0.0,0.181,1.28
-0.25,0.2,-1.03,Down,True,100.0,0.99,0.09999999999999998,0.95,0.1599,0.5039,0.13,-0.98,1789937100,0.3,19,1789937381,-0.62,0.484,0.01
0.01,6.8,2.07,Up,True,300.0,0.99,0.96,0.9699999996,1.0,0.9788,0.99,0.87,1789937700,999,29,1789937971,0.0,0.077,2.03
-2.1,2.5,-2.83,Down,True,1960.0,0.99,0.050000000000000044,0.96,0.9042,0.5493,0.872,-2.16,1789938300,0.5,29,1789938571,-4.89,0.455,0.12
-0.0,6.6,0.02,Up,True,50.0,0.99,0.96,0.9539040986,0.9529,0.7564,0.99,-0.32,1789940100,999,29,1789940371,0.0,0.22,0.69
-3.66,0.2,-2.12,Down,True,10.0,0.99,0.9476814818,0.98,0.001,0.5056,0.99,-1.37,1789941000,0.1,28,1789941272,-1.6,0.256,0.01
0.0,2.4,1.49,Up,True,100.0,0.99,0.95,0.95,0.8698,0.5524,0.99,0.48,1789941300,1200.0,29,1789941571,-0.0,0.415,0.13
4.37,37.0,1.57,Up,True,100.0,0.99,0.9399478518,0.9899998139,1.0,0.9977,0.99,0.91,1789943100,999,29,1789943371,2.95,0.299,2.84
-0.0,-1.3,0.04,Up,True,200.0,0.99,0.9359695817,0.95,0.3374,0.4169,0.99,0.0,1789943400,-650.0,20,1789943680,-0.0,0.177,-0.21
-0.81,-0.8,-1.66,Up,True,48.0,0.99,0.94,0.99,0.463,0.4846,0.99,-1.32,1789944600,-0.4,29,1789944871,-2.0,0.478,-0.04
2.26,4.5,0.78,Up,True,169.0,0.99,0.96,0.9655199872,1.0,0.6888,0.99,0.24,1789944900,999,29,1789945171,1.6,0.207,0.49
3.5,36.0,3.2,Up,True,144.0,0.99,0.98,0.9699998448,1.0,0.9939,0.99,2.4,1789945500,999,29,1789945771,5.9,0.328,2.5
2.02,31.4,0.53,Down,True,1500.0,0.999,0.96,0.97,1.0,0.9889,0.992,1.28,1789945800,999,28,1789946072,2.59,0.32,2.29
-0.0,14.7,0.02,Down,True,150.0,0.99,0.9400000012,0.95,1.0,0.925,0.99,-0.0,1789947000,999,20,1789947280,-0.0,0.28,1.44
0.68,10.0,0.21,Down,True,122.0,0.99,0.9470245462,0.96,0.8854,0.701,0.99,0.29,1789947600,999,26,1789947874,0.4,0.459,0.53
-1.1,6.0,-1.01,Up,True,200.0,0.99,0.16,0.95,0.9403,0.6591,0.99,0.0,1789947900,3.0,26,1789948174,-2.0,0.354,0.41
-0.0,-3.4,-0.49,Down,True,27.0,0.99,0.95,0.95,0.1801,0.3441,0.99,-0.0,1789948500,999,26,1789948774,-0.0,0.207,-0.4
-0.03,28.9,1.25,Down,True,40.0,0.99,0.99,0.99,0.9993,0.9065,0.99,1.36,1789952100,999,29,1789952371,-0.0,0.498,1.32
-0.0,18.0,-0.69,Down,True,30.0,0.99,0.99,0.99,0.0,0.8737,0.99,-0.0,1789953300,999,29,1789953571,-0.0,0.357,1.14
1.23,0.6,0.94,Up,True,106.0,0.99,0.9,0.95,0.4413,0.5168,0.99,0.8,1789954500,999,13,1789954787,1.22,0.507,0.04
-0.61,-11.6,0.04,Up,True,50.0,0.99,0.7900000105,0.95,0.3063,0.3881,0.99,-0.93,1789955700,-9.6,29,1789955971,-1.2,0.94,-0.28
1.76,26.2,0.33,Up,True,200.0,0.99,0.98,0.98,1.0,0.986,0.99,0.57,1789956900,999,29,1789957171,0.87,0.272,2.2
2.45,20.8,1.95,Down,True,225.0,0.99,0.98,0.98,0.9999,0.9447,0.99,2.3,1789958400,999,29,1789958671,2.74,0.298,1.6
-0.19,20.2,-0.01,Up,True,36.0,0.99,0.99,0.99,0.943,0.7442,0.99,0.0,1789959300,999,29,1789959571,0.0,0.702,0.66
-0.0,6.0,0.37,Down,True,100.0,0.99,0.9399999962,0.95,0.8286,0.6675,0.99,-0.0,1789964100,999,24,1789964376,-0.0,0.348,0.43
2.88,25.0,2.7,Down,True,235.0,0.99,0.9207413584,0.97,0.9996,0.9381,0.99,2.63,1789964400,999,24,1789964676,4.0,0.408,1.54
1.63,31.7,0.2,Up,True,521.0,0.99,0.7850485541,0.95,1.0,0.9874,0.99,-0.34,1789965000,15850.0,27,1789965273,-0.0,0.335,2.24
-0.0,10.5,-0.32,Down,True,41.0,0.99,0.99,0.99,0.997,0.8086,0.99,0.38,1789966800,999,30,1789967070,0.0,0.27,0.87
-0.0,2.0,1.02,Down,True,130.0,0.99,0.95,0.97,0.6288,0.5545,0.99,-0.0,1789970700,999,29,1789970971,-0.0,0.337,0.14
5.42,31.2,3.29,Up,True,1110.0,0.99,0.9195207014,0.95,1.0,0.9823,0.99,2.0,1789971000,999,25,1789971275,5.23,0.363,2.1
-0.0,21.5,-0.0,Down,True,205.0,0.99,0.99,0.99,0.996,0.8605,0.99,1.11,1789971900,999,30,1789972170,-0.0,0.443,1.08
-0.0,7.1,0.02,Up,True,100.0,0.99,0.97,0.98,0.9152,0.7123,0.99,0.33,1789972200,3550.0,30,1789972470,-0.0,0.281,0.56
0.66,33.8,0.89,Down,True,100.0,0.99,0.99,0.99,0.9956,0.9757,0.99,1.0,1789974000,999,30,1789974270,1.3,0.383,1.97
5.43,29.3,2.62,Down,True,247.0,0.99,0.7899999549,0.96,0.9996,0.996,0.99,2.19,1789975500,999,30,1789975770,0.11,0.247,2.65
-0.97,1.8,-0.6,Up,True,55.0,0.99,0.6115315315,0.96,0.0419,0.5059,0.94,-0.6,1789980000,0.3,30,1789980270,-7.01,2.586,0.01
0.6,33.8,-0.01,Down,True,304.0,0.99,0.88,0.95,0.5376,0.8641,0.93,0.74,1789980600,11.7,10,1789980890,-2.89,1.162,1.1
-1.24,-14.2,-0.79,Down,True,38.0,0.99,0.9299999999999999,0.95,0.9826,0.358,0.99,-0.54,1789980900,-3.9,30,1789981170,-3.62,0.85,-0.36
-0.66,-20.0,-0.63,Down,True,200.0,0.99,0.52,0.95,0.5096,0.3847,0.98,-0.8,1789983600,-3.7,30,1789983870,-5.38,1.466,-0.29
1.74,8.0,1.24,Down,True,137.0,0.99,0.890000011,0.95,0.7444,0.565,0.99,0.37,1789984800,999,27,1789985073,1.06,1.107,0.16
0.6,55.3,0.93,Up,True,254.0,0.99,0.8700000038,0.95,0.8445,0.9687,0.99,0.57,1789985100,999,18,1789985382,3.87,0.827,1.86
0.0,32.9,-0.0,Down,True,128.0,0.99,0.99,0.99,0.9974,0.8948,0.99,-0.24,1789985400,999,30,1789985670,0.0,0.567,1.25
2.08,41.2,1.35,Up,True,200.0,0.99,0.94,0.95,1.0,0.99,0.99,0.33,1789987800,999,28,1789988072,4.28,0.398,2.32
0.0,25.0,-0.05,Up,True,141.0,0.99,0.9261727194,0.95,0.9976,0.9285,0.99,-0.41,1789991100,999,15,1789991385,0.0,0.52,1.46
0.29,22.4,-0.27,Up,True,500.0,0.99,0.9299998419,0.95,0.9046,0.8661,0.99,0.24,1789991400,11200.0,30,1789991670,-0.0,0.434,1.11
1.03,19.9,1.02,Down,True,1000.0,0.99,0.89,0.95,1.0,0.6815,0.99,0.55,1789992600,999,30,1789992870,2.39,0.907,0.47
1.72,58.4,0.9,Up,True,129.0,0.99,0.96,0.95,0.8866,0.8334,0.99,0.84,1789993200,999,30,1789993470,3.9,1.292,0.97
-2.9,-3.9,-2.12,Up,True,20.0,0.99,0.9569707401,0.97,0.9879,0.4586,0.99,-1.75,1789994100,-0.8,30,1789994370,-4.86,0.812,-0.1
1.06,9.0,-0.01,Down,True,190.0,0.99,0.88,0.97,,0.8436,,-0.73,1789996500,999,4,1789996796,1.18,0.523,1.01
0.47,25.9,0.44,Down,True,100.0,0.99,0.93,0.97,0.6282,0.6784,0.99,0.99,1789998900,999,30,1789999170,-0.0,1.196,0.46
-0.22,-26.9,-0.56,Up,True,222.0,0.99,0.942008983,0.95,0.0537,0.0867,0.97,0.16,1790000700,-25.4,7,1790000993,-1.06,0.871,-1.36
0.66,5.7,0.63,Up,True,286.0,0.99,0.9300000035,0.95,0.9685,0.5543,0.99,0.85,1790003400,999,18,1790003682,0.0,1.144,0.14
1.72,19.0,0.42,Down,True,100.0,0.99,0.9,0.98,0.9741,0.8225,0.99,0.65,1790007000,999,20,1790007280,2.69,0.536,0.92
-0.66,90.0,-0.01,Up,True,100.0,0.99,0.95,0.96,1.0,0.9999,0.99,-0.19,1790007300,999,9,1790007591,0.0,0.917,3.81
0.25,-1.8,0.01,Up,True,111.0,0.99,0.8999999928,0.95,0.1769,0.4701,0.99,0.0,1790009700,999,21,1790009979,0.82,0.599,-0.08
-0.38,33.7,0.27,Up,True,1472.0,0.99,0.96,0.9799998852,0.7725,0.8837,0.99,0.55,1790011500,27.7,30,1790011770,-1.22,0.6,1.19
0.61,-4.1,1.26,Down,True,200.0,0.99,0.9399999873,0.95,0.9993,0.4305,0.99,0.48,1790011800,999,23,1790012077,4.37,0.567,-0.18
-0.0,7.9,-0.4,Down,True,324.0,0.99,0.99,0.99,0.9659,0.6526,0.99,0.26,1790012400,999,30,1790012670,-0.0,0.428,0.39
-0.14,39.6,0.01,Up,True,225.0,0.99,0.81,0.95,0.9997,0.9472,0.99,-0.43,1790013900,999,24,1790014176,0.0,0.582,1.62
0.59,8.7,1.11,Down,True,841.0,0.99,0.93,0.98,0.8592,0.6682,0.99,1.16,1790015400,999,23,1790015677,1.57,0.486,0.44
0.0,43.1,0.38,Up,True,100.0,0.99,0.98,0.98,1.0,0.9357,0.99,-0.23,1790015700,999,30,1790015970,0.0,0.602,1.52
1.95,16.3,0.93,Up,True,178.0,0.99,0.96,0.9699999871,0.969,0.7769,0.99,1.76,1790016300,999,30,1790016570,0.45,0.456,0.76
1.16,-9.7,1.22,Up,True,98.0,0.99,0.9214770503,0.96,0.0006,0.0261,0.99,0.38,1790016900,999,21,1790017179,0.8,0.127,-1.94
-1.26,-19.2,-0.48,Down,True,50.0,0.99,0.89,0.99,0.8879,0.3686,0.99,-1.1,1790018400,-3.6,26,1790018674,-5.28,1.3,-0.34
-0.23,49.7,-0.27,Down,True,137.0,0.99,0.72,0.96,0.4807,0.9832,0.72,-1.55,1790019900,999,30,1790020170,-0.0,0.494,2.12
-0.0,31.0,-0.78,Down,True,100.0,0.99,0.99,0.99,0.8975,0.8782,0.99,-0.0,1790020200,3100.0,30,1790020470,-0.01,0.561,1.17
-0.7,77.0,-1.03,Up,True,100.0,0.99,0.9667676929,0.958431811,1.0,0.9986,0.99,-0.82,1790020800,33.1,24,1790021076,-2.33,0.609,2.98
0.0,50.9,0.0,Up,True,48.0,0.99,0.95,0.95,0.9959,0.999,0.99,0.33,1790021400,999,30,1790021670,0.0,0.347,3.09
0.77,37.1,-0.28,Up,True,100.0,0.99,0.99,0.99,0.269,0.8323,0.99,-0.3,1790022000,999,30,1790022270,0.77,0.809,0.96
0.04,12.9,-0.02,Down,True,101.0,0.99,0.761294,0.97,1.0,0.657,0.99,-0.0,1790022900,999,30,1790023170,0.14,0.672,0.4
-0.06,-19.0,0.31,Down,False,200.0,0.95,0.010000000000000009,0.96,0.0,0.1983,0.01,0.47,1790024100,-99.0,20,1790024380,-0.19,0.577,-0.85
1.26,47.5,1.6,Up,True,500.0,0.99,0.9,0.95,1.0,0.9907,0.99,0.27,1790025600,999,18,1790025882,3.8,0.549,2.35
2.46,3.6,1.48,Down,True,150.0,0.99,0.97,0.98,0.7035,0.5866,0.99,2.64,1790025900,999,30,1790026170,2.28,0.343,0.22
1.05,36.0,0.3,Up,True,200.0,0.99,0.9399999966,0.95,0.9997,0.9501,0.99,2.17,1790026500,999,26,1790026774,2.31,0.495,1.65
-0.0,-12.0,-0.2,Down,True,100.0,0.99,0.95,0.96,0.451,0.2433,0.99,0.42,1790026800,999,27,1790027073,-0.0,0.382,-0.7
0.91,10.0,0.59,Up,True,63.0,0.99,0.98,0.95,0.8525,0.7505,0.99,1.35,1790030100,999,12,1790030388,2.47,0.494,0.68
0.0,-17.6,0.47,Up,True,100.0,0.99,0.9,0.95,0.0251,0.0609,0.98,1.04,1790031900,999,8,1790032192,0.0,0.464,-1.55
-0.37,5.8,-0.21,Down,True,64.0,0.99,0.56,0.95,0.5929,0.6367,0.98,0.43,1790033700,7.1,23,1790033977,-0.82,0.403,0.35
0.0,-1.4,-0.02,Up,True,100.0,0.99,0.9474055931,0.95,0.9743,0.4439,0.99,-0.29,1790034300,999,15,1790034585,0.0,0.306,-0.14
-0.67,-2.8,-0.03,Down,True,25.0,0.999,0.9158320458,0.95,0.4999,0.4552,0.999,-0.0,1790036100,-1400.0,30,1790036370,-0.0,0.526,-0.11
0.06,21.4,-0.02,Up,True,200.0,0.99,0.96,0.9556272345,0.958,0.7711,0.99,0.42,1790037600,999,17,1790037883,0.74,0.808,0.74
-0.05,2.9,-0.17,Up,True,100.0,0.99,0.98,0.9799998367,0.9161,0.5433,0.99,0.0,1790041200,999,30,1790041470,0.0,0.569,0.11
-2.15,25.8,-1.73,Down,True,182.0,0.99,0.9895070735,0.99,0.9875,0.8618,0.99,-1.36,1790042400,6.0,27,1790042673,-4.32,0.533,1.09
-0.84,-28.7,-0.96,Up,True,53.0,0.99,0.9,0.95,0.982,0.1302,0.99,0.0,1790042700,-5.3,30,1790042970,-5.46,0.544,-1.13
-0.15,10.0,0.53,Down,True,194.0,0.99,0.9296952332,0.97,0.8085,0.7873,0.844,0.96,1790043300,999,6,1790043594,0.0,0.598,0.8
-0.78,19.3,-0.47,Down,True,200.0,0.99,0.99,0.99,0.8507,0.7652,0.99,0.38,1790046000,999,30,1790046270,1.05,0.57,0.72
2.58,38.3,1.99,Down,True,358.0,0.99,0.96,0.97,0.9993,0.9334,0.99,2.45,1790046900,999,30,1790047170,3.2,0.545,1.5
-0.0,-6.8,0.48,Down,True,196.0,0.99,0.93,0.95,0.1927,0.3428,0.99,0.95,1790048400,999,23,1790048677,0.0,0.412,-0.4
-0.0,65.4,-0.02,Up,True,180.0,0.99,0.8370725003,0.99,1.0,1.0,0.99,-0.36,1790048700,32700.0,11,1790048989,-0.0,0.258,8.95
2.27,20.6,1.83,Up,True,302.0,0.99,0.736,0.95,0.2156,0.8909,0.99,1.03,1790050200,999,30,1790050470,0.0,0.357,1.23
-0.88,11.4,-0.9,Up,True,150.0,0.99,0.86,0.96,0.9962,0.7199,0.99,-1.05,1790050800,5.7,30,1790051070,-2.0,0.419,0.58
3.27,27.3,2.55,Down,True,100.0,0.99,0.96,0.98,0.9669,0.894,0.99,2.43,1790055000,999,24,1790055276,7.2,0.524,1.25
1.46,25.3,0.22,Down,True,374.0,0.99,0.3300000261,0.9899742184,,0.9994,,0.47,1790056200,999,5,1790056495,3.02,0.408,3.24
0.0,27.5,-1.93,Up,True,391.0,0.99,0.99,0.97,0.0045,0.9662,0.99,-0.97,1790057100,999,30,1790057370,0.0,0.321,1.83
-0.52,-15.5,0.52,Down,True,30.0,0.999,0.9694151178,0.98,0.8319,0.2814,0.99,-0.24,1790057400,-7750.0,30,1790057670,-0.0,0.573,-0.58
-0.0,6.1,-0.4,Down,True,133.0,0.99,0.98,0.99,0.8607,0.6711,0.99,-0.78,1790058000,999,30,1790058270,-0.0,0.297,0.44
-0.83,20.9,-0.94,Up,True,76.0,0.99,0.94,0.95,0.9273,0.9182,0.99,0.0,1790059800,52.0,30,1790060070,-0.4,0.32,1.39
1.6,36.7,0.79,Up,True,270.0,0.99,0.99,0.99,1.0,0.9761,0.99,2.02,1790062500,999,30,1790062770,2.03,0.397,1.98
0.0,11.6,0.37,Down,True,200.0,0.99,0.97,0.99,0.6927,0.8502,0.99,0.39,1790062800,999,30,1790063070,-0.0,0.24,1.04
-0.0,4.4,-0.0,Down,True,180.0,0.99,0.87,0.99,0.0001,0.6105,0.99,0.36,1790063700,999,30,1790063970,-0.0,0.333,0.28
-2.98,-6.2,-1.23,Down,True,58.0,0.99,0.95,0.99,0.2004,0.3586,0.99,-2.72,1790064900,-1.0,27,1790065173,-6.24,0.387,-0.36
-0.18,33.1,-0.12,Up,True,2125.0,0.99,0.95,0.95,0.9894,0.9382,0.99,-0.75,1790069100,16550.0,30,1790069370,-0.0,0.458,1.54
0.74,52.9,0.53,Up,True,247.0,0.99,0.9135577778,0.95,0.9128,0.9611,0.99,0.49,1790069400,999,29,1790069671,0.0,0.649,1.76
0.3,17.4,1.37,Up,True,61.0,0.99,0.91,0.95,0.9035,0.8083,0.99,1.31,1790072100,999,30,1790072370,0.0,0.424,0.87
-0.0,4.2,-0.9,Down,True,651.0,0.99,0.9400000012,0.96,0.9994,0.6088,0.99,-0.0,1790074500,999,30,1790074770,-0.0,0.322,0.28
0.24,15.4,0.0,Up,True,122.0,0.99,0.8200000051,0.95,0.6548,0.868,0.99,-0.62,1790076000,999,27,1790076273,0.4,0.308,1.12
-0.59,-4.4,0.03,Down,True,273.0,0.99,0.96,0.98,0.2617,0.3559,0.99,0.33,1790076600,999,15,1790076885,0.28,0.357,-0.37
-1.76,-9.5,-2.67,Up,False,101.0,0.9404152874,0.01,0.95,0.0337,0.3046,0.053,-1.57,1790078400,-2.3,24,1790078676,-4.21,0.44,-0.51
0.0,19.8,0.03,Up,False,167.0,0.99,0.020000000000000018,0.95,0.0057,0.9076,0.657,1.4,1790078700,999,27,1790078973,0.0,0.334,1.33
-3.58,-13.6,-2.41,Up,True,25.0,0.99,0.74,0.98,0.0,0.2615,0.99,-1.3,1790079000,-1.9,30,1790079270,-7.28,0.452,-0.64
-0.18,9.2,0.12,Down,True,230.0,0.99,0.95,0.95,0.9536,0.6757,0.99,0.52,1790080200,999,17,1790080483,-0.0,0.57,0.46
-0.99,8.3,-0.58,Down,True,273.0,0.99,0.99,0.99,0.9972,0.654,0.99,-0.0,1790080500,999,30,1790080770,-0.0,0.443,0.4
-5.97,106.6,-2.73,Up,True,100.0,0.999,0.95,0.98,1.0,1.0,0.99,-4.34,1790082000,19.7,30,1790082270,-5.41,0.381,5.93
1.72,35.1,0.04,Up,True,392.0,0.99,0.94,0.95,0.9936,0.9251,0.99,0.6,1790085000,999,15,1790085285,7.14,0.732,1.44
-2.21,-2.6,-1.36,Up,True,50.0,0.99,0.95,0.98,0.2665,0.4697,0.99,-1.01,1790085900,-0.7,30,1790086170,-3.71,0.712,-0.08
1.26,36.1,1.32,Down,True,140.0,0.99,0.9373485714,0.97,0.8941,0.8976,0.99,1.5,1790086800,999,27,1790087073,4.37,0.636,1.27
0.68,38.7,0.8,Up,True,260.0,0.99,0.9326923079,0.95,0.9977,0.8854,0.99,0.17,1790088000,999,20,1790088280,3.1,0.838,1.2
1.54,3.2,1.41,Up,True,1000.0,0.99,0.92,0.95,,0.6314,,0.87,1790089200,5.8,3,1790089497,-0.55,0.64,0.34
0.9,38.3,0.02,Down,True,174.0,0.99,0.94,0.98,0.8578,0.8839,0.99,-0.96,1790089800,999,30,1790090070,0.49,0.679,1.19
-0.0,27.4,0.33,Down,True,223.0,0.99,0.95,0.96,1.0,0.9739,0.98,-0.0,1790090700,999,14,1790090986,-0.0,0.437,1.94
0.8,56.7,0.06,Down,True,1000.0,0.99,0.81,0.95,1.0,0.9963,0.99,-0.0,1790091000,999,27,1790091273,2.05,0.472,2.68
-1.8,-26.2,-1.08,Up,True,280.0,0.99,0.5325443724,0.98,0.9733,0.1425,0.99,-0.88,1790091300,-4.8,30,1790091570,-5.5,0.518,-1.07
-2.42,-29.0,-0.64,Up,True,125.0,0.99,0.872542801,0.9599998733,0.0015,0.2517,0.99,-1.92,1790091900,-7.2,30,1790092170,-4.0,0.915,-0.67
-0.69,-28.7,-0.81,Up,True,125.0,0.99,0.64,0.95,0.0169,0.0519,0.99,-0.66,1790092500,-14.4,15,1790092785,-1.99,0.527,-1.63
0.46,18.8,0.48,Up,True,403.0,0.99,0.96,0.95,1.0,0.8196,0.99,0.82,1790094600,999,14,1790094886,1.59,0.64,0.91
0.21,32.9,-0.16,Down,True,1427.0,0.99,0.98,0.99,0.999,0.8809,0.99,-0.0,1790098800,999,30,1790099070,-0.0,0.589,1.18
-0.16,15.4,1.33,Down,True,120.0,0.99,0.97,0.99,0.98,0.7014,0.99,1.44,1790100000,999,29,1790100271,6.71,0.625,0.53
0.48,-22.1,0.25,Down,True,149.0,0.99,0.87,0.95,0.4405,0.1662,0.99,-0.0,1790101800,999,21,1790102079,1.53,0.577,-0.97
0.0,39.9,0.02,Up,True,331.0,0.99,0.95,0.96,1.0,0.9873,0.99,0.71,1790102400,999,30,1790102670,0.0,0.377,2.23
0.27,-23.2,0.02,Down,True,158.0,0.99,0.92,0.95,0.0016,0.1736,0.99,0.52,1790103000,999,27,1790103273,2.1,0.55,-0.94
-0.27,-14.3,-0.04,Down,True,153.0,0.99,0.94,0.95,0.9978,0.3009,0.99,0.26,1790103300,-16.7,30,1790103570,-0.85,0.579,-0.52
-3.07,-3.9,-3.56,Up,True,97.0,0.99,0.21999999999999997,0.99,0.9585,0.4358,0.99,-3.65,1790104200,-0.5,30,1790104470,-8.65,0.515,-0.16
0.07,27.8,-0.07,Up,True,374.0,0.99,0.98,0.98,1.0,0.839,0.99,-0.75,1790105100,999,30,1790105370,0.0,0.593,0.99
0.0,13.7,0.6,Up,True,110.0,0.99,0.99,0.99,0.9997,0.688,0.99,0.86,1790106000,6850.0,30,1790106270,-0.0,0.593,0.49
0.64,-11.1,0.4,Up,True,182.0,0.99,0.8900000024,0.96,0.9399,0.2944,0.99,2.59,1790106900,999,24,1790107176,1.69,0.484,-0.54
-0.82,2.1,-1.25,Up,False,98.0,0.97,0.01,0.95,0.0,0.5409,0.275,-2.11,1790107500,1.1,30,1790107770,-1.93,0.43,0.1
1.25,11.7,0.56,Down,True,43.0,0.99,0.97,0.98,0.9542,0.7547,0.99,0.4,1790111400,999,30,1790111670,-0.0,0.358,0.69
0.52,4.6,0.37,Down,True,233.0,0.99,0.99,0.99,1.0,0.7572,0.99,-0.0,1790111700,999,30,1790111970,0.4,0.141,0.7
0.0,7.4,0.04,Down,True,20.0,0.99,0.98,0.99,0.9974,0.873,0.99,-0.0,1790112000,999,30,1790112270,-0.0,0.137,1.14
-0.25,20.3,-0.08,Up,True,24.0,0.99,0.96,0.96,1.0,0.9655,0.99,-0.25,1790112600,999,30,1790112870,0.0,0.237,1.82
-0.0,8.4,-0.03,Down,True,72.0,0.99,0.98,0.99,0.8043,0.6368,0.99,-0.21,1790112900,999,30,1790113170,-0.0,0.509,0.35
-1.68,9.7,-1.29,Up,True,147.0,0.99,0.78,0.95,0.0001,0.6881,0.99,-1.63,1790114700,2.6,29,1790114971,-3.68,0.427,0.49
1.04,12.9,-0.15,Down,True,160.0,0.99,0.9299999999999999,0.95,0.9989,0.8141,0.99,-0.33,1790115600,999,29,1790115871,1.76,0.311,0.89
-0.0,4.6,0.0,Up,True,256.0,0.99,0.94,0.95,0.8567,0.6939,0.99,-0.49,1790115900,2300.0,22,1790116178,-0.0,0.227,0.51
-0.28,-4.7,-1.46,Down,True,134.0,0.99,0.5954189737,0.96,0.1902,0.3305,0.98,-0.95,1790116500,-11.2,20,1790116780,-0.42,0.276,-0.44
-0.4,18.7,-1.38,Down,True,232.0,0.99,0.92,0.98,0.2899,0.9048,0.99,0.5,1790116800,27.9,29,1790117071,-0.67,0.308,1.31
-0.0,9.3,0.57,Down,True,280.0,0.99,0.95,0.97,0.9882,0.8262,0.99,-0.0,1790117400,4650.0,29,1790117671,-0.0,0.213,0.94
-0.0,3.1,0.02,Up,True,124.0,0.99,0.74,0.95,0.0103,0.5733,0.99,-0.33,1790118900,999,26,1790119174,0.0,0.378,0.18
-0.73,-3.0,-1.24,Down,True,49.0,0.99,0.8678378378,0.97,0.6038,0.4558,0.99,-0.39,1790119800,-0.6,29,1790120071,-4.8,0.587,-0.11
0.0,3.9,-0.07,Down,True,170.0,0.99,0.8285714482,0.97,0.6527,0.5845,0.99,0.55,1790120400,999,17,1790120683,-0.0,0.515,0.21
0.47,-12.0,0.82,Up,True,190.0,0.99,0.98,0.95,0.7856,0.3491,0.99,0.58,1790120700,999,28,1790120972,0.93,0.679,-0.39
-0.17,18.4,-0.48,Up,True,100.0,0.99,0.9266912568,0.95,0.9955,0.8609,0.99,-1.01,1790121000,52.9,29,1790121271,-0.35,0.366,1.08
-3.69,3.3,-2.26,Up,True,58.0,0.99,0.9610773585,0.9799991964,0.6989,0.6028,0.99,-2.27,1790121600,0.7,20,1790121880,-4.97,0.327,0.26
-2.56,-14.7,-1.87,Down,True,20.0,0.99,0.96,0.9799996766,0.2265,0.3025,0.99,-2.09,1790121900,-4.0,25,1790122175,-3.7,0.659,-0.52
-0.0,15.6,-1.29,Down,True,50.0,0.99,0.96,0.98,1.0,0.7668,0.99,-1.11,1790123700,999,29,1790123971,-0.0,0.459,0.73
-1.19,-6.0,-1.51,Up,True,93.0,0.99,0.95,0.95,1.0,0.3822,0.99,-0.59,1790124300,999,29,1790124571,0.0,0.431,-0.3
-0.1,7.3,0.27,Up,True,58.0,0.99,0.98,0.98,0.8471,0.7203,0.99,0.38,1790124600,999,29,1790124871,0.0,0.27,0.58
1.04,27.8,-0.03,Down,True,34.0,0.99,0.9785055635,0.99,1.0,0.9858,0.99,0.35,1790124900,999,29,1790125171,1.55,0.273,2.19
-0.0,22.7,-0.02,Down,True,79.0,0.99,0.99,0.99,0.9724,0.9165,0.99,1.13,1790126700,11350.0,29,1790126971,-0.0,0.352,1.38
2.32,23.0,3.25,Down,True,115.0,0.99,0.96,0.98,0.9989,0.957,0.99,1.4,1790127000,999,29,1790127271,1.58,0.288,1.72
-2.55,-25.3,-2.32,Down,True,200.0,0.99,0.745,0.99,0.0007,0.1194,0.99,-0.97,1790128800,-3.9,29,1790129071,-6.42,0.462,-1.18
1.77,41.1,1.69,Up,True,113.0,0.99,0.99,0.99,1.0,0.9922,0.99,0.33,1790129100,999,29,1790129371,1.95,0.366,2.42
0.0,13.3,0.86,Up,True,221.0,0.99,0.93,0.95,0.9973,0.8416,0.99,1.02,1790129400,999,14,1790129686,0.0,0.411,1.0
-0.07,16.3,0.75,Up,True,100.0,0.99,0.9269835009,0.96,0.9832,0.8114,0.99,0.69,1790130300,999,29,1790130571,2.85,0.395,0.88
-0.58,1.2,-0.4,Up,True,79.0,0.99,0.7100000017,0.9699999979,0.5768,0.5318,0.99,-0.66,1790131500,1.1,29,1790131771,-1.06,0.334,0.08
2.81,19.4,2.5,Down,True,500.0,0.99,0.8,0.96,1.0,0.9846,0.99,1.49,1790131800,999,25,1790132075,3.2,0.207,2.16
-1.95,1.8,-1.27,Up,True,216.0,0.99,0.8800000096,0.98,0.9278,0.5616,0.99,-1.7,1790132700,0.7,29,1790132971,-2.64,0.248,0.15
-0.0,16.1,1.32,Down,True,338.0,0.99,0.9700000006,0.98,1.0,0.9937,0.99,0.37,1790135700,8050.0,29,1790135971,-0.0,0.138,2.49
-0.69,24.2,0.57,Down,True,80.0,0.99,0.99,0.99,0.9962,0.8657,0.99,0.28,1790136900,999,29,1790137171,0.8,0.468,1.11
0.05,52.2,-0.47,Down,True,500.0,0.99,0.98,0.99,1.0,0.9259,0.99,-1.29,1790137500,999,29,1790137771,1.46,0.77,1.45
1.61,16.9,0.66,Down,True,500.0,0.999,0.9300000006,0.95,0.974,0.8078,0.999,0.94,1790141700,999,25,1790141975,-0.0,0.448,0.87
1.26,12.8,0.69,Up,True,112.0,0.99,0.94,0.95,0.9691,0.8173,0.99,-0.67,1790142000,999,13,1790142287,3.14,0.453,0.91
1.17,15.1,1.91,Down,True,200.0,0.99,0.9294084428,0.96,1.0,0.9142,0.99,1.0,1790142300,999,26,1790142574,1.53,0.249,1.37
-0.0,6.6,0.02,Up,True,155.0,0.99,0.95,0.95,0.7515,0.6276,0.99,0.0,1790143500,3300.0,29,1790143771,-0.0,0.434,0.33
0.0,7.6,-0.02,Up,True,100.0,0.99,0.95,0.95,0.9069,0.7192,0.99,0.0,1790145000,999,26,1790145274,0.0,0.297,0.58
1.25,5.3,1.43,Down,True,200.0,0.99,0.96,0.98,0.9122,0.6646,0.99,0.94,1790146200,999,14,1790146486,2.25,0.382,0.43
0.21,10.0,0.51,Up,True,61.0,0.99,0.96,0.9699999917,0.9365,0.736,0.99,0.56,1790152200,999,29,1790152471,0.4,0.34,0.63
-0.0,14.3,-0.03,Up,True,93.0,0.99,0.98,0.99,1.0,0.8954,0.99,0.0,1790152500,999,29,1790152771,0.0,0.246,1.26
1.84,12.7,1.28,Down,True,450.0,0.99,0.7185027788,0.96,0.9998,0.8646,0.99,1.04,1790156100,999,19,1790156381,1.65,0.309,1.1
-1.05,-2.4,-0.76,Down,True,62.0,0.99,0.95,0.95,0.0615,0.4399,0.99,-0.0,1790158200,999,28,1790158472,-0.0,0.348,-0.15
0.44,1.8,-0.0,Down,True,144.0,0.99,0.95,0.95,0.903,0.5392,0.99,-0.0,1790158500,900.0,29,1790158771,-0.0,0.402,0.1
1.32,26.9,0.15,Up,True,118.0,0.99,0.99,0.98,1.0,0.996,0.99,0.35,1790160000,999,29,1790160271,1.57,0.219,2.66
-0.0,10.8,-0.0,Down,True,100.0,0.99,0.94,0.95,0.9999,0.9587,0.99,1.23,1790160300,999,22,1790160578,-0.0,0.154,1.74
-0.0,15.8,-0.0,Down,True,450.0,0.99,0.98,0.99,0.8372,0.7862,0.99,-0.24,1790161500,999,29,1790161771,-0.0,0.432,0.79
-0.66,-13.9,0.83,Up,True,70.0,0.99,0.9541163142,0.97,0.8054,0.2414,0.99,-0.25,1790163000,999,22,1790163278,0.4,0.493,-0.7
1.93,33.9,1.38,Up,True,168.0,0.99,0.99,0.9874650246,1.0,0.9804,0.99,1.32,1790163600,999,29,1790163871,2.8,0.357,2.06
0.0,7.3,-0.02,Up,True,88.0,0.99,0.9399999624,0.95,0.9913,0.7824,0.99,0.0,1790164200,999,14,1790164486,0.0,0.292,0.78
0.0,6.1,0.0,Up,True,79.0,0.99,0.96,0.9558020924,0.9993,0.9069,0.99,0.0,1790164500,999,29,1790164771,0.0,0.1,1.32
0.48,-4.1,-0.26,Down,True,86.0,0.99,0.928313,0.95,0.0223,0.3353,0.98,-0.0,1790166300,-2050.0,16,1790166584,-0.0,0.281,-0.43
0.0,7.7,0.44,Up,True,136.0,0.99,0.784,0.95,0.0208,0.7224,0.99,0.0,1790166900,999,29,1790167171,0.0,0.283,0.59
-0.0,16.1,0.0,Up,True,229.0,0.99,0.96,0.96,1.0,0.8983,0.99,0.39,1790168100,999,29,1790168371,0.0,0.275,1.27
-0.05,29.7,-0.2,Down,True,176.0,0.99,0.97,0.98,0.0058,0.7692,0.99,-0.22,1790171400,14850.0,29,1790171671,-0.0,0.874,0.74
-0.07,41.6,-0.16,Down,True,117.0,0.99,0.99,0.99,0.9961,0.89,0.99,0.26,1790172000,999,29,1790172271,0.0,0.734,1.23
1.79,80.3,2.38,Down,True,125.0,0.99,0.98,0.99,1.0,0.8954,0.99,2.01,1790173500,999,29,1790173771,6.15,1.412,1.26
0.26,52.2,0.93,Up,True,200.0,0.99,0.97,0.96,1.0,0.8802,0.99,0.14,1790174100,999,29,1790174371,2.0,0.977,1.18
0.26,40.4,-0.13,Down,True,183.0,0.99,0.97,0.98,1.0,0.8617,0.99,1.03,1790174400,999,25,1790174675,4.93,0.88,1.09
0.25,8.0,0.01,Up,True,279.0,0.99,0.880000001,0.95,0.5237,0.5755,0.99,0.0,1790175300,999,24,1790175576,1.38,1.02,0.19
-0.41,-10.4,-0.65,Up,True,131.0,0.99,0.9523355577,0.95,0.2221,0.2942,0.99,-0.17,1790175600,999,10,1790175890,2.8,0.722,-0.54
0.0,-30.1,-0.01,Up,True,180.0,0.99,0.904403106,0.96,,0.0003,,-0.65,1790176200,999,4,1790176496,0.0,0.511,-3.47
-0.24,46.0,0.31,Down,True,125.0,0.99,0.95,0.97,1.0,0.9885,0.99,0.39,1790176800,999,13,1790177087,0.2,0.664,2.27
-0.99,32.1,-1.66,Up,True,200.0,0.99,0.96,0.9699999951,1.0,0.8474,0.99,-0.76,1790179800,999,30,1790180070,1.57,0.678,1.03
-0.34,16.0,0.0,Up,True,187.0,0.99,0.94,0.9599999693,0.5463,0.7413,0.99,-0.53,1790181600,18.3,30,1790181870,-0.87,0.536,0.65
0.0,23.9,0.04,Up,True,460.0,0.99,0.85,0.95,0.9887,0.7478,0.99,0.0,1790182200,999,28,1790182472,0.0,0.807,0.67
0.8,44.5,1.05,Down,True,93.0,0.99,0.99,0.99,1.0,0.9853,0.99,1.14,1790184600,999,29,1790184871,1.91,0.451,2.18
-0.0,17.5,0.5,Down,True,2225.0,0.99,0.9284315235,0.98,0.7892,0.7916,0.99,1.0,1790184900,999,29,1790185171,-0.0,0.475,0.81
1.88,21.5,1.6,Down,True,1202.0,0.99,0.8706189021999999,0.95,0.9963,0.9456,0.99,0.97,1790185800,999,14,1790186086,5.17,0.425,1.6
-0.0,18.5,0.55,Up,True,690.0,0.99,0.98,0.99,0.8957,0.8385,0.99,0.33,1790186100,9250.0,29,1790186371,-0.0,0.412,0.99
-0.07,23.3,-0.7,Down,True,214.0,0.99,0.9784499604,0.99,0.9995,0.8312,0.99,-0.61,1790188200,999,29,1790188471,0.0,0.537,0.96
-0.0,17.2,0.81,Down,True,211.0,0.99,0.97,0.98,0.8783,0.8848,0.99,-0.0,1790188500,999,29,1790188771,-0.0,0.316,1.2
0.55,23.7,-0.0,Down,True,1500.0,0.99,0.98,0.99,1.0,0.9466,0.99,0.4,1790189700,999,29,1790189971,0.0,0.323,1.61
1.56,13.0,0.5,Down,True,29.0,0.99,0.99,0.99,0.997,0.8385,0.99,1.06,1790190900,999,29,1790191171,2.4,0.289,0.99
-0.0,20.4,0.05,Down,True,467.0,0.99,0.9699998448,0.98,0.9989,0.8989,0.99,0.61,1790192100,10200.0,29,1790192371,-0.0,0.352,1.28
0.0,6.0,0.0,Up,True,1873.0,0.99,0.95,0.95,0.0579,0.7138,0.99,0.0,1790192400,999,22,1790192678,0.0,0.269,0.56
0.48,4.7,0.1,Down,True,100.0,0.99,0.9400000001,0.96,0.9912,0.6353,0.99,0.32,1790194500,999,25,1790194775,-0.0,0.325,0.35
0.0,4.7,-0.3,Up,True,236.0,0.99,0.9265273135000001,0.95,1.0,0.665,0.99,-0.39,1790197500,999,28,1790197772,0.0,0.249,0.43
-1.14,7.0,-0.04,Up,True,36.0,0.99,0.98,0.99,1.0,0.7999,0.99,-0.51,1790199000,37.6,29,1790199271,-0.19,0.183,0.84
0.33,-1.2,0.04,Up,True,274.0,0.99,0.7300000087,0.98,0.7492,0.448,0.99,-0.37,1790199600,999,25,1790199875,0.39,0.219,-0.13
-0.0,3.7,0.33,Down,True,60.0,0.99,0.94,0.95,0.9997,0.7329,0.99,0.47,1790200200,999,25,1790200475,-0.0,0.142,0.62
0.0,18.6,-0.0,Down,True,115.0,0.99,0.9762048784,0.99,1.0,0.8992,0.99,-0.0,1790201400,999,29,1790201671,-0.0,0.32,1.28
-0.0,-6.0,0.26,Down,True,238.0,0.99,0.94,0.95,0.151,0.3314,0.99,1.07,1790203800,999,28,1790204072,-0.0,0.31,-0.44
-0.0,-9.9,0.52,Down,True,76.0,0.999,0.9280788178,0.95,0.0741,0.263,0.999,1.21,1790204400,999,26,1790204674,-0.0,0.363,-0.63
-0.0,14.8,1.4,Down,True,31.0,0.99,0.99,0.99,1.0,0.9973,0.99,2.2,1790205600,7400.0,29,1790205871,-0.0,0.117,2.78
1.25,8.7,0.53,Up,True,320.0,0.99,0.97,0.98,0.9806,0.8047,0.99,0.47,1790206200,999,29,1790206471,0.0,0.222,0.86
0.0,0.2,0.04,Down,True,765.0,0.99,0.94999962,0.95,0.5209,0.5093,0.99,-0.0,1790207700,999,28,1790207972,-0.0,0.215,0.02
0.5,21.3,-1.71,Down,True,47.0,0.99,0.99,0.99,1.0,0.9149,0.99,-0.71,1790209500,999,22,1790209778,7.54,0.392,1.37
0.52,26.4,0.64,Down,True,100.0,0.99,0.99,0.99,1.0,0.9117,0.99,-0.0,1790211600,999,29,1790211871,1.2,0.431,1.35
-1.65,7.3,-1.57,Up,True,264.0,0.99,0.8588060444,0.98,1.0,0.7729,0.99,-2.06,1790212200,3.9,29,1790212471,-1.9,0.215,0.75
0.35,16.1,0.01,Up,True,428.0,0.999,0.9444455371,0.95,1.0,0.8241,0.999,-0.26,1790212500,999,23,1790212777,0.0,0.427,0.93
1.0,31.7,1.15,Up,True,1007.0,0.99,0.965940019,0.97,0.9961,0.9549,0.99,0.31,1790212800,999,29,1790213071,0.0,0.411,1.69
0.0,5.8,2.01,Up,True,302.0,0.99,0.24185,0.95,0.4875,0.7201,0.99,1.23,1790217300,999,17,1790217583,0.0,0.288,0.58
0.0,13.4,1.17,Up,True,160.0,0.99,0.97,0.98,0.9997,0.8672,0.99,0.69,1790218200,6700.0,29,1790218471,-0.0,0.265,1.11
-0.0,13.2,-0.81,Up,True,355.0,0.99,0.8396207512,0.95,0.7653,0.9605,0.99,2.07,1790218500,999,29,1790218771,0.0,0.166,1.76
-1.16,8.2,-0.0,Down,True,43.0,0.99,0.42000001340000004,0.96,0.0023,0.7601,0.61,0.42,1790222100,5.1,28,1790222372,-1.6,0.26,0.71
1.38,27.6,1.16,Down,True,258.0,0.99,0.99,0.99,0.4787,0.9155,0.99,0.9,1790223300,999,30,1790223570,1.16,0.436,1.38
1.92,17.6,1.78,Down,True,100.0,0.99,0.8818181893,0.95,1.0,0.9557,0.99,3.35,1790227200,999,28,1790227472,2.0,0.232,1.7
-0.94,4.6,-1.74,Up,True,93.0,0.99,0.95,0.95,0.7871,0.6612,0.99,-0.98,1790227500,11.5,30,1790227770,-0.4,0.24,0.42
0.0,12.5,0.38,Up,True,47.0,0.99,0.94,0.96,0.2673,0.8163,0.99,0.0,1790229000,999,30,1790229270,0.0,0.301,0.9
-0.9,12.6,-0.55,Up,True,190.0,0.99,0.9,0.9599999693,1.0,0.7452,0.99,-0.74,1790229600,999,24,1790229876,0.0,0.464,0.66
-0.0,20.5,0.02,Up,True,41.0,0.99,0.99,0.99,0.9843,0.9314,0.99,-0.35,1790230200,10250.0,30,1790230470,-0.0,0.3,1.49
-0.35,7.2,-0.31,Down,True,187.0,0.99,0.7700000483,0.99,0.0001,0.7104,0.99,-0.31,1790231400,13.5,30,1790231670,-0.53,0.282,0.55
0.0,23.7,-0.04,Up,True,226.0,0.99,0.96,0.96,1.0,0.9793,0.99,0.0,1790231700,999,30,1790231970,0.0,0.252,2.04
-0.0,14.4,-0.75,Up,True,116.0,0.99,0.78,0.95,1.0,0.9496,0.99,-0.41,1790232000,7200.0,30,1790232270,-0.0,0.19,1.64
-0.0,4.4,0.0,Up,True,124.0,0.99,0.9700000001,0.98,0.1058,0.6957,0.99,0.42,1790232900,999,30,1790233170,0.0,0.186,0.51
-0.0,26.8,-0.94,Down,True,401.0,0.99,0.98,0.99,0.5663,0.9795,0.99,-1.83,1790233800,999,30,1790234070,-0.0,0.285,2.04
0.99,4.9,0.68,Up,True,310.0,0.99,0.96,0.98,0.8733,0.6795,0.99,-0.36,1790234400,999,30,1790234670,0.8,0.228,0.47
1.16,26.7,0.31,Up,True,53.0,0.99,0.99,0.9899999975,0.9807,0.8399,0.99,0.3,1790236800,999,30,1790237070,3.35,0.58,0.99
-1.64,-16.2,-2.18,Up,False,65.0,0.99,0.5235206114,0.97,0.0,0.3399,0.97,-0.7,1790238600,-2.1,28,1790238872,-7.6,0.884,-0.41
1.45,37.3,0.56,Down,True,100.0,0.99,0.97,0.99,1.0,0.8856,0.99,1.18,1790245200,999,30,1790245470,3.02,0.679,1.2
0.37,12.9,0.25,Up,True,100.0,0.99,0.98,0.98,0.9881,0.6983,0.99,0.77,1790245800,999,30,1790246070,0.0,0.543,0.52
0.0,-13.0,0.0,Up,True,187.0,0.99,0.9567685714,0.95,0.1007,0.1213,0.99,0.4,1790247300,999,13,1790247587,0.0,0.371,-1.17
1.34,28.3,1.03,Down,True,97.0,0.99,0.96,0.98,0.9945,0.89,0.99,0.34,1790248500,999,30,1790248770,1.67,0.505,1.23
-1.43,4.0,-0.55,Up,True,83.0,0.99,0.99,0.99,1.0,0.6617,0.99,-0.46,1790248800,999,30,1790249070,0.0,0.211,0.42
0.0,4.3,-0.0,Down,True,267.0,0.99,0.98,0.99,0.795,0.632,0.99,0.36,1790250300,999,30,1790250570,-0.0,0.279,0.34
-0.0,17.4,0.0,Up,True,324.0,0.99,0.8681092221,0.95,0.7111,0.765,0.99,0.0,1790250600,8700.0,23,1790250877,-0.0,0.602,0.72
-0.96,7.5,-1.48,Down,True,400.0,0.99,0.32999999999999996,0.95,0.0544,0.6594,0.33,-0.73,1790251800,18.8,27,1790252073,-0.4,0.419,0.41
-0.47,0.7,-0.03,Up,True,28.0,0.99,0.9,0.95,0.7274,0.5148,0.99,0.37,1790252100,0.7,27,1790252373,-1.03,0.414,0.04
-1.51,-0.1,0.07,Down,True,285.0,0.99,0.85,0.98,0.9726,0.4982,0.99,-0.35,1790253300,-0.0,29,1790253571,-2.71,0.339,-0.0
-0.0,19.9,-0.0,Down,True,1963.0,0.99,0.98,0.99,0.9989,0.9952,0.98,0.38,1790253900,999,7,1790254193,-0.0,0.348,2.59
-0.16,6.3,-0.76,Down,True,48.0,0.99,0.95,0.96,1.0,0.6186,0.99,-0.63,1790255100,3150.0,25,1790255375,-0.0,0.498,0.3
-0.52,21.5,0.02,Down,True,75.0,0.99,0.99,0.99,1.0,0.8402,0.99,-0.0,1790256300,999,30,1790256570,0.24,0.472,1.0
0.1,47.6,0.01,Down,True,187.0,0.99,0.98,0.99,1.0,0.8729,0.99,-0.0,1790257500,999,29,1790257771,2.88,0.923,1.14
0.57,39.0,0.22,Up,True,1945.0,0.99,0.8611570305,0.95,1.0,0.8627,0.99,0.23,1790257800,3900.0,29,1790258071,-0.01,0.79,1.09
1.77,41.6,1.68,Down,True,165.0,0.99,0.99,0.99,0.9993,0.8978,0.99,0.48,1790258400,999,29,1790258671,4.0,0.723,1.27
1.32,8.9,2.0,Up,True,100.0,0.99,0.9516054056,0.9599998604,0.915,0.6539,0.99,2.4,1790262600,999,12,1790262888,2.85,0.771,0.4
0.89,-9.6,0.91,Up,True,96.0,0.99,0.99,0.98,0.0447,0.3125,0.99,0.85,1790265300,999,30,1790265570,2.0,0.423,-0.49
-0.98,37.2,-0.73,Down,True,85.0,0.99,0.8899974176,0.96,1.0,0.961,0.99,-1.29,1790265900,23.2,30,1790266170,-1.6,0.457,1.76
1.49,75.7,1.02,Down,True,279.0,0.999,0.96,0.97,1.0,0.9784,0.999,0.61,1790268000,999,30,1790268270,3.49,0.808,2.02
-0.67,14.5,-1.42,Up,True,58.0,0.99,0.98,0.98,0.9471,0.68,0.99,-1.02,1790268300,6.0,30,1790268570,-2.4,0.671,0.47
-0.33,14.9,-0.47,Up,True,230.0,0.99,0.9100000072,0.9699998448,0.9999,0.7389,0.99,0.0,1790269500,16.8,30,1790269770,-0.89,0.505,0.64
-0.32,-5.3,-0.56,Down,True,26.0,0.99,0.9,0.96,0.364,0.4298,0.99,-0.0,1790269800,-4.8,30,1790270070,-1.09,0.643,-0.18
2.01,19.0,1.35,Up,True,100.0,0.99,0.95,0.95,0.9993,0.89,0.99,0.62,1790274000,999,28,1790274272,3.72,0.347,1.23
-1.64,3.9,-0.68,Down,True,100.0,0.99,0.92,0.95,0.7643,0.6068,0.99,-0.95,1790275500,999,30,1790275770,-0.0,0.309,0.27
-0.56,7.2,-0.11,Up,True,87.0,0.99,0.9700000006,0.98,0.9999,0.6147,0.99,-0.51,1790275800,3600.0,30,1790276070,-0.0,0.534,0.29
0.9,23.4,0.28,Down,True,222.0,0.99,0.7495565134,0.99,0.9701,0.8796,0.99,-0.57,1790280300,999,30,1790280570,-0.0,0.431,1.17
0.67,12.5,0.61,Up,True,211.0,0.99,0.9700000001,0.9737826668,0.6754,0.717,0.99,0.27,1790280900,999,30,1790281170,0.38,0.472,0.57
-0.0,15.6,-0.02,Down,True,100.0,0.99,0.98,0.99,0.9995,0.8515,0.99,0.59,1790283600,999,30,1790283870,-0.0,0.324,1.04
-0.0,17.1,-1.1,Up,True,230.0,0.99,0.97,0.99,0.732,0.8952,0.99,-0.71,1790283900,999,30,1790284170,0.0,0.295,1.25
0.72,10.5,0.03,Down,True,250.0,0.99,0.96,0.97,0.9961,0.8614,0.99,0.44,1790284200,999,30,1790284470,0.8,0.209,1.09
-0.0,5.2,0.04,Down,True,79.0,0.99,0.9399999624,0.95,0.9111,0.7267,0.99,0.46,1790284800,999,25,1790285075,0.0,0.205,0.6
0.0,11.6,-0.15,Up,True,100.0,0.99,0.9389312977,0.95,1.0,0.9816,0.99,0.0,1790285100,999,30,1790285370,0.0,0.121,2.09
-0.0,-3.0,0.05,Down,True,82.0,0.99,0.73,0.95,1.0,0.2555,0.99,-0.45,1790286600,999,25,1790286875,-0.0,0.107,-0.66
-1.17,0.1,-1.43,Up,True,65.0,0.99,0.8200000144,0.9699999981,0.9979,0.5013,0.99,-0.89,1790287200,0.0,30,1790287470,-2.8,0.446,0.0
-1.66,0.2,-2.22,Up,True,318.0,0.99,0.3899999721,0.9572881356,0.5223,0.5109,0.99,-1.65,1790287800,999,25,1790288075,0.15,0.211,0.03
0.95,35.9,0.21,Up,True,100.0,0.99,0.98,0.99,1.0,0.883,0.99,0.61,1790288400,999,30,1790288670,3.33,0.656,1.19
0.74,8.2,0.9,Up,True,80.0,0.99,0.92,0.96,1.0,0.738,0.99,0.41,1790289600,999,30,1790289870,1.09,0.278,0.64
0.0,13.8,0.0,Up,True,108.0,0.99,0.97,0.98,1.0,0.9798,0.99,0.52,1790290200,999,30,1790290470,0.0,0.146,2.05
0.0,22.0,0.83,Up,True,253.0,0.99,0.99,0.99,1.0,0.9905,0.99,0.0,1790290500,999,30,1790290770,0.0,0.203,2.34
0.0,7.6,0.37,Up,True,46.0,0.99,0.94999962,0.96,0.9985,0.8881,0.99,-0.31,1790292600,999,30,1790292870,0.0,0.135,1.22
0.0,7.6,0.06,Up,True,30.0,0.99,0.95,0.95,0.0,0.831,0.99,0.0,1790293800,999,30,1790294070,0.0,0.173,0.96
-0.31,2.8,0.0,Up,True,64.0,0.99,0.93,0.95,0.7596,0.6237,0.99,0.0,1790294100,8.0,25,1790294375,-0.35,0.213,0.32
-0.07,12.6,-0.21,Down,True,202.0,0.99,0.9018705918,0.96,0.3525,0.7058,0.99,-0.0,1790296500,999,25,1790296775,-0.0,0.552,0.54
-0.0,4.9,-0.02,Up,True,111.0,0.99,0.96,0.97,0.3246,0.6085,0.99,-0.24,1790296800,999,30,1790297070,0.0,0.386,0.28
1.65,28.5,1.85,Up,True,380.0,0.99,0.99,0.99,1.0,0.9738,0.99,1.87,1790297100,999,30,1790297370,1.44,0.317,1.94
1.09,23.3,0.0,Up,True,160.0,0.99,0.99,0.99,1.0,0.9663,0.99,0.0,1790297400,999,30,1790297670,0.0,0.275,1.83
0.0,-0.8,0.68,Up,True,57.0,0.99,0.96,0.95,0.0126,0.4765,0.99,0.28,1790298600,999,22,1790298878,0.0,0.339,-0.06
-0.0,-6.2,0.0,Up,True,393.0,0.99,0.8811881193,0.95,0.1789,0.2977,0.99,0.34,1790301000,-3100.0,15,1790301285,-0.0,0.357,-0.53
-0.0,9.8,0.03,Down,True,93.0,0.99,0.9443346008,0.99,0.0763,0.6499,0.99,0.31,1790301900,4900.0,30,1790302170,-0.0,0.549,0.39
0.0,18.8,0.4,Up,True,234.0,0.99,0.99,0.99,0.2463,0.7631,0.99,0.78,1790302500,999,30,1790302770,0.0,0.565,0.72
-0.0,29.9,0.77,Down,True,1000.0,0.99,0.96,0.98,1.0,0.9323,0.99,0.26,1790303400,999,30,1790303670,-0.0,0.432,1.49
-0.0,18.1,-0.02,Down,True,100.0,0.99,0.97,0.98,0.9868,0.7637,0.99,-0.49,1790304900,9050.0,30,1790305170,-0.0,0.546,0.72
0.0,9.4,-0.25,Up,True,133.0,0.99,0.98,0.95,1.0,0.7325,0.99,-0.31,1790305200,999,30,1790305470,0.0,0.328,0.62
-1.16,8.5,-1.77,Up,True,44.0,0.99,0.9699999965,0.97,0.8227,0.7622,0.99,0.0,1790306400,10.6,30,1790306670,-0.8,0.259,0.71
0.0,16.4,0.36,Down,True,776.0,0.99,0.9637209598,0.98,0.9396,0.7369,0.99,0.29,1790308200,999,30,1790308470,-0.0,0.561,0.63
0.0,3.1,0.12,Up,True,136.0,0.99,0.96,0.9699999951,0.9135,0.711,0.99,0.0,1790310300,1550.0,30,1790310570,-0.0,0.123,0.56
-0.01,11.3,0.81,Down,True,25.0,0.99,0.99,0.99,0.9995,0.9092,0.99,1.01,1790313000,999,30,1790313270,-0.0,0.184,1.34
0.0,3.3,-0.05,Up,True,50.0,0.99,0.96,0.96,0.195,0.5816,0.99,-0.27,1790313300,999,30,1790313570,0.0,0.351,0.21
1.81,20.5,1.13,Down,True,122.0,0.99,0.9700000001,0.99,0.9982,0.9699,0.99,1.51,1790314200,999,12,1790314488,3.6,0.374,1.88
0.18,2.5,0.04,Down,True,220.0,0.99,0.95,0.96,0.7231,0.6302,0.99,-0.0,1790316000,999,16,1790316284,0.0,0.226,0.33
0.0,8.3,0.2,Up,False,935.0,0.99,0.01,0.95,0.0,0.8325,0.99,-0.46,1790316300,999,28,1790316572,0.0,0.193,0.96
0.0,3.5,0.0,Up,True,1500.0,0.99,0.763422,0.9759054256,0.0703,0.6097,0.99,0.39,1790318700,999,30,1790318970,0.0,0.27,0.28
-0.0,10.7,-0.02,Up,True,200.0,0.99,0.94,0.9799991964,0.881,0.6848,0.99,-0.73,1790320200,5350.0,30,1790320470,-0.0,0.482,0.48
-0.45,4.7,0.7,Down,True,20.0,0.99,0.99,0.988019998,0.9895,0.5747,0.99,-0.38,1790323500,999,30,1790323770,0.0,0.547,0.19
-1.48,3.9,-2.28,Up,True,245.0,0.99,0.9299999941,0.9699999961,0.4209,0.5791,0.99,-1.71,1790323800,3.0,24,1790324076,-1.31,0.478,0.2
0.41,14.0,-0.02,Down,True,187.0,0.999,0.87575,0.95,0.6756,0.7919,0.95,-0.0,1790327700,999,21,1790327979,-0.0,0.444,0.81
-0.0,18.3,1.13,Down,True,22.0,0.99,0.99,0.99,0.9998,0.929,0.99,0.43,1790329500,999,30,1790329770,-0.0,0.269,1.47
-0.0,9.2,-0.17,Down,True,100.0,0.99,0.9400000012,0.95,1.0,0.8234,0.99,-1.02,1790330100,4600.0,28,1790330372,-0.0,0.222,0.93
0.64,5.4,1.2,Down,True,400.0,0.99,0.9488063441,0.99,0.9717,0.6121,0.99,0.86,1790332200,999,22,1790332478,2.04,0.477,0.28
0.0,-19.5,1.85,Up,True,200.0,0.99,0.9100000062,0.95,0.0196,0.013,0.99,-0.55,1790333100,-9750.0,18,1790333382,-0.0,0.244,-2.23
-2.2,-16.3,-1.51,Up,True,58.0,0.99,0.6492840531999999,0.98,0.0545,0.2566,0.99,-0.15,1790336100,-3.7,30,1790336370,-4.39,0.536,-0.65
-0.0,19.0,-4.38,Down,True,200.0,0.99,0.98,0.99,1.0,0.9113,0.99,-1.25,1790337300,999,30,1790337570,-0.0,0.304,1.35
0.8,23.0,0.8,Up,True,14.0,0.99,0.98,0.99,0.9989,0.9021,0.99,0.44,1790337900,999,28,1790338172,1.69,0.397,1.29
1.41,37.0,1.39,Down,True,300.0,0.99,0.9400000004,0.95,0.9835,0.8145,0.99,0.87,1790340300,999,21,1790340579,8.06,1.068,0.89
0.0,12.6,-0.02,Up,True,300.0,0.99,0.955,0.96,0.9936,0.7149,0.99,-0.44,1790340600,999,30,1790340870,0.0,0.482,0.57
-0.0,21.3,-0.16,Down,True,100.0,0.99,0.98,0.99,0.8844,0.7894,0.99,-0.65,1790341200,5325.0,30,1790341470,-0.0,0.573,0.8
-0.96,18.9,-1.63,Down,True,671.0,0.99,0.98,0.99,0.9937,0.8444,0.99,-1.32,1790341500,55.9,25,1790341775,-0.34,0.443,1.01
1.34,68.0,1.02,Up,True,500.0,0.99,0.9120590355,0.95,1.0,0.923,0.99,1.1,1790345700,999,30,1790345970,2.93,1.042,1.43
-0.09,32.5,-0.33,Up,True,44.0,0.99,0.818692,0.99,0.8379,0.7993,0.99,-0.63,1790350200,81.2,30,1790350470,-0.4,0.843,0.84
2.27,43.2,2.09,Up,True,960.0,0.99,0.9299999999999999,0.9599996928,0.9995,0.9657,0.99,1.96,1790352300,999,15,1790352585,1.83,0.73,1.82
-0.2,5.8,-0.22,Up,True,50.0,0.99,0.9399999624,0.95,1.0,0.595,0.99,-0.36,1790352600,9.8,28,1790352872,-0.59,0.547,0.24
0.0,13.3,0.03,Up,True,75.0,0.99,0.99,0.99,0.9785,0.7957,0.99,0.0,1790356200,999,30,1790356470,0.0,0.349,0.83
4.41,32.6,4.44,Down,True,117.0,0.99,0.8532,0.97,1.0,0.9995,0.99,3.5,1790356500,999,22,1790356778,5.85,0.25,3.31
-0.23,10.0,0.03,Up,True,32.0,0.99,0.9499998931,0.95,0.9968,0.6323,0.99,0.19,1790357400,56.2,30,1790357670,-0.18,0.643,0.34
1.08,15.1,1.23,Down,True,168.0,0.99,0.9252401747,0.96,0.9981,0.893,0.99,-0.0,1790361900,999,27,1790362173,1.6,0.279,1.24
0.0,3.6,-0.03,Up,True,500.0,0.99,0.95,0.95,0.7476,0.595,0.99,0.0,1790365800,1800.0,28,1790366072,-0.0,0.336,0.24
-0.0,8.5,-0.63,Down,True,134.0,0.99,0.98,0.9871758864,0.999,0.8959,0.99,-0.61,1790366700,999,30,1790366970,-0.0,0.147,1.26
-3.2,-13.6,-2.74,Up,False,108.0,0.98,0.01,0.95,0.0,0.0632,0.01,-2.17,1790370600,-4.1,30,1790370870,-3.29,0.194,-1.53
8.41,15.2,2.6,Up,True,173.0,0.99,0.96,0.9699999961,1.0,1.0,0.99,0.97,1790371800,999,30,1790372070,2.6,0.082,4.04
0.0,14.0,0.86,Up,True,603.0,0.99,0.99,0.99,0.993,0.7822,0.99,0.97,1790372100,999,30,1790372370,0.0,0.39,0.78
0.0,11.1,0.03,Up,True,38.0,0.99,0.98,0.99,1.0,0.9152,0.99,1.22,1790372400,999,30,1790372670,0.0,0.176,1.37
-0.0,1.9,0.04,Down,True,300.0,0.99,0.96,0.9744185249,0.7192,0.5937,0.99,0.52,1790373000,999,30,1790373270,0.0,0.174,0.24
0.0,2.7,0.27,Up,True,100.0,0.99,0.97,0.97,0.9781,0.5944,0.99,-0.26,1790376000,999,30,1790376270,0.0,0.25,0.24
-0.01,2.0,-0.05,Up,True,20.0,0.99,0.94,0.96,0.9363,0.7332,0.99,-1.05,1790377500,1000.0,30,1790377770,-0.0,0.071,0.62
0.0,2.1,-0.11,Up,True,30.0,0.999,0.98,0.99,0.8649,0.6737,0.999,-1.65,1790378100,999,30,1790378370,0.0,0.099,0.45
-0.0,10.0,-0.05,Down,True,132.0,0.99,0.97,0.98,1.0,0.8367,0.99,-1.7,1790379000,5000.0,30,1790379270,-0.0,0.221,0.98
0.0,4.8,0.0,Up,True,82.0,0.99,0.9400000128,0.98,0.9998,0.9261,0.99,0.41,1790379300,2400.0,30,1790379570,-0.0,0.072,1.45
-0.0,7.8,-0.0,Down,True,54.0,0.99,0.98,0.99,1.0,0.997,0.99,-0.96,1790379600,3900.0,30,1790379870,-0.0,0.062,2.74
0.0,1.7,0.0,Up,True,100.0,0.99,0.94,0.95,1.0,1.0,0.99,0.0,1790379900,999,24,1790380176,0.0,0.001,57.09
-0.0,12.5,-0.0,Down,True,93.0,0.99,0.98,0.99,1.0,0.899,0.99,0.45,1790381400,999,30,1790381670,-0.0,0.213,1.28
-0.0,8.1,-0.0,Down,True,100.0,0.99,0.94,0.98,0.0093,0.879,0.99,-1.54,1790383500,4050.0,30,1790383770,-0.0,0.15,1.17
0.0,11.0,-1.25,Up,True,100.0,0.99,0.97,0.98,0.8586,0.88,0.99,-1.02,1790383800,5500.0,30,1790384070,-0.0,0.204,1.18
-0.0,1.7,-0.12,Down,True,37.0,0.99,0.97,0.98,0.5974,0.542,0.99,-0.66,1790385000,999,27,1790385273,-0.0,0.368,0.11
-0.3,7.2,-0.36,Up,True,300.0,0.99,0.9397721311,0.95,0.6031,0.7838,0.99,0.0,1790385600,999,19,1790385881,0.0,0.251,0.79
-0.0,9.1,0.0,Up,True,42.0,0.99,0.98,0.99,0.9413,0.7385,0.99,-0.8,1790386800,4550.0,30,1790387070,-0.0,0.311,0.64
-0.0,0.4,-0.04,Down,True,44.0,0.99,0.9687471389,0.98,0.549,0.5195,0.99,-0.85,1790387100,200.0,30,1790387370,-0.0,0.157,0.05
-0.0,3.6,-0.05,Down,True,144.0,0.99,0.95,0.96,0.9487,0.748,0.99,-0.59,1790387700,999,30,1790387970,-0.0,0.117,0.67
0.0,-0.9,0.0,Up,True,204.0,0.99,0.94,0.95,0.6002,0.4505,0.99,-0.29,1790388300,999,21,1790388579,0.0,0.183,-0.12
0.0,-2.6,2.43,Up,True,935.0,0.99,0.92,0.95,0.0863,0.2238,0.99,3.78,1790392500,999,16,1790392784,0.0,0.1,-0.76
0.0,3.9,-0.0,Down,True,50.0,0.99,0.9744342914,0.99,1.0,0.714,0.99,0.3,1790393400,999,30,1790393670,-0.0,0.152,0.57
-0.0,13.8,0.0,Up,True,150.0,0.99,0.97,0.98,0.9998,0.9519,0.99,0.0,1790393700,999,22,1790393978,0.0,0.21,1.66
-0.0,1.2,0.0,Up,True,25.0,0.99,0.879629631,0.98,0.7308,0.5945,0.99,-0.25,1790394600,600.0,30,1790394870,-0.0,0.108,0.24
-0.0,12.4,-0.14,Down,True,203.0,0.99,0.9158027813,0.95,1.0,1.0,0.99,-0.0,1790394900,999,27,1790395173,0.0,0.058,4.87
0.0,1.8,-0.04,Up,True,157.0,0.99,0.9095318511,0.95,0.6532,0.5639,0.99,0.0,1790397300,999,30,1790397570,0.0,0.247,0.16
4.66,24.5,6.43,Up,True,50.0,0.99,0.99,0.99,1.0,0.9998,0.99,0.58,1790397900,999,30,1790398170,3.68,0.149,3.59
0.0,-0.1,0.0,Up,True,278.0,0.99,0.94,0.95,0.4857,0.4948,0.99,0.0,1790398200,999,30,1790398470,0.0,0.131,-0.01
-0.0,4.3,-0.0,Down,True,93.0,0.99,0.9470707098,0.96,0.9991,0.933,0.98,0.52,1790401200,999,22,1790401478,0.0,0.072,1.5
-0.0,-0.6,-0.88,Up,True,191.0,0.99,0.94,0.95,0.3971,0.4553,0.99,0.0,1790402100,999,27,1790402373,0.0,0.13,-0.11
-0.0,6.9,0.38,Up,True,42.0,0.99,0.98,0.99,1.0,0.7181,0.99,0.69,1790402700,999,30,1790402970,0.0,0.259,0.58
0.0,9.4,-0.05,Down,True,56.0,0.99,0.9799999822,0.99,0.1653,0.9243,0.99,0.3,1790403300,999,30,1790403570,0.0,0.143,1.43
-2.66,-2.8,-1.58,Up,True,14.0,0.99,0.97,0.95,0.0,0.3393,0.99,-0.35,1790404200,-1.4,30,1790404470,-2.05,0.145,-0.41
-0.0,9.3,0.04,Down,True,22.0,0.99,0.98,0.99,1.0,0.9519,0.99,-0.0,1790404800,999,30,1790405070,-0.0,0.122,1.66
0.0,16.3,-0.05,Up,True,250.0,0.99,0.96,0.9699999943,1.0,0.974,0.99,0.0,1790406900,999,30,1790407170,0.0,0.182,1.94
0.0,11.3,0.16,Up,True,100.0,0.99,0.97,0.98,1.0,0.9968,0.99,0.48,1790407200,999,30,1790407470,0.0,0.091,2.72
0.44,2.8,0.0,Up,True,39.0,0.99,0.9430383352,0.95,1.0,1.0,0.99,0.0,1790407800,999,30,1790408070,0.0,0.001,72.09
-0.0,2.6,-0.2,Down,True,100.0,0.999,0.9462864865,0.967,0.8688,0.6763,0.999,0.42,1790408400,999,30,1790408670,-0.0,0.123,0.46
-0.0,11.2,0.1,Up,True,300.0,0.99,0.9125881256,0.98,1.0,0.9707,0.99,0.52,1790409900,999,30,1790410170,0.0,0.129,1.89
-0.0,6.3,-0.11,Down,True,25.0,0.99,0.99,0.99,1.0,1.0,0.99,0.51,1790410800,999,30,1790411070,-0.0,0.027,5.02
-0.0,4.3,-0.0,Down,True,20.0,0.99,0.99,0.99,0.9963,0.8623,0.99,0.5,1790412600,2150.0,30,1790412870,-0.0,0.086,1.09
-0.0,14.4,-0.56,Down,True,21.0,0.999,0.9708689764,0.98,0.8596,0.839,0.999,-0.21,1790414100,999,30,1790414370,-0.0,0.316,0.99
-1.83,7.5,-0.48,Down,False,305.0,0.9411764706,0.010000000000000009,0.98,0.0511,0.7445,0.01,-0.36,1790414700,3.1,30,1790414970,-2.41,0.249,0.66
0.01,11.8,-0.52,Down,True,73.0,0.99,0.97,0.98,1.0,0.9999,0.99,-1.63,1790415600,999,30,1790415870,-0.0,0.067,3.81
0.0,13.5,-0.07,Down,True,40.0,0.99,0.96,0.97,0.9949,0.9732,0.99,-0.0,1790416500,999,30,1790416770,0.0,0.152,1.93
-0.0,7.6,-0.0,Down,True,200.0,0.99,0.93,0.96,,0.9778,,-0.39,1790418000,999,4,1790418296,0.0,0.224,2.01
5.49,14.4,-0.87,Down,True,100.0,0.99,0.97,0.99,1.0,0.9998,0.99,-0.0,1790418600,999,30,1790418870,2.55,0.087,3.58
0.01,10.6,0.05,Down,True,24.0,0.99,0.8,0.99,0.0001,1.0,0.99,-0.47,1790418900,999,30,1790419170,0.0,0.056,4.12
0.33,3.0,0.0,Up,True,48.0,0.99,0.99,0.99,0.9999,0.6196,0.99,0.8,1790419200,999,30,1790419470,0.0,0.212,0.3
-0.0,6.1,0.31,Up,True,19.0,0.99,0.99,0.99,0.996,0.8604,0.99,0.0,1790419500,999,30,1790419770,0.0,0.122,1.08
0.0,2.9,-0.04,Down,True,200.0,0.99,0.939999812,0.97,0.9996,0.7151,0.99,0.33,1790419800,999,27,1790420073,0.0,0.118,0.57
0.0,8.7,0.19,Up,True,62.0,0.99,0.98,0.98,0.9689,0.7768,0.99,0.28,1790420700,4350.0,30,1790420970,-0.0,0.247,0.76
-0.0,6.3,-0.1,Down,True,10.0,0.99,0.99,0.99,1.0,0.984,0.99,-0.0,1790423700,3150.0,30,1790423970,-0.0,0.063,2.15
0.0,7.1,0.0,Up,True,93.0,0.99,0.9499999974,0.95,0.9545,0.7552,0.99,0.0,1790427600,999,30,1790427870,0.0,0.224,0.69
-0.0,4.8,0.06,Down,True,1263.0,0.99,0.31999999999999995,0.95,0.1086,0.7486,0.9,-0.0,1790429400,999,22,1790429678,0.0,0.183,0.67
0.0,17.2,-0.0,Down,True,1084.0,0.99,0.89,0.98,1.0,0.9994,0.99,-0.52,1790430000,999,30,1790430270,0.0,0.116,3.23
-0.01,6.7,-2.53,Down,True,412.0,0.99,0.69,0.9571825765,0.8988,0.7049,0.975,-0.68,1790430900,670.0,28,1790431172,-0.01,0.28,0.54
3.88,9.1,0.71,Up,True,1000.0,0.99,0.8534997871,0.9549510604,1.0,0.8529,0.99,1.22,1790431200,999,30,1790431470,0.0,0.189,1.05
-0.0,3.0,0.0,Up,True,589.0,0.99,0.99,0.99,0.8509,0.664,0.99,0.63,1790432100,1500.0,30,1790432370,-0.0,0.153,0.42
0.0,1.4,-0.14,Up,True,13.0,0.99,0.97,0.98,1.0,0.6759,0.99,0.0,1790432700,999,30,1790432970,0.0,0.065,0.46
-0.0,6.5,4.31,Down,True,1620.0,0.99,0.051767218099999956,0.98,1.0,0.9481,0.96,1.85,1790433300,3250.0,30,1790433570,-0.0,0.086,1.63
0.0,4.6,2.39,Up,True,115.0,0.99,0.97,0.98,0.9981,0.7248,0.99,0.37,1790433600,999,30,1790433870,0.0,0.169,0.6
-0.0,2.3,0.0,Up,True,100.0,0.99,0.968474037,0.98,0.915,0.7115,0.99,0.0,1790433900,999,30,1790434170,0.0,0.089,0.56
-0.0,11.8,-2.52,Down,True,35.0,0.99,0.99,0.99,1.0,0.9942,0.99,-0.42,1790435100,999,30,1790435370,-0.0,0.102,2.52
0.0,-3.4,-0.11,Up,True,244.0,0.99,0.92,0.95,,0.0191,,0.0,1790435400,-1700.0,4,1790435696,-0.0,0.098,-2.07
0.0,10.7,0.0,Up,True,150.0,0.99,0.9616110761,0.9699999588,0.9999,0.9344,0.99,1.63,1790436000,999,30,1790436270,0.0,0.154,1.51
-0.0,2.7,-0.05,Down,True,36.0,0.99,0.99,0.99,0.7248,0.5963,0.99,-0.77,1790438400,999,30,1790438670,-0.0,0.241,0.24
0.0,7.5,0.0,Up,True,17.0,0.99,0.98,0.98,1.0,1.0,0.99,0.0,1790438700,3750.0,30,1790438970,-0.0,0.001,200.93
-0.0,3.0,-0.0,Down,True,31.0,0.999,0.98,0.98,0.9072,0.7055,0.999,1.09,1790439900,999,30,1790440170,-0.0,0.122,0.54
-0.01,0.3,2.93,Down,True,54.0,0.99,0.8871653991,0.96,0.748,0.6097,0.97,2.65,1790440800,999,27,1790441073,-0.0,0.026,0.28
0.0,3.9,-0.0,Down,True,52.0,0.99,0.97,0.99,0.778,0.6224,0.99,-0.0,1790441700,999,30,1790441970,-0.0,0.274,0.31
0.0,11.4,-0.0,Down,True,34.0,0.99,0.9,0.99,0.9125,0.8497,0.99,-0.0,1790442300,999,30,1790442570,0.0,0.24,1.04
0.0,4.1,0.0,Up,True,353.0,0.99,0.9526370436,0.98,0.9427,0.7481,0.99,0.0,1790442600,999,28,1790442872,0.0,0.136,0.67
0.47,3.3,2.48,Down,True,25.0,0.99,0.96,0.97,1.0,1.0,0.99,1.42,1790446200,999,30,1790446470,-0.0,0.001,90.63
-2.11,4.7,-2.92,Up,True,124.0,0.99,0.6,0.9799996766,0.0,0.9992,0.99,-0.98,1790447400,13.1,30,1790447670,-0.36,0.032,3.15
-0.57,3.0,-0.22,Down,True,21.0,0.99,0.9300000003,0.9799999167,0.7257,0.5964,0.99,-0.0,1790448300,3.7,30,1790448570,-0.8,0.264,0.24
-0.47,-0.4,0.13,Down,True,31.0,0.99,0.94,0.97,0.0,0.0,0.98,-0.0,1790448900,999,25,1790449175,-0.0,0.001,-11.4
0.0,2.3,2.3,Up,True,78.0,0.99,0.979999951,0.98,0.9896,0.8261,0.99,0.0,1790450400,999,30,1790450670,0.0,0.054,0.94
0.0,10.3,-0.11,Up,True,43.0,0.99,0.99,0.9809347443,1.0,0.9996,0.99,0.0,1790450700,5150.0,30,1790450970,-0.0,0.067,3.34
-0.52,4.9,0.0,Up,True,16.0,0.99,0.9400000012,0.95,1.0,1.0,0.99,0.0,1790452500,2450.0,30,1790452770,-0.0,0.001,146.93
-0.01,4.9,-0.09,Up,True,250.0,0.99,0.8417878596,0.95,1.0,0.9986,0.99,1.43,1790454000,2450.0,21,1790454279,-0.0,0.042,3.0
0.0,-1.0,0.0,Up,True,96.0,0.99,0.9362,0.9523134967,0.3541,0.4387,0.99,0.26,1790456700,-500.0,30,1790456970,-0.0,0.144,-0.15
-0.0,10.4,0.64,Down,True,100.0,0.99,0.9542892065,0.99,0.9991,0.8371,0.99,0.7,1790458500,999,30,1790458770,-0.0,0.229,0.98
-0.37,0.9,1.74,Down,True,50.0,0.99,0.9576119231,0.97,0.6123,0.5464,0.99,0.54,1790459100,999,30,1790459370,-0.0,0.159,0.12
-0.7,9.2,0.0,Up,True,20.0,0.99,0.88,0.98,0.2306,0.8226,0.99,-0.46,1790460600,11.5,30,1790460870,-0.8,0.214,0.93
0.19,5.7,1.05,Up,True,491.0,0.99,0.99,0.99,0.9986,0.6992,0.99,0.0,1790461200,999,30,1790461470,0.0,0.236,0.52
0.0,3.3,2.34,Up,True,68.0,0.99,0.97,0.98,0.8097,0.6398,0.99,0.63,1790462700,999,30,1790462970,0.0,0.202,0.36
-1.07,5.8,0.34,Up,True,25.0,0.999,0.9971748087,0.9799991964,1.0,0.6618,0.999,0.0,1790464500,999,30,1790464770,0.0,0.303,0.42
4.42,35.8,0.17,Down,True,2439.0,0.99,0.8857946061,0.99,1.0,0.9773,0.99,3.08,1790465700,999,30,1790465970,9.13,0.387,2.0
0.0,8.3,0.08,Up,True,31.0,0.99,0.99,0.99,1.0,0.8984,0.99,0.0,1790466600,999,28,1790466872,0.0,0.147,1.27
0.0,0.7,0.1,Up,True,250.0,0.99,0.94,0.95,1.0,0.5474,0.99,0.0,1790466900,999,22,1790467178,0.0,0.155,0.12
0.0,6.1,0.0,Up,True,122.0,0.99,0.95,0.9599996928,0.9907,0.8316,0.99,-0.89,1790467500,999,30,1790467770,0.0,0.138,0.96
-0.0,1.6,0.09,Down,True,131.0,0.99,0.98,0.99,1.0,0.7427,0.99,-0.0,1790468400,800.0,30,1790468670,-0.0,0.052,0.65
-0.0,0.1,-0.08,Down,True,21.0,0.99,0.98,0.99,0.5256,0.5105,0.99,-0.0,1790468700,999,30,1790468970,-0.0,0.121,0.03
0.0,8.7,0.0,Up,True,150.0,0.99,0.19999999999999996,0.95,0.884,0.8321,0.65,0.81,1790469300,999,27,1790469573,0.0,0.206,0.96
0.0,0.5,0.0,Up,True,124.0,0.99,0.9504375659,0.9699998448,1.0,1.0,0.99,0.0,1790470500,999,30,1790470770,0.0,0.001,16.2
-0.81,0.1,-1.31,Down,False,52.0,0.7360823994,0.010000000000000009,0.95,0.0,0.5057,0.01,-0.69,1790475300,0.1,27,1790475573,-0.81,0.187,0.01
0.0,-3.5,-0.05,Up,True,50.0,0.99,0.92,0.95,0.0653,0.231,0.99,0.0,1790476200,999,21,1790476479,0.0,0.123,-0.74
0.0,4.8,-0.05,Up,True,84.0,0.99,0.98,0.99,0.8663,0.6747,0.99,0.0,1790477400,999,30,1790477670,0.0,0.23,0.45
-0.0,11.2,-0.0,Down,True,187.0,0.99,0.8148667247,0.9799998367,1.0,1.0,0.99,-0.46,1790477700,5600.0,30,1790477970,-0.0,0.058,4.18
-0.0,0.5,-0.05,Up,True,500.0,0.99,0.8236109441,0.9799991964,0.6066,0.5431,0.99,0.0,1790480400,250.0,30,1790480670,-0.0,0.099,0.11
1.84,5.9,0.0,Up,True,500.0,0.99,0.94,0.95,0.998,0.9356,0.99,0.0,1790481000,999,18,1790481282,1.07,0.109,1.52
0.0,5.2,-0.22,Up,True,150.0,0.99,0.8964789783,0.9599996928,0.9529,0.8111,0.99,-0.39,1790482800,2600.0,18,1790483082,-0.0,0.165,0.88
3.2,-3.2,0.4,Up,True,50.0,0.99,0.96,0.97105336,0.8201,0.0017,0.99,0.0,1790484900,999,30,1790485170,0.4,0.024,-2.93
-0.0,-0.7,2.55,Down,True,78.0,0.99,0.96,0.97,0.0,0.0,0.977,0.6,1790486400,-350.0,9,1790486691,-0.0,0.001,-37.14
0.53,-0.9,-0.0,Down,True,150.0,0.99,0.91,0.9599996928,0.0,0.0,0.99,0.66,1790486700,999,28,1790486972,0.0,0.001,-28.63
-0.0,-0.8,-0.0,Down,True,140.0,0.99,0.9062111801,0.95,0.4066,0.4611,0.99,-0.96,1790487900,999,30,1790488170,-0.0,0.178,-0.1
-0.0,10.5,0.04,Up,True,28.0,0.99,0.97,0.98,0.9992,0.8987,0.99,1.53,1790488800,5250.0,30,1790489070,-0.0,0.177,1.27
-0.0,4.2,0.04,Down,True,200.0,0.99,0.9686569503,0.99,0.9735,0.7858,0.99,1.33,1790490900,999,30,1790491170,0.0,0.115,0.79
0.0,-0.7,0.0,Up,True,339.0,0.99,0.9299998419,0.95,0.4437,0.471,0.99,-0.5,1790492100,999,19,1790492381,0.0,0.247,-0.07
-0.0,9.7,0.04,Down,True,25.0,0.99,0.98,0.99,1.0,0.9906,0.99,-0.89,1790492700,999,30,1790492970,-0.0,0.089,2.35
-0.45,9.9,-0.0,Down,True,31.0,0.99,0.9583890747,0.98,1.0,1.0,0.99,-0.54,1790493600,999,30,1790493870,-0.0,0.001,257.51
-0.0,2.1,-0.49,Up,True,31.0,0.99,0.885,0.95,1.0,0.6341,0.99,0.0,1790495100,1050.0,24,1790495376,-0.0,0.149,0.34
0.0,-6.8,-1.02,Up,True,100.0,0.99,0.91,0.95,0.0902,0.257,0.99,-1.11,1790496900,999,21,1790497179,0.0,0.268,-0.65
0.0,11.3,0.0,Up,True,21.0,0.99,0.99,0.9899996832,1.0,0.7968,0.99,-0.22,1790498700,999,30,1790498970,0.0,0.294,0.83
0.0,8.6,0.03,Up,True,25.0,0.99,0.98,0.9799999647,0.8064,0.757,0.99,0.0,1790499300,999,30,1790499570,0.0,0.266,0.7
-0.0,1.6,-0.0,Down,True,142.0,0.99,0.97,0.98,0.7817,0.6202,0.99,-0.39,1790500800,999,30,1790501070,-0.0,0.111,0.31
0.0,2.6,-0.0,Down,True,52.0,0.99,0.92,0.9776910139,0.884,0.5615,0.99,-0.78,1790503200,999,30,1790503470,-0.0,0.355,0.15
-0.0,11.3,0.03,Down,True,236.0,0.99,0.98,0.99,1.0,0.7826,0.99,0.63,1790504400,999,30,1790504670,-0.0,0.31,0.78
0.36,7.8,0.07,Down,True,100.0,0.99,0.99,0.99,0.9998,0.8271,0.99,0.41,1790505300,999,30,1790505570,0.34,0.179,0.94
0.0,6.3,0.0,Up,False,100.0,0.94,0.01,0.95,0.1064,0.7842,0.01,-0.39,1790506800,999,27,1790507073,0.0,0.183,0.79
-0.0,14.1,0.05,Down,True,473.0,0.99,0.96,0.96,0.9999,0.9309,0.99,0.35,1790508900,999,30,1790509170,0.0,0.205,1.48
-0.0,6.6,-0.0,Down,True,96.0,0.99,0.9038003547,0.95,0.9485,0.7586,0.99,0.26,1790510100,3300.0,27,1790510373,-0.0,0.212,0.7
-0.0,4.6,0.0,Up,True,66.0,0.99,0.94999962,0.95,0.9205,0.6817,0.99,0.43,1790511300,999,28,1790511572,0.0,0.216,0.47
-5.11,-3.4,-1.95,Up,False,252.0,0.2,0.01,0.9699999998,0.0,0.1373,0.01,-0.43,1790512800,-1.9,30,1790513070,-1.83,0.066,-1.09
-0.12,-9.6,0.35,Down,True,68.0,0.99,0.92,0.95,0.1687,0.3826,0.99,-0.0,1790521500,-18.5,22,1790521778,-0.52,0.813,-0.3
0.86,16.2,0.63,Up,True,125.0,0.99,0.94,0.95,1.0,0.7494,0.99,0.94,1790522700,999,30,1790522970,1.2,0.521,0.67
0.35,8.2,-0.54,Down,True,100.0,0.99,0.8751680631,0.98,0.9998,0.7631,0.99,-0.0,1790526300,999,28,1790526572,-0.0,0.255,0.72
-0.01,17.7,-0.12,Down,True,260.0,0.99,0.96,0.99,0.9997,0.9823,0.99,-0.4,1790528100,8850.0,30,1790528370,-0.0,0.182,2.1
-0.0,4.7,0.05,Down,True,50.0,0.99,0.95,0.96,0.8162,0.6562,0.99,0.45,1790529000,999,25,1790529275,-0.0,0.279,0.4
0.0,0.0,2.05,Up,True,92.0,0.99,0.97,0.9799998852,1.0,0.5019,0.99,0.85,1790529600,999,30,1790529870,0.0,0.169,0.0
0.0,2.3,1.53,Down,True,398.0,0.99,0.9655929369,0.98,0.8067,0.6381,0.99,-0.0,1790529900,999,30,1790530170,-0.0,0.143,0.35
-0.0,8.3,1.28,Down,True,72.0,0.99,0.949999981,0.96,0.9134,0.7107,0.99,0.37,1790533800,4150.0,30,1790534070,-0.0,0.324,0.56
0.0,4.1,-0.05,Up,True,153.0,0.99,0.97,0.9699999951,0.9827,0.8063,0.99,0.0,1790534100,999,30,1790534370,0.0,0.103,0.86
0.0,3.9,-0.47,Down,True,193.0,0.99,0.9299999999999999,0.95,0.8529,0.684,0.99,-2.02,1790534700,999,24,1790534976,0.0,0.196,0.48
-0.0,-0.7,0.04,Down,True,117.0,0.99,0.88009,0.96,0.4219,0.4598,0.99,-0.0,1790537400,999,19,1790537681,0.0,0.194,-0.1
0.0,0.3,0.0,Up,True,100.0,0.99,0.77,0.95,0.5517,0.5219,0.99,-0.47,1790538000,150.0,28,1790538272,-0.0,0.14,0.05
-0.01,11.3,-0.09,Down,True,45.0,0.99,0.9365964851,0.99,1.0,1.0,0.99,0.48,1790538900,999,30,1790539170,-0.0,0.036,6.71
-1.28,1.3,-0.48,Down,True,100.0,0.99,0.13000000869999995,0.96,0.6541,0.5812,0.74,-0.32,1790539500,1.1,19,1790539781,-1.19,0.172,0.2
-0.0,10.6,-0.06,Down,True,50.0,0.99,0.98,0.99,1.0,0.8956,0.99,-0.79,1790541000,999,30,1790541270,-0.0,0.183,1.26
-0.0,8.7,0.05,Down,True,100.0,0.99,0.99,0.99,0.9999,0.9303,0.99,-0.35,1790542500,4350.0,30,1790542770,-0.0,0.128,1.48
-0.0,10.5,-0.0,Down,True,30.0,0.99,0.99,0.99,0.9988,0.893,0.99,0.41,1790543100,999,30,1790543370,0.0,0.182,1.24
-0.0,5.8,0.0,Up,True,100.0,0.99,0.9799991964,0.9799991964,0.753,0.6641,0.99,0.0,1790543700,999,30,1790543970,0.0,0.297,0.42
-0.0,4.0,0.04,Down,True,212.0,0.99,0.97,0.98,1.0,0.6751,0.99,-0.37,1790549700,999,30,1790549970,-0.0,0.192,0.45
-0.99,22.9,-0.27,Up,True,45.0,0.99,0.99,0.99,1.0,0.9497,0.99,0.0,1790551800,999,30,1790552070,1.49,0.302,1.64
1.23,38.4,0.59,Down,True,125.0,0.99,0.99,0.99,0.7063,0.9739,0.99,1.65,1790556000,999,30,1790556270,1.6,0.428,1.94
-5.52,-40.1,-4.65,Down,True,10.0,0.99,0.92,0.99,0.0248,0.0811,0.99,-4.69,1790562000,-11.7,30,1790562270,-3.42,0.626,-1.4
-0.0,15.4,0.02,Up,True,100.0,0.99,0.9577682765,0.96,1.0,0.7883,0.99,0.56,1790563800,7700.0,30,1790564070,-0.0,0.422,0.8
-0.64,12.4,-0.33,Down,True,98.0,0.99,0.89961,0.9519866337,0.5352,0.7412,0.99,-1.64,1790564700,8.7,30,1790564970,-1.42,0.421,0.65
-0.06,19.7,-3.22,Up,True,252.0,0.99,0.7700000006000001,0.95,0.9929,0.9853,0.99,-2.06,1790569200,999,30,1790569470,0.64,0.198,2.18
-1.54,-9.7,0.0,Up,True,61.0,0.99,0.84,0.95,0.0792,0.3306,0.99,-0.72,1790573100,-6.5,30,1790573370,-1.49,0.486,-0.44
1.66,44.3,0.56,Up,True,24.0,0.99,0.99,0.98,1.0,0.9752,0.99,-0.44,1790574300,999,30,1790574570,3.86,0.496,1.96
1.61,10.3,0.54,Down,True,309.0,0.99,0.95,0.96,1.0,0.7521,0.99,1.79,1790575200,999,30,1790575470,2.8,0.33,0.68
-0.0,5.1,0.03,Down,True,537.0,0.99,0.99,0.99,0.5011,0.6829,0.99,-0.0,1790577300,999,30,1790577570,-0.0,0.235,0.48
1.23,6.9,1.06,Down,True,1138.0,0.99,0.97,0.98,0.9993,0.6587,0.99,1.25,1790578200,999,30,1790578470,2.39,0.369,0.41
-0.0,5.4,0.89,Up,True,239.0,0.99,0.9300000035,0.95,1.0,0.6207,0.99,0.2,1790580600,2700.0,28,1790580872,-0.0,0.401,0.31
1.68,21.5,3.24,Down,True,500.0,0.99,0.99,0.99,1.0,0.8264,0.99,1.48,1790580900,999,30,1790581170,-0.0,0.502,0.94
0.67,16.5,-0.21,Down,True,200.0,0.99,0.9838739636,0.99,0.6458,0.8189,0.99,-0.32,1790581200,16.4,30,1790581470,-1.01,0.399,0.91
0.37,27.5,1.0,Up,True,359.0,0.99,0.6599999999999999,0.95,0.904,0.8139,0.99,0.69,1790583000,999,28,1790583272,0.17,0.701,0.89
-1.06,-10.6,0.0,Up,False,18.0,0.98,0.01,0.98,0.0,0.2028,0.09,0.37,1790588400,-6.8,30,1790588670,-1.55,0.281,-0.83
1.89,7.7,1.54,Down,True,178.0,0.99,0.8,0.96,0.0002,0.7495,0.99,1.2,1790589300,999,25,1790589575,2.75,0.279,0.67
0.1,12.0,0.41,Up,True,400.0,0.99,0.99,0.9899994937,1.0,0.7901,0.99,0.0,1790590800,999,30,1790591070,0.18,0.328,0.81
-0.0,6.8,-0.76,Up,True,375.0,0.99,0.9399999624,0.95,0.9547,0.7032,0.99,-1.51,1790591100,3400.0,30,1790591370,-0.0,0.28,0.53
0.0,-5.7,0.03,Up,True,101.0,0.99,0.98,0.98,0.9969,0.2589,0.99,0.0,1790592000,999,30,1790592270,0.0,0.192,-0.65
0.29,9.4,0.52,Up,True,175.0,0.99,0.97,0.98,0.9679,0.6917,0.99,0.29,1790593500,999,30,1790593770,0.64,0.414,0.5
-0.17,12.4,-0.48,Down,False,150.0,0.93,0.010000000000000009,0.95,0.1799,0.6816,0.01,-0.21,1790594100,23.4,27,1790594373,-0.53,0.611,0.47
0.0,26.0,-0.0,Down,True,7.0,0.99,0.98,0.98,1.0,0.9908,0.99,0.4,1790594700,999,30,1790594970,0.0,0.242,2.36
-1.13,4.6,-0.5,Up,True,100.0,0.99,0.98,0.99,0.7777,0.6225,0.99,-0.74,1790595600,999,30,1790595870,0.0,0.326,0.31
-0.58,18.9,-0.2,Down,True,25.0,0.99,0.89,0.99,0.9679,0.8054,0.99,-0.48,1790598000,12.9,30,1790598270,-1.47,0.481,0.86
-0.0,26.0,0.23,Down,True,500.0,0.99,0.96,0.98,0.9903,0.83,0.99,0.91,1790598300,13000.0,30,1790598570,-0.0,0.596,0.95
-1.0,20.1,1.27,Down,True,67.0,0.99,0.97,0.98,0.0272,0.9499,0.99,-0.0,1790598600,10050.0,30,1790598870,-0.0,0.267,1.64
-0.64,17.6,-0.65,Down,True,40.0,0.99,0.5283996640999999,0.99,0.0854,0.6222,0.95,-0.54,1790602200,13.0,30,1790602470,-1.35,1.236,0.31
-0.0,16.6,0.62,Up,True,385.0,0.99,0.99,0.95,1.0,0.6763,0.99,0.63,1790603400,4150.0,30,1790603670,-0.0,0.791,0.46
2.51,40.8,2.73,Up,True,257.0,0.99,0.9564080209,0.95,1.0,0.8208,0.99,2.26,1790608800,999,30,1790609070,9.77,0.977,0.92
-0.49,-18.3,-0.64,Up,True,150.0,0.99,0.9083333341,0.95,0.006,0.1157,0.99,0.47,1790611800,-18.3,22,1790612078,-1.0,0.39,-1.2
0.29,11.9,0.53,Up,True,100.0,0.99,0.91,0.95,0.9621,0.7659,0.99,0.0,1790614500,42.2,30,1790614770,-0.28,0.357,0.73
1.16,19.7,1.23,Down,True,494.0,0.99,0.7604493671,0.99,0.9651,0.7983,0.99,0.73,1790616600,999,30,1790616870,2.57,0.514,0.84
1.62,18.8,1.38,Down,True,125.0,0.99,0.967223861,0.97,0.9997,0.8735,0.99,0.92,1790620500,999,28,1790620772,2.1,0.37,1.14
1.4,24.6,0.88,Down,True,132.0,0.99,0.9799999822,0.99,0.8852,0.8867,0.99,1.18,1790624700,999,30,1790624970,0.4,0.446,1.21
-0.42,-3.5,0.05,Up,True,174.0,0.99,0.9552088578,0.98,0.563,0.4225,0.99,1.28,1790625300,-12.0,30,1790625570,-0.29,0.393,-0.2
1.01,28.5,1.57,Up,True,142.0,0.99,0.9799991964,0.9699999792,1.0,0.8205,0.99,0.96,1790625600,999,30,1790625870,0.8,0.679,0.92
0.0,4.5,0.85,Up,True,56.0,0.99,0.94,0.95,0.8006,0.6348,0.99,1.47,1790626200,999,30,1790626470,0.0,0.283,0.34
-5.16,-16.3,-4.9,Down,False,26.0,0.9099999908,0.010000000000000009,0.95,0.0,0.0386,0.01,-2.87,1790626800,-20.3,22,1790627078,-0.8,0.235,-1.77
0.0,10.4,0.59,Down,True,100.0,0.99,0.9593495935,0.98,0.436,0.668,0.99,0.89,1790627400,999,30,1790627670,0.0,0.524,0.43
-0.0,-6.3,0.04,Down,True,220.0,0.99,0.9299999999999999,0.95,0.0329,0.1175,0.98,0.76,1790628600,999,12,1790628888,-0.0,0.183,-1.19
-1.8,8.0,-0.5,Down,True,18.0,0.99,0.98,0.99,0.0008,0.7998,0.99,-0.76,1790631000,6.8,30,1790631270,-1.17,0.207,0.84
0.0,1.9,0.73,Down,True,55.0,0.99,0.92,0.96,0.6833,0.5803,0.99,-0.0,1790631600,999,28,1790631872,-0.0,0.214,0.2
0.0,11.7,0.06,Up,True,100.0,0.99,0.99,0.99,1.0,0.9893,0.99,2.12,1790635800,999,30,1790636070,0.0,0.112,2.3
0.0,6.5,0.0,Up,True,113.0,0.99,0.95,0.97,0.9955,0.6837,0.99,-0.4,1790637600,999,30,1790637870,0.0,0.298,0.48
-0.44,3.9,-0.17,Up,True,100.0,0.99,0.6600000612,0.95,0.1624,0.7057,0.99,-0.8,1790638200,10.5,30,1790638470,-0.37,0.158,0.54
-0.0,5.3,0.78,Up,True,48.0,0.99,0.9899999903,0.99,1.0,0.901,0.99,1.18,1790638500,999,30,1790638770,0.0,0.09,1.29
-0.0,5.0,-0.0,Down,True,100.0,0.99,0.95,0.96,0.9654,0.7705,0.99,-0.0,1790638800,999,30,1790639070,-0.0,0.147,0.74
0.0,1.1,0.0,Up,True,75.0,0.99,0.9299999999999999,0.95,0.9955,0.5721,0.99,-0.48,1790639400,550.0,25,1790639675,-0.0,0.146,0.18
0.0,2.0,0.56,Up,True,345.0,0.99,0.96,0.9699994389,0.6712,0.5722,0.99,0.25,1790640000,999,30,1790640270,0.0,0.239,0.18
0.0,2.6,0.0,Up,True,438.0,0.99,0.92,0.95,0.7377,0.6083,0.99,-0.69,1790640300,999,27,1790640573,0.0,0.22,0.27
-0.63,-2.4,0.0,Up,False,355.0,0.905,0.01,0.95,0.3609,0.4278,0.27,-0.82,1790640600,-2.0,19,1790640881,-1.19,0.356,-0.18
-1.57,-1.1,-1.49,Down,True,100.0,0.99,0.09526315789999995,0.98,0.5524,0.4676,0.79,-0.73,1790642400,-0.5,30,1790642670,-2.35,0.283,-0.08
0.5,8.1,0.88,Up,True,313.0,0.99,0.8697731388000001,0.95,1.0,0.7,0.99,0.84,1790649600,999,25,1790649875,0.98,0.374,0.52
2.57,57.6,1.42,Down,True,990.0,0.99,0.9849193333,0.99,1.0,0.9769,0.99,0.66,1790650800,999,27,1790651073,9.03,0.671,1.99
0.0,3.6,-0.44,Down,True,161.0,0.99,0.8334013605,0.97,0.9085,0.606,0.99,-0.5,1790652600,999,21,1790652879,-0.0,0.356,0.27
0.0,-0.5,0.0,Up,False,104.0,0.99,0.01,0.95,0.011,0.4595,0.99,-0.78,1790653200,999,16,1790653484,0.0,0.151,-0.1
0.72,14.9,1.21,Down,True,200.0,0.99,0.98,0.99,1.0,0.8013,0.99,1.58,1790653800,999,30,1790654070,-0.0,0.388,0.85
-1.56,-5.4,-0.36,Down,True,93.0,0.99,0.8200000000000001,0.97,0.2132,0.3608,0.951,0.22,1790654400,999,25,1790654675,-0.0,0.362,-0.36
-0.0,6.5,-0.59,Down,True,216.0,0.99,0.96,0.99,0.7408,0.7679,0.99,-1.17,1790656800,3250.0,30,1790657070,-0.0,0.195,0.73
0.0,14.7,0.0,Up,True,121.0,0.99,0.9796746591,0.99,1.0,0.9892,0.99,0.82,1790657700,999,28,1790657972,0.0,0.146,2.3
2.43,11.7,1.59,Up,True,147.0,0.99,0.88,0.95,1.0,0.8481,0.99,1.49,1790658000,999,30,1790658270,0.0,0.25,1.03
2.1,23.6,3.34,Up,True,218.0,0.99,0.94,0.95,1.0,0.989,0.99,2.49,1790659200,999,24,1790659476,2.8,0.253,2.29
-0.0,5.8,0.03,Down,True,52.0,0.99,0.96,0.98,0.9408,0.7377,0.99,0.4,1790659500,2900.0,30,1790659770,-0.0,0.2,0.64
1.35,8.6,0.5,Up,True,253.0,0.99,0.7971014522,0.95,1.0,0.7591,0.99,0.0,1790661300,999,27,1790661573,2.0,0.281,0.7
0.0,21.2,0.01,Down,True,1616.0,0.99,0.96,0.9899999119,0.6658,0.8038,0.99,0.23,1790666100,999,30,1790666370,0.0,0.539,0.86
-0.87,-4.3,1.37,Up,True,33.0,0.99,0.9489811688,0.98,0.095,0.3673,0.99,0.45,1790668200,999,30,1790668470,0.0,0.276,-0.34
0.37,13.8,0.15,Down,True,200.0,0.99,0.94,0.97,0.9337,0.8871,0.99,-0.0,1790672700,999,25,1790672975,0.53,0.271,1.21
-0.61,-16.2,-0.48,Up,True,298.0,0.99,0.95,0.95,,0.0,,-0.91,1790673000,-40.5,1,1790673299,-0.4,0.249,-7.75
0.22,7.8,-0.02,Up,True,568.0,0.99,0.900761446,0.95,0.8921,0.8522,0.99,0.36,1790673600,3900.0,7,1790673893,-0.0,0.335,1.05
-2.36,6.1,-1.39,Down,True,175.0,0.99,0.94,0.95,0.0155,0.7006,0.99,-2.04,1790674800,3.2,30,1790675070,-1.92,0.253,0.53
3.16,45.1,1.87,Down,True,490.0,0.99,0.94,0.97,1.0,1.0,0.99,1.5,1790676600,999,13,1790676887,6.03,0.377,3.94
0.62,3.6,2.42,Down,True,150.0,0.99,0.96,0.98,,0.7944,,1.77,1790677200,999,3,1790677497,1.0,0.304,0.82
-0.21,3.7,0.02,Down,True,189.0,0.99,0.96,0.97,0.8147,0.6141,0.99,-0.0,1790678400,999,21,1790678679,-0.0,0.329,0.29
-0.0,10.4,-0.0,Down,True,40.0,0.99,0.95,0.97,0.9793,0.7974,0.99,-0.0,1790678700,999,30,1790678970,-0.0,0.273,0.83
1.69,4.9,1.18,Up,True,156.0,0.99,0.9007384434,0.95,0.852,0.695,0.99,1.78,1790680800,999,21,1790681079,2.25,0.251,0.51
0.0,-2.3,0.0,Up,True,50.0,0.99,0.97,0.9699999792,0.1785,0.3528,0.99,0.0,1790681100,-1150.0,30,1790681370,-0.0,0.131,-0.38
-1.79,-6.3,-1.57,Up,True,189.0,0.99,0.96,0.99,0.5702,0.3813,0.99,-0.76,1790681700,-3.1,25,1790681975,-2.0,0.499,-0.3
2.26,74.3,0.71,Down,True,207.0,0.99,0.99,0.99,1.0,0.9946,0.99,1.24,1790684100,999,30,1790684370,2.0,0.631,2.55
-0.65,9.4,-0.51,Down,True,54.0,0.99,0.89,0.95,0.8596,0.6852,0.99,-0.0,1790684700,999,25,1790684975,-0.0,0.464,0.48
1.6,14.0,1.01,Up,True,100.0,0.99,0.98,0.9699999981,0.9999,0.8341,0.99,1.31,1790686200,999,30,1790686470,2.4,0.311,0.97
0.0,10.0,0.41,Up,True,100.0,0.99,0.9699999998,0.9699999906,0.9575,0.6866,0.99,-0.18,1790686500,999,30,1790686770,0.0,0.445,0.49
-0.0,6.8,0.02,Down,True,100.0,0.99,0.97,0.99,0.8626,0.822,0.97,-0.83,1790687400,999,7,1790687693,-0.0,0.329,0.92
0.45,39.7,-0.43,Down,True,191.0,0.99,0.99,0.99,0.9617,0.8732,0.99,-0.34,1790689200,999,30,1790689470,1.8,0.753,1.14
-0.51,7.1,-0.59,Down,True,118.0,0.99,0.96,0.97,0.9984,0.6327,0.99,-0.79,1790692200,5.8,30,1790692470,-1.22,0.454,0.34
0.08,17.7,-0.08,Down,True,143.0,0.99,0.99,0.99,0.8694,0.6779,0.99,0.35,1790692800,999,30,1790693070,0.38,0.835,0.46
-0.43,15.9,0.33,Up,False,35.0,0.99,0.01,0.98,0.0,0.7462,0.01,0.25,1790693100,999,30,1790693370,0.0,0.521,0.66
0.51,0.8,0.58,Down,True,800.0,0.99,0.96,0.97,1.0,0.5184,0.99,0.84,1790693700,999,28,1790693972,1.0,0.37,0.05
-1.55,19.2,-0.87,Down,True,194.0,0.99,0.96,0.99,0.0003,0.8408,0.97,-1.31,1790698200,7.1,25,1790698475,-2.7,0.463,1.0
-0.66,-3.5,-0.14,Down,True,134.0,0.999,0.96,0.98,0.1133,0.4311,0.999,-0.0,1790702100,-3.1,30,1790702370,-1.12,0.439,-0.17
0.38,-2.7,1.57,Down,True,202.0,0.99,0.9606651059,0.97,0.6737,0.4362,0.99,0.61,1790702400,999,25,1790702675,0.8,0.4,-0.16
3.06,28.5,0.73,Up,True,515.0,0.99,0.97,0.9799999167,1.0,0.9965,0.99,1.14,1790702700,999,30,1790702970,1.74,0.233,2.69
-4.07,-20.3,-2.99,Down,True,30.0,0.99,0.96,0.98,0.0,0.0375,0.99,-3.27,1790704500,-6.3,21,1790704779,-3.2,0.299,-1.78
0.69,6.0,0.99,Down,True,150.0,0.99,0.8540864975,0.95,0.5127,0.6776,0.854,0.59,1790705700,999,24,1790705976,1.16,0.317,0.46
-0.0,14.8,0.13,Up,True,108.0,0.99,0.9724218318,0.98,0.9971,0.8699,0.99,0.37,1790707800,999,30,1790708070,0.0,0.286,1.13
0.0,0.1,1.65,Down,True,85.0,0.99,0.9438216568,0.95,0.5068,0.5029,0.99,2.11,1790708100,999,28,1790708372,-0.0,0.197,0.01
1.74,13.5,0.96,Up,True,500.0,0.99,0.95,0.95,0.9998,0.9717,0.99,0.61,1790708400,999,13,1790708687,1.2,0.235,1.91
0.61,8.0,0.5,Up,True,350.0,0.99,0.94,0.95,0.0886,0.6673,0.99,0.0,1790711400,999,27,1790711673,1.38,0.428,0.43
0.0,10.7,0.35,Up,True,187.0,0.999,0.89,0.95,0.9755,0.7474,0.999,0.0,1790711700,999,30,1790711970,0.0,0.352,0.67
-0.27,4.6,-0.09,Down,True,67.0,0.99,0.98,0.99,1.0,0.6649,0.99,-0.0,1790712600,13.6,30,1790712870,-0.34,0.236,0.43
-0.0,-2.7,0.07,Down,True,797.0,0.99,0.9144672626,0.95,0.061,0.1599,0.96,-0.0,1790713200,999,12,1790713488,0.0,0.094,-0.99
0.35,14.4,-0.42,Up,True,178.0,0.99,0.9799998852,0.98,1.0,0.9595,0.99,-0.41,1790714100,999,30,1790714370,0.34,0.18,1.75
2.05,9.4,0.97,Up,True,623.0,0.99,0.8467957512,0.9699999928,1.0,0.9905,0.99,0.41,1790714700,4700.0,30,1790714970,-0.0,0.088,2.35
-0.01,4.3,0.0,Up,True,288.0,0.99,0.97,0.9799998852,0.0027,0.917,0.99,0.0,1790715000,999,30,1790715270,0.0,0.068,1.39
0.0,7.2,-0.03,Down,True,154.0,0.99,0.97,0.98,1.0,0.8699,0.99,-0.42,1790715300,999,30,1790715570,-0.0,0.14,1.13
-0.0,2.9,-0.03,Down,True,180.0,0.99,0.98,0.99,1.0,0.6309,0.99,-0.0,1790715900,999,30,1790716170,-0.0,0.191,0.33
0.34,4.9,0.85,Up,True,300.0,0.99,0.969999998,0.969999986,1.0,0.7904,0.99,0.0,1790717700,999,30,1790717970,0.08,0.132,0.81
0.0,9.7,0.0,Up,True,515.0,0.99,0.970375,0.99,0.9926,0.8403,0.99,0.44,1790718900,999,30,1790719170,0.0,0.214,1.0
-0.0,9.8,-0.43,Down,True,210.0,0.99,0.95,0.98,0.9922,0.8386,0.99,-0.83,1790721300,999,30,1790721570,-0.0,0.216,0.99
-1.44,8.9,-1.75,Up,True,200.0,0.99,0.91,0.9799998852,1.0,0.8918,0.99,-0.48,1790724300,999,30,1790724570,0.0,0.157,1.24
0.0,1.5,-0.03,Down,True,50.0,0.99,0.9400000011,0.95,0.6441,0.572,0.99,0.39,1790724900,999,21,1790725179,-0.0,0.213,0.18
0.0,9.0,0.0,Up,True,23.0,0.99,0.98,0.99,1.0,0.9818,0.99,-1.17,1790726100,4500.0,30,1790726370,-0.0,0.094,2.09
-1.58,-7.4,-1.61,Up,True,20.0,0.999,0.92,0.95,0.0001,0.3115,0.999,-2.46,1790726400,-6.2,30,1790726670,-1.2,0.327,-0.49
-0.0,3.2,1.41,Up,True,200.0,0.99,0.9127518563,0.95,1.0,0.6216,0.99,0.72,1790727600,999,28,1790727872,0.0,0.236,0.31
1.3,29.1,1.0,Down,True,328.0,0.99,0.96,0.99,1.0,0.998,0.99,1.68,1790730000,999,9,1790730291,2.77,0.404,2.88
0.0,6.7,0.0,Up,True,90.0,0.99,0.8500000075,0.98,0.0011,0.7036,0.99,0.0,1790730900,999,30,1790731170,0.0,0.276,0.53
-1.97,-5.2,-1.25,Down,True,22.0,0.99,0.66,0.95,0.0542,0.348,0.99,-1.32,1790732700,-2.6,27,1790732973,-2.0,0.307,-0.39
2.41,15.8,2.36,Up,True,470.0,0.99,0.9700000006,0.97,1.0,0.8989,0.99,3.16,1790733000,999,30,1790733270,3.45,0.271,1.28
-0.0,5.7,-0.03,Down,True,47.0,0.99,0.8,0.97,0.2926,0.7121,0.99,-0.37,1790733300,2850.0,28,1790733572,-0.0,0.229,0.56
0.87,3.7,-0.0,Down,True,34.0,0.99,0.98,0.99,0.9976,0.6222,0.99,0.33,1790737500,999,30,1790737770,1.2,0.261,0.31
-0.0,11.5,-0.02,Down,True,64.0,0.99,0.98,0.99,0.9982,0.884,0.99,-0.28,1790740500,999,30,1790740770,-0.0,0.212,1.2
0.14,8.3,0.41,Down,True,203.0,0.99,0.99,0.99,0.9931,0.6859,0.99,-0.27,1790742300,999,30,1790742570,0.27,0.374,0.48
-0.0,8.8,-0.0,Down,True,300.0,0.99,0.99,0.99,1.0,0.9632,0.99,-0.44,1790744100,999,30,1790744370,-0.0,0.107,1.79
-0.0,-1.1,0.87,Down,False,300.0,0.98,0.010000000000000009,0.98,0.0,0.4595,0.01,-0.29,1790744700,-550.0,30,1790744970,-0.0,0.233,-0.1
1.19,22.9,0.63,Up,True,190.0,0.99,0.9726986603,0.9799998852,0.9945,0.8105,0.99,1.14,1790746500,999,30,1790746770,3.58,0.568,0.88
-0.0,9.0,-0.0,Down,True,200.0,0.99,0.9099999995,0.95,,0.9483,,-0.21,1790748900,999,4,1790749196,-0.0,0.331,1.63
-0.0,27.7,0.2,Down,True,210.0,0.99,0.99,0.99,0.9988,0.9289,0.99,0.59,1790750100,999,28,1790750372,-0.0,0.43,1.47
0.0,15.3,0.98,Up,True,59.0,0.99,0.96,0.9699999975,1.0,0.9912,0.99,-0.36,1790754000,31.1,30,1790754270,-0.49,0.141,2.37
4.14,20.4,2.35,Up,True,1602.0,0.99,0.93,0.95,1.0,0.9144,0.99,3.07,1790761800,999,27,1790762073,1.2,0.343,1.37
2.56,42.0,-0.25,Down,True,241.0,0.99,0.99,0.99,1.0,0.9999,0.99,-0.0,1790762700,999,30,1790762970,-0.0,0.249,3.69
4.45,3.0,6.17,Up,True,274.0,0.99,0.910000004,0.95,0.0504,0.6593,0.99,2.63,1790763000,999,30,1790763270,1.26,0.161,0.41
0.0,-7.3,0.02,Up,True,100.0,0.99,0.97,0.9699999935,0.0,0.3015,0.99,0.0,1790764800,999,30,1790765070,0.0,0.305,-0.52
-1.11,-7.9,-0.91,Up,True,280.0,0.99,0.98,0.98,0.0228,0.3241,0.99,-0.63,1790765100,999,30,1790765370,0.0,0.376,-0.46
1.41,9.3,1.07,Down,True,56.0,0.99,0.99,0.99,1.0,0.7184,0.99,2.27,1790766300,999,30,1790766570,2.62,0.351,0.58
-0.0,2.8,-0.69,Down,True,19.0,0.99,0.99,0.99,0.7893,0.6291,0.99,0.32,1790767500,999,30,1790767770,0.0,0.183,0.33
1.79,23.5,2.32,Up,True,291.0,0.99,0.9,0.95,0.1088,0.6748,0.99,1.9,1790776200,999,30,1790776470,0.32,1.119,0.45
1.28,22.6,0.69,Down,True,224.0,0.99,0.92,0.99,0.894,0.6616,0.99,1.04,1790776800,999,28,1790777072,3.29,1.209,0.42
1.24,26.2,2.09,Up,True,200.0,0.99,0.7300000282,0.95,0.8409,0.7394,0.99,0.95,1790777400,999,18,1790777682,2.98,1.139,0.64
-0.0,-18.0,0.0,Up,True,272.0,0.99,0.95,0.95,0.06,0.313,0.99,0.0,1790780100,-9000.0,21,1790780379,-0.0,0.96,-0.49
-0.47,5.2,-0.21,Up,True,100.0,0.99,0.9799999977,0.96,0.9967,0.5702,0.99,0.24,1790780700,999,30,1790780970,0.01,0.646,0.18
0.28,-3.4,0.76,Up,True,93.0,0.99,0.8500000007,0.9699998448,0.0,0.4632,0.97,-0.69,1790781600,-2.8,30,1790781870,-1.2,0.811,-0.09
1.4,22.9,1.39,Down,True,135.0,0.99,0.9225915789,0.95,1.0,0.904,0.99,0.58,1790783400,999,27,1790783673,0.97,0.401,1.3
-0.5,8.7,-0.69,Down,True,50.0,0.99,0.9195775691,0.95,0.6744,0.6375,0.99,-1.33,1790784600,999,28,1790784872,-0.0,0.556,0.35
-1.04,16.8,-0.8,Up,True,83.0,0.99,0.939999905,0.95,0.7795,0.7454,0.99,-0.64,1790786700,5.4,28,1790786972,-3.1,0.569,0.66
-0.0,10.2,-0.0,Down,True,140.0,0.99,0.94,0.96,0.9975,0.7553,0.99,-0.25,1790787000,999,30,1790787270,0.0,0.319,0.69
5.04,34.0,4.63,Down,True,154.0,0.99,0.9652069794,0.99,1.0,0.9693,0.99,3.99,1790787600,999,27,1790787873,8.76,0.415,1.87
0.23,1.8,0.0,Up,False,109.0,0.99,0.010000000000000009,0.95,0.0,0.5537,0.227,0.61,1790790000,999,27,1790790273,0.37,0.301,0.14
-0.65,23.4,-0.51,Up,True,93.0,0.99,0.99,0.99,1.0,0.9831,0.99,0.0,1790790900,28.5,30,1790791170,-0.82,0.24,2.12
1.96,37.2,1.83,Up,True,352.0,0.99,0.99,0.99,1.0,0.9821,0.99,1.5,1790791500,999,30,1790791770,1.67,0.385,2.1
-3.55,-4.9,-1.57,Up,True,200.0,0.99,0.8,0.95,0.142,0.3719,0.99,-1.74,1790791800,-0.8,27,1790792073,-6.44,0.341,-0.33
-0.33,2.8,0.44,Down,True,100.0,0.99,0.96,0.97,0.274,0.6097,0.99,0.29,1790792700,999,27,1790792973,0.0,0.231,0.28
2.86,44.5,2.18,Down,True,100.0,0.99,0.9785174898,0.99,0.7941,0.9507,0.99,1.32,1790798400,999,22,1790798678,11.59,0.688,1.65
-0.33,12.9,-0.18,Up,True,163.0,0.99,0.96,0.95,0.9939,0.6573,0.99,-0.4,1790798700,50.8,30,1790798970,-0.25,0.694,0.41
-0.0,12.3,0.07,Down,True,17.0,0.99,0.99,0.99,0.9928,0.9152,0.99,-0.35,1790799300,999,30,1790799570,-0.0,0.196,1.37
-1.11,2.7,-0.0,Down,True,25.0,0.99,0.99,0.99,0.8192,0.6452,0.99,-0.0,1790802300,2.9,30,1790802570,-0.93,0.159,0.37
0.0,17.3,-0.04,Up,True,70.0,0.99,0.99,0.99,1.0,0.8767,0.99,0.32,1790802600,999,30,1790802870,0.0,0.325,1.16
-0.0,5.4,-0.04,Down,True,89.0,0.99,0.86,0.95,0.9716,0.7048,0.99,0.43,1790804100,2700.0,24,1790804376,-0.0,0.244,0.54
0.0,15.0,0.0,Up,True,56.0,0.99,0.96,0.9580336297,0.9966,0.8659,0.99,0.76,1790805000,999,30,1790805270,0.0,0.294,1.11
0.01,17.6,0.0,Up,True,100.0,0.99,0.98,0.99,1.0,1.0,0.99,0.0,1790805300,999,30,1790805570,0.0,0.06,6.43
-0.78,9.1,-0.09,Down,True,157.0,0.99,0.99,0.99,0.9925,0.8756,0.99,-0.0,1790808000,999,30,1790808270,0.0,0.171,1.15
0.0,9.2,0.35,Up,True,230.0,0.99,0.94,0.95,0.9883,0.6807,0.99,-0.49,1790810100,999,27,1790810373,0.0,0.449,0.47
-1.3,-9.3,-0.0,Down,True,66.0,0.99,0.95,0.97,0.0081,0.0894,0.99,-0.0,1790812500,999,16,1790812784,-0.0,0.207,-1.34
0.7,3.9,-0.0,Down,True,195.0,0.99,0.98,0.99,0.975,0.6041,0.99,0.41,1790814600,999,30,1790814870,0.4,0.327,0.26
0.12,9.9,0.0,Up,True,500.0,0.999,0.9299999999999999,0.95,0.9117,0.7756,0.999,0.38,1790816400,999,15,1790816685,0.25,0.404,0.76
0.0,11.9,-0.32,Up,True,80.0,0.99,0.8715505775,0.96,0.492,0.9329,0.99,0.0,1790817000,999,30,1790817270,0.0,0.174,1.5
0.0,1.5,0.24,Down,True,62.0,0.99,0.9741061142,0.98,0.2636,0.534,0.99,0.57,1790819400,999,30,1790819670,-0.0,0.382,0.09
-0.0,7.8,0.37,Down,True,55.0,0.99,0.99,0.99,0.9958,0.8058,0.99,1.39,1790819700,999,30,1790819970,-0.0,0.198,0.86
1.43,11.3,0.49,Up,True,252.0,0.99,0.91,0.96,0.9937,0.9684,0.99,1.15,1790820000,999,9,1790820291,1.84,0.243,1.86
1.91,13.4,0.6,Down,True,540.0,0.99,0.97,0.98,1.0,0.9008,0.99,0.43,1790820600,999,30,1790820870,2.3,0.227,1.29
0.0,5.7,-0.01,Up,True,500.0,0.99,0.92,0.95,0.1164,0.6066,0.99,-0.92,1790821200,999,30,1790821470,0.0,0.462,0.27
-0.51,7.5,0.0,Up,True,91.0,0.99,0.98,0.99,0.9408,0.7378,0.99,0.0,1790822400,999,30,1790822670,0.0,0.258,0.64
0.51,9.9,0.02,Up,True,100.0,0.99,0.97,0.9699999935,0.9349,0.7315,0.99,0.0,1790823900,999,30,1790824170,0.95,0.35,0.62
0.0,12.5,0.48,Up,True,35.0,0.99,0.99,0.99,1.0,0.9642,0.99,0.48,1790824200,999,30,1790824470,0.0,0.152,1.8
-0.0,4.6,-0.17,Down,True,204.0,0.99,0.94,0.96,0.8286,0.6504,0.99,-0.82,1790824500,999,30,1790824770,-0.0,0.261,0.39
0.76,10.5,1.87,Up,True,106.0,0.99,0.85,0.95,0.9867,0.8257,0.99,0.79,1790825400,999,28,1790825672,1.02,0.255,0.94
0.0,27.7,-0.47,Up,True,150.0,0.99,0.9676456552,0.98,1.0,0.9913,0.99,0.0,1790827200,999,30,1790827470,0.0,0.254,2.38
0.84,11.5,0.63,Up,True,81.0,0.99,0.98,0.98,0.9138,0.7113,0.99,1.65,1790828400,999,30,1790828670,2.0,0.45,0.56
-0.0,6.1,-0.0,Down,True,100.0,0.99,0.925309778,0.9577876106,0.9547,0.6593,0.99,0.31,1790830200,999,16,1790830484,2.0,0.444,0.41
0.0,0.7,0.02,Up,True,223.0,0.99,0.96,0.96,0.9851,0.5144,0.99,0.31,1790831100,999,30,1790831370,0.0,0.398,0.04
1.0,11.0,1.69,Up,True,77.0,0.99,0.98,0.98,0.0916,0.7494,0.99,0.98,1790832000,999,30,1790832270,0.61,0.355,0.67
-0.55,-5.9,0.9,Up,True,38.0,0.99,0.9333333333,0.95,0.9459,0.1681,0.99,0.45,1790832300,-14.8,28,1790832572,-0.4,0.137,-0.96
3.46,4.6,3.08,Up,True,200.0,0.99,0.95,0.95,0.9981,0.6955,0.99,1.17,1790832600,999,24,1790832876,1.65,0.219,0.51
0.0,21.7,0.51,Down,True,176.0,0.99,0.7496366667000001,0.97,0.9999,0.9877,0.95,-0.73,1790834400,999,28,1790834672,0.0,0.217,2.25
0.0,-1.8,0.32,Up,True,533.0,0.99,0.98,0.98,0.3197,0.4246,0.99,0.9,1790835600,999,30,1790835870,0.0,0.205,-0.19
0.0,-0.2,-0.66,Up,True,83.0,0.99,0.9175,0.95,0.8521,0.4874,0.99,-0.41,1790835900,999,10,1790836190,0.0,0.259,-0.03
3.68,27.4,3.18,Down,True,990.0,0.99,0.9700000001,0.98,1.0,0.9935,0.99,4.8,1790837100,999,21,1790837379,2.8,0.286,2.48
1.92,11.7,2.19,Down,True,189.0,0.99,0.75,0.97,0.3332,0.6458,0.99,1.82,1790840400,999,21,1790840679,0.93,0.82,0.37
0.71,30.6,1.13,Up,True,133.0,0.99,0.98,0.9699999989,0.8828,0.8869,0.99,1.64,1790842800,999,30,1790843070,0.06,0.553,1.21
2.07,11.5,1.66,Down,True,68.0,0.99,0.9,0.95,0.9094,0.7851,0.99,1.5,1790844300,999,24,1790844576,3.88,0.356,0.79
0.03,10.2,1.46,Up,True,104.0,0.99,0.8700000043,0.96,1.0,0.7097,0.99,0.88,1790844600,999,28,1790844872,1.42,0.42,0.55
-0.0,10.6,-0.07,Up,True,186.0,0.99,0.99,0.99,0.9999,0.8188,0.99,-0.29,1790846700,999,30,1790846970,0.0,0.254,0.91
0.0,11.1,0.0,Up,True,67.0,0.99,0.98,0.99,1.0,0.7779,0.99,0.0,1790849400,999,30,1790849670,0.0,0.316,0.77
-0.82,-6.2,-0.62,Up,True,100.0,0.999,0.9213203229,0.95,0.1535,0.3917,0.994,0.0,1790849700,999,28,1790849972,0.0,0.509,-0.27
0.16,4.1,0.46,Up,True,106.0,0.99,0.8968823267,0.95,0.168,0.6092,0.99,0.29,1790850000,999,30,1790850270,0.27,0.32,0.28
1.17,29.4,1.29,Down,True,420.0,0.99,0.9799996766,0.99,1.0,0.9831,0.99,0.77,1790853000,999,30,1790853270,0.27,0.302,2.12
5.64,36.2,5.1,Up,True,100.0,0.99,0.9424328889,0.98,1.0,0.9972,0.99,2.68,1790853900,999,30,1790854170,8.49,0.284,2.77
-0.21,17.1,-0.96,Down,True,100.0,0.99,0.95,0.95,0.6342,0.8765,0.99,-0.0,1790854200,999,30,1790854470,-0.0,0.321,1.16
-0.02,18.3,-0.17,Down,True,89.0,0.99,0.8249132619,0.95,0.9844,0.8375,0.99,-0.29,1790855400,481.6,24,1790855676,-0.04,0.452,0.98
0.0,9.9,1.28,Up,True,25.0,0.99,0.99,0.99,0.998,0.8796,0.99,0.0,1790856600,999,30,1790856870,0.0,0.184,1.17
0.07,-14.2,1.05,Up,True,100.0,0.99,0.92,0.96,0.2113,0.2906,0.99,0.89,1790857500,999,25,1790857775,0.21,0.612,-0.55
-3.47,-17.4,-2.2,Down,True,13.0,0.999,0.98,0.99,0.0,0.0891,0.999,-2.4,1790857800,-5.7,22,1790858078,-3.03,0.329,-1.35
0.19,21.3,-1.5,Up,True,223.0,0.99,0.98,0.9886908151,1.0,0.9485,0.99,0.38,1790858100,10650.0,30,1790858370,-0.0,0.284,1.63
1.46,20.3,1.62,Down,True,147.0,0.999,0.99,0.99,1.0,0.8991,0.999,0.94,1790858400,999,30,1790858670,0.94,0.346,1.28
-0.88,3.1,-1.11,Up,True,69.0,0.99,0.9099999944,0.95,0.2125,0.5568,0.99,-0.6,1790861100,2.1,28,1790861372,-1.5,0.495,0.14
-0.45,-22.7,-0.47,Down,True,100.0,0.99,0.7935173866,0.955,0.0305,0.2648,0.977,-0.36,1790862000,999,18,1790862282,2.0,1.014,-0.63
1.41,65.5,0.84,Down,True,100.0,0.99,0.98,0.99,1.0,0.9121,0.99,1.19,1790862300,999,30,1790862570,10.4,1.053,1.35
0.32,27.7,0.22,Up,True,230.0,0.99,0.94,0.95,1.0,0.8855,0.99,0.83,1790862900,999,28,1790863172,1.2,0.52,1.2
2.32,54.8,2.04,Up,True,130.0,0.998,0.9625,0.95,0.9995,0.9916,0.996,1.86,1790864400,999,9,1790864691,7.49,0.909,2.39
-0.0,15.1,-0.34,Down,True,171.0,0.99,0.98,0.99,0.0001,0.719,0.99,-0.0,1790870100,999,30,1790870370,-0.0,0.564,0.58
0.97,25.2,1.55,Up,True,300.0,0.99,0.8299999613,0.95,0.9146,0.9475,0.99,0.31,1790871600,999,18,1790871882,2.26,0.435,1.62
1.72,63.8,0.42,Up,True,258.0,0.99,0.99,0.97,1.0,0.9703,0.99,0.2,1790875200,999,30,1790875470,6.73,0.73,1.89
1.55,33.9,1.2,Up,True,100.0,0.99,0.99,0.9818540454,1.0,0.9336,0.99,0.81,1790876400,999,30,1790876670,1.0,0.485,1.5
1.43,20.6,1.45,Down,True,250.0,0.99,0.88,0.9512209912,0.3705,0.812,0.99,0.55,1790876700,999,28,1790876972,3.96,0.516,0.89
-0.0,2.3,-0.33,Down,True,12.0,0.99,0.9699999935,0.96,0.9741,0.555,0.99,-0.0,1790881200,999,30,1790881470,-0.0,0.361,0.14
-0.0,3.0,1.19,Down,True,73.0,0.99,0.98,0.99,0.4061,0.5983,0.99,1.83,1790882100,999,30,1790882370,-0.0,0.262,0.25
-2.12,-7.4,-2.28,Up,True,35.0,0.99,0.97,0.98,0.1183,0.2664,0.99,-0.22,1790882700,-2.5,18,1790882982,-2.91,0.331,-0.62
0.17,0.6,-0.03,Up,True,288.0,0.99,0.9365994345,0.95,0.9915,0.5246,0.99,-0.35,1790883600,999,18,1790883882,0.0,0.254,0.06
1.86,13.2,1.59,Down,True,200.0,0.99,0.8586847375,0.96,0.9935,0.8531,0.99,1.54,1790885400,999,28,1790885672,2.8,0.281,1.05
2.61,25.6,2.04,Up,True,161.0,0.99,0.99,0.99,0.0112,0.9924,0.99,2.16,1790887500,999,30,1790887770,3.18,0.227,2.43
0.0,9.5,0.04,Up,True,83.0,0.99,0.97,0.9799999877,1.0,0.8132,0.99,0.0,1790887800,999,30,1790888070,0.0,0.231,0.89
0.0,5.0,0.0,Up,True,48.0,0.99,0.95,0.95,0.936,0.74,0.99,0.0,1790888100,999,28,1790888372,0.0,0.173,0.64
1.97,6.3,-0.06,Down,True,100.0,0.99,0.9399999996,0.95,1.0,0.9011,0.99,-0.0,1790889000,3150.0,24,1790889276,-0.0,0.117,1.29
-0.0,6.0,0.14,Up,True,20.0,0.99,0.98,0.99,0.8855,0.688,0.99,0.36,1790889600,3000.0,30,1790889870,-0.0,0.263,0.49
-0.65,14.3,-0.48,Up,True,122.0,0.99,0.97,0.98,0.0256,0.8556,0.99,-0.3,1790892300,999,30,1790892570,0.0,0.291,1.06
-0.0,4.4,0.59,Down,True,15.0,0.99,0.98,0.99,0.39,0.6784,0.99,-0.0,1790893200,999,30,1790893470,-0.0,0.206,0.46
-0.0,7.8,0.0,Up,True,72.0,0.99,0.6596363653999999,0.95,0.9752,0.9513,0.97,0.0,1790895300,999,7,1790895593,0.0,0.21,1.66
0.85,12.0,1.77,Down,True,100.0,0.99,0.99,0.99,0.9952,0.8546,0.99,1.86,1790895600,999,30,1790895870,1.12,0.245,1.06
-0.0,10.4,0.0,Up,True,31.0,0.99,0.98,0.98,0.9996,0.9137,0.99,1.44,1790896800,5200.0,30,1790897070,-0.0,0.164,1.36
1.17,24.8,-0.0,Down,True,212.0,0.99,0.92,0.96,1.0,0.9524,0.99,-1.42,1790897100,999,30,1790897370,1.9,0.32,1.67
1.45,14.8,0.64,Up,True,100.0,0.99,0.99,0.9899998139,0.9999,0.9309,0.99,-0.4,1790899500,999,30,1790899770,1.67,0.215,1.48
0.0,5.4,-0.81,Up,True,121.0,0.99,0.9699999961,0.96,0.9672,0.828,0.99,0.89,1790902200,999,19,1790902481,0.0,0.153,0.95
1.8,17.1,0.61,Down,True,98.0,0.99,0.9600434207,0.98,0.9419,0.9447,0.99,1.35,1790902500,999,21,1790902779,2.66,0.276,1.6
-0.61,-0.5,-0.55,Down,True,11.0,0.99,0.97,0.97,0.0328,0.4814,0.99,-1.86,1790904300,999,30,1790904570,-0.0,0.245,-0.05
0.0,15.7,-0.3,Up,True,314.0,0.99,0.9376472219,0.95,0.621,0.8536,0.99,-0.23,1790907000,999,27,1790907273,0.0,0.338,1.05
-0.47,18.2,-0.46,Up,True,45.0,0.99,0.99,0.99,1.0,0.9232,0.99,0.0,1790907900,26.1,30,1790908170,-0.7,0.274,1.43
-0.24,10.0,-0.3,Up,True,94.0,0.99,0.9250102209,0.95,0.9568,0.7785,0.99,0.0,1790908200,999,25,1790908475,0.0,0.308,0.77
-0.0,25.7,-0.05,Down,True,100.0,0.99,0.99,0.99,1.0,0.8923,0.99,-0.22,1790912700,12850.0,30,1790912970,-0.0,0.443,1.24
0.91,20.5,0.58,Down,True,64.0,0.99,0.99,0.99,0.9984,0.8819,0.99,0.36,1790914200,999,30,1790914470,0.0,0.369,1.18
0.0,11.6,0.01,Down,False,58.0,0.99,0.010000000000000009,0.99,0.0,0.7159,0.01,0.16,1790916900,999,30,1790917170,0.0,0.43,0.57
0.75,23.0,0.21,Up,True,64.0,0.99,0.98,0.99,0.9923,0.9401,0.99,-0.34,1790920500,999,30,1790920770,0.23,0.314,1.56
2.01,25.4,0.47,Up,True,124.0,0.99,0.9399998418,0.95,0.9999,0.8903,0.99,0.79,1790922000,999,24,1790922276,4.4,0.491,1.23
-0.0,18.3,0.56,Up,True,80.0,0.99,0.96,0.96,1.0,0.8702,0.99,-0.62,1790923200,9150.0,30,1790923470,-0.0,0.345,1.13
0.0,22.7,-0.52,Up,True,800.0,0.99,0.9711538463,0.9683613478,,1.0,,0.0,1790923500,999,1,1790923799,0.0,0.256,10.32
1.35,34.7,1.72,Up,True,100.0,0.99,0.98,0.97,1.0,0.9857,0.99,1.17,1790923800,999,30,1790924070,2.03,0.337,2.19
0.95,20.7,0.48,Down,True,100.0,0.99,0.9899999119,0.99,0.8405,0.7622,0.99,1.5,1790924100,999,30,1790924370,-0.0,0.617,0.71
-0.0,9.0,0.35,Down,True,100.0,0.99,0.91,0.9699999792,1.0,0.624,0.99,-0.0,1790924400,999,28,1790924672,0.8,0.625,0.32
0.0,3.1,-0.79,Up,True,100.0,0.99,0.93,0.95,0.9985,0.5629,0.99,0.0,1790924700,999,27,1790924973,0.0,0.437,0.16
-0.0,14.2,-0.0,Down,True,130.0,0.99,0.9556941835,0.97,0.9968,0.8292,0.99,-0.0,1790925000,7100.0,25,1790925275,-0.0,0.348,0.95
0.53,12.8,0.53,Down,True,100.0,0.99,0.98,0.99,1.0,0.772,0.99,1.01,1790925300,999,30,1790925570,0.8,0.363,0.75
-1.94,6.4,-1.26,Down,True,85.0,0.99,0.9299999999999999,0.99,1.0,0.6737,0.99,-0.84,1790925600,2.0,30,1790925870,-3.2,0.303,0.45
1.78,12.9,1.6,Up,True,50.0,0.99,0.96,0.95,0.9877,0.7994,0.99,1.48,1790925900,999,30,1790926170,3.15,0.326,0.84
0.0,5.0,0.26,Down,True,100.0,0.99,0.9300000035,0.9599996928,0.7172,0.6016,0.99,-0.0,1790928300,999,25,1790928575,0.0,0.448,0.26
-0.19,1.0,0.0,Up,True,47.0,0.99,0.95,0.95,0.9864,0.5293,0.99,0.32,1790929500,3.2,30,1790929770,-0.31,0.294,0.07
0.0,1.6,0.0,Up,True,210.0,0.99,0.93,0.95,0.6204,0.5538,0.99,-1.49,1790933700,999,18,1790933982,0.0,0.323,0.14
5.1,38.1,3.84,Up,True,986.0,0.99,0.9276438849,0.95,1.0,0.9873,0.99,4.26,1790938200,19050.0,28,1790938472,-0.0,0.374,2.23
1.59,23.8,1.53,Up,True,70.0,0.99,0.98,0.99,1.0,0.9526,0.99,2.31,1790939700,999,30,1790939970,2.19,0.301,1.67
0.0,7.6,0.05,Down,True,327.0,0.99,0.96,0.98,0.9509,0.7504,0.99,-0.0,1790940300,999,30,1790940570,-0.0,0.238,0.68
-0.62,-9.0,0.35,Up,True,100.0,0.99,0.9,0.95,0.0016,0.1654,0.99,-1.36,1790940900,-13.2,28,1790941172,-0.68,0.202,-0.97
0.46,3.0,0.61,Up,True,38.0,0.999,0.9899999119,0.979999911,1.0,0.5785,0.999,1.34,1790941500,999,30,1790941770,0.8,0.321,0.2
-4.19,-37.4,-3.38,Up,True,49.0,0.999,0.9299999999999999,0.9509999975,0.0076,0.009,0.999,-4.28,1790943600,-10.7,18,1790943882,-3.49,0.431,-2.37
0.1,33.3,-0.23,Up,True,27.0,0.99,0.99,0.99,1.0,0.838,0.99,0.25,1790945400,999,30,1790945670,0.4,0.71,0.99
-1.24,-7.5,-0.5,Down,True,42.0,0.99,0.93,0.96,0.8661,0.3507,0.99,-0.48,1790946900,-18.7,30,1790947170,-0.4,0.411,-0.38
-0.39,-5.9,-1.13,Down,True,511.0,0.99,0.56,0.95,0.0411,0.2194,0.95,-0.85,1790947200,-8.3,7,1790947493,-0.71,0.335,-0.77
2.09,15.2,2.71,Down,True,247.0,0.999,0.6517486467,0.97,0.7437,0.7176,0.919,2.49,1790948700,999,9,1790948991,10.16,1.011,0.58
-0.05,12.5,0.55,Down,True,374.0,0.99,0.9208000006,0.95,0.0063,0.6497,0.99,-0.23,1790952000,999,25,1790952275,3.44,0.759,0.38
2.44,16.9,1.46,Down,True,280.0,0.99,0.97,0.9766458402,1.0,0.7204,0.99,2.51,1790954100,999,30,1790954370,5.6,0.616,0.58
0.45,22.2,0.4,Down,True,616.0,0.99,0.9151612903,0.96,0.9828,0.802,0.99,0.21,1790955000,999,13,1790955287,2.05,0.847,0.85
-0.55,14.1,-0.61,Down,True,104.0,0.99,0.9299999999999999,0.99,0.0376,0.6802,0.99,-0.71,1790956500,5.9,30,1790956770,-2.4,0.645,0.47
0.74,16.8,-0.27,Down,True,133.0,0.99,0.7658333333,0.9815,0.8672,0.7065,0.99,0.55,1790962800,999,21,1790963079,5.33,0.797,0.54
0.11,1.4,1.17,Down,True,50.0,0.99,0.97,0.98,1.0,0.5306,0.99,0.7,1790964300,999,30,1790964570,0.22,0.388,0.08
0.0,41.0,0.56,Up,True,250.0,0.99,0.8735860927,0.95,1.0,0.9985,0.99,0.63,1790965500,999,27,1790965773,0.0,0.315,2.96
-0.77,7.3,-1.13,Down,True,357.0,0.99,0.8912888552,0.96,,0.7889,,-1.77,1790968200,3.3,4,1790968496,-2.18,0.537,0.8
0.0,-2.9,-0.93,Down,True,159.0,0.99,0.84,0.98,0.0096,0.4154,0.99,-0.29,1790970600,999,30,1790970870,-0.0,0.292,-0.21
0.0,10.2,0.19,Up,True,278.0,0.99,0.75,0.98,0.0844,0.6778,0.99,0.31,1790971500,999,30,1790971770,0.0,0.476,0.46
0.0,-13.0,0.35,Up,True,275.0,0.99,0.9384939834,0.95,0.0382,0.1346,0.99,1.37,1790971800,999,18,1790972082,0.0,0.328,-1.1
-0.01,6.7,-0.0,Down,True,75.0,0.99,0.97,0.98,1.0,0.975,0.99,-0.0,1790975100,3350.0,30,1790975370,-0.0,0.074,1.96
0.0,5.0,-0.63,Down,True,262.0,0.99,0.99,0.99,0.9856,0.8141,0.99,-1.83,1790975400,999,30,1790975670,-0.0,0.12,0.89
0.0,8.1,0.0,Up,True,100.0,0.99,0.98,0.98,1.0,0.8851,0.99,0.0,1790976600,999,30,1790976870,0.0,0.146,1.2
-0.0,8.9,0.04,Down,True,200.0,0.99,0.9442792168,0.98,0.3056,0.8904,0.99,1.11,1790977500,999,30,1790977770,-0.0,0.156,1.23
-0.51,7.8,-0.04,Up,True,75.0,0.99,0.930000001,0.96,0.9222,0.8313,0.99,0.0,1790979300,16.6,30,1790979570,-0.47,0.175,0.96
-0.0,8.4,0.06,Down,True,39.0,0.99,0.98,0.98,1.0,0.9989,0.99,-0.0,1790982600,999,30,1790982870,-0.0,0.059,3.07
0.0,-0.2,0.74,Up,True,44.0,0.99,0.97,0.98,0.4642,0.4846,0.99,2.52,1790984100,999,30,1790984370,0.0,0.118,-0.04
0.91,13.3,-0.14,Up,True,169.0,0.99,0.95893,0.95,0.9998,0.9777,0.99,0.0,1790984700,999,16,1790984984,0.96,0.196,2.01
0.0,-3.1,0.06,Up,True,155.0,0.99,0.9370562771,0.959999865,,0.0001,,0.0,1790986800,999,3,1790987097,0.0,0.054,-3.86
2.55,3.9,1.02,Down,True,70.0,0.99,0.9799998852,0.98,0.8757,0.6871,0.99,-0.0,1790989200,999,28,1790989472,1.2,0.18,0.49
0.0,15.0,1.63,Down,True,20.0,0.99,0.99,0.99,0.9732,0.7846,0.99,0.89,1790990100,999,30,1790990370,-0.0,0.41,0.79
1.79,11.3,2.22,Down,True,31.0,0.99,0.9399999923,0.96,1.0,0.9789,0.99,2.13,1790990400,999,28,1790990672,1.2,0.125,2.03
-0.0,13.0,-0.0,Down,True,100.0,0.99,0.73,0.98,0.0129,0.9686,0.87,-0.0,1790991300,999,30,1790991570,-0.0,0.151,1.86
-0.0,15.2,-0.0,Down,True,23.0,0.99,0.99,0.99,1.0,0.9507,0.99,-0.0,1790991600,999,30,1790991870,-0.0,0.199,1.65
0.0,-2.4,-0.07,Up,True,40.0,0.99,0.95,0.96,0.0,0.0,0.99,0.62,1790992800,999,30,1790993070,0.0,0.001,-67.45
-0.0,5.6,0.11,Up,True,37.0,0.99,0.99,0.99,0.9903,0.8382,0.99,0.56,1790994600,2800.0,28,1790994872,-0.0,0.126,0.99
-0.02,6.5,0.75,Up,True,23.0,0.99,0.9799991964,0.9799991964,1.0,1.0,0.99,-0.63,1790994900,3250.0,30,1790995170,-0.0,0.022,6.22
6.05,9.9,3.36,Up,True,338.0,0.99,0.97,0.97,1.0,0.9726,0.99,2.27,1791002100,999,30,1791002370,0.4,0.111,1.92
0.0,-2.8,0.0,Up,True,229.0,0.99,0.8962356512,0.95,0.6511,0.3538,0.99,0.0,1791002400,999,27,1791002673,0.0,0.168,-0.38
-0.0,9.2,0.06,Down,True,62.0,0.99,0.98,0.99,1.0,0.9928,0.99,-0.6,1791003300,999,30,1791003570,-0.0,0.081,2.45
0.0,2.5,-0.43,Up,True,44.0,0.99,0.99,0.99,1.0,0.788,0.99,2.04,1791003900,999,30,1791004170,0.0,0.067,0.8
-0.0,0.2,-0.03,Down,True,45.0,0.99,0.96,0.98,0.5347,0.5135,0.99,-0.54,1791004200,100.0,30,1791004470,-0.0,0.125,0.03
0.43,-0.9,0.0,Up,True,100.0,0.99,0.92,0.95,0.0,0.0,0.99,0.0,1791005700,999,27,1791005973,0.0,0.001,-24.45
2.96,10.9,2.24,Up,True,152.0,0.99,0.96,0.9699999987,0.5722,0.9338,0.99,0.0,1791007500,999,30,1791007770,0.87,0.156,1.5
-0.0,6.0,0.0,Up,True,70.0,0.99,0.930000004,0.95,0.9932,0.8802,0.99,0.0,1791008700,999,22,1791008978,0.0,0.128,1.18
0.0,5.6,-0.04,Up,True,39.0,0.99,0.9596667002,0.9699999998,0.9999,0.9391,0.99,-0.42,1791009000,2800.0,30,1791009270,-0.0,0.079,1.55
0.01,5.3,0.14,Up,True,140.0,0.99,0.9693524574,0.95,0.9784,0.7254,0.99,-0.62,1791009300,999,30,1791009570,0.01,0.19,0.6
-0.57,1.4,0.04,Up,True,170.0,0.99,0.97,0.95,0.3628,0.5867,0.99,-0.41,1791009600,1.8,9,1791009891,-0.8,0.261,0.22
0.76,8.5,0.69,Down,True,200.0,0.99,0.9799991964,0.99,0.9978,0.8256,0.99,-0.0,1791010200,999,30,1791010470,-0.0,0.195,0.94
-0.17,5.4,-0.07,Down,True,140.0,0.99,0.79,0.95,0.3499,0.8059,0.99,-0.0,1791012000,2700.0,27,1791012273,-0.0,0.142,0.86
-2.47,-9.8,-3.18,Up,True,132.0,0.99,0.99,0.9699998448,0.0611,0.1418,0.99,-1.86,1791014100,-2.9,18,1791014382,-3.38,0.256,-1.07
0.0,6.1,0.0,Up,True,19.0,0.99,0.98,0.99,1.0,0.9751,0.99,0.0,1791015000,999,24,1791015276,0.0,0.075,1.96
0.0,13.6,0.0,Up,True,500.0,0.99,0.94,0.95,1.0,0.9995,0.99,1.57,1791017100,999,30,1791017370,0.0,0.09,3.27
4.38,16.1,2.21,Up,True,176.0,0.99,0.97,0.9505556,1.0,1.0,0.99,0.0,1791018300,999,22,1791018578,1.2,0.051,7.9
3.58,5.5,1.13,Down,True,300.0,0.99,0.98,0.99,1.0,0.9035,0.99,2.18,1791018600,999,30,1791018870,1.75,0.092,1.3
5.49,7.6,1.83,Down,True,20.0,0.99,0.99,0.99,1.0,0.9777,0.99,-0.68,1791019500,999,30,1791019770,2.39,0.081,2.01
0.0,5.1,0.06,Up,True,9.0,0.99,0.98,0.99,1.0,1.0,0.99,0.0,1791020400,999,30,1791020670,0.0,0.011,9.82
0.0,4.8,0.13,Up,True,64.0,0.99,0.97,0.98,1.0,1.0,0.99,-0.68,1791020700,999,30,1791020970,0.0,0.014,7.44
0.5,1.1,-1.3,Up,True,41.0,0.99,0.71,0.98,1.0,1.0,0.99,-0.6,1791021000,999,30,1791021270,0.0,0.001,32.83
3.35,11.4,1.89,Up,True,3939.0,0.99,0.9025997026,0.95,1.0,0.9989,0.99,2.42,1791021600,999,18,1791021882,1.86,0.104,3.06
-0.0,8.2,-0.0,Down,True,100.0,0.99,0.9338113413,0.95,0.9572,0.7787,0.99,-0.0,1791023400,999,25,1791023675,-0.0,0.251,0.77
-0.0,11.3,-0.78,Down,True,101.0,0.99,0.95,0.96,1.0,1.0,0.99,1.14,1791023700,999,28,1791023972,-0.0,0.034,7.43
0.0,-7.4,0.0,Up,True,99.0,0.99,0.96,0.95,0.0,0.0,0.99,0.51,1791024000,999,13,1791024287,0.0,0.001,-329.74
-0.03,4.2,-0.11,Up,True,59.0,0.99,0.99,0.99,1.0,1.0,0.99,0.0,1791027000,2100.0,30,1791027270,-0.0,0.011,8.15
0.0,7.1,1.62,Down,True,100.0,0.99,0.97,0.98,0.9292,0.7258,0.99,-0.0,1791030300,999,30,1791030570,-0.0,0.253,0.6
-0.01,2.3,0.09,Down,True,181.0,0.99,0.95,0.97,0.9726,0.7915,0.99,-0.0,1791030600,999,28,1791030872,-0.0,0.063,0.81
-0.0,5.8,0.0,Up,True,60.0,0.99,0.96,0.99,0.982,0.804,0.99,1.09,1791037500,999,30,1791037770,0.0,0.146,0.86
-0.0,9.4,-0.0,Down,True,60.0,0.99,0.97,0.98,1.0,0.9982,0.99,-0.52,1791038400,999,30,1791038670,-0.0,0.069,2.92
-0.01,3.9,-0.06,Down,True,375.0,0.99,0.8016161717,0.95,1.0,0.9957,0.98,-0.49,1791039000,999,16,1791039284,-0.0,0.044,2.63
0.01,6.4,-0.0,Down,True,14.0,0.99,0.99,0.99,0.0,1.0,0.99,0.36,1791039300,999,28,1791039572,0.0,0.029,4.84
0.0,14.1,0.0,Up,True,200.0,0.99,0.9,0.98,0.33,0.8746,0.99,0.0,1791040500,999,30,1791040770,0.0,0.263,1.15
0.0,6.2,-0.55,Up,True,50.0,0.99,0.963691157,0.98,0.9695,0.7779,0.99,-0.52,1791040800,999,30,1791041070,0.0,0.174,0.77
-0.0,5.7,-0.1,Down,True,20.0,0.99,0.97,0.98,1.0,0.9082,0.99,-0.0,1791041100,999,28,1791041372,-0.0,0.096,1.33
-0.0,9.4,0.15,Up,True,51.0,0.99,0.99,0.99,0.9669,0.7734,0.99,-0.48,1791042300,4700.0,30,1791042570,-0.0,0.27,0.75
-0.01,6.9,-0.07,Up,True,21.0,0.99,0.98,0.99,1.0,1.0,0.99,0.0,1791042600,3450.0,30,1791042870,-0.0,0.034,4.37
0.0,9.1,0.0,Up,True,40.0,0.99,0.99,0.99,1.0,1.0,0.99,0.0,1791042900,999,30,1791043170,0.0,0.046,4.27
-0.0,-0.6,-0.0,Down,True,200.0,0.99,0.98,0.98,0.3298,0.4299,0.99,0.59,1791043800,999,30,1791044070,-0.0,0.069,-0.18
-0.0,-0.6,0.09,Down,True,140.0,0.99,0.95,0.96,0.4077,0.4614,0.98,-0.0,1791046200,-300.0,30,1791046470,-0.0,0.128,-0.1
0.0,5.8,0.0,Up,True,52.0,0.99,0.98,0.99,0.9938,0.8461,0.99,0.0,1791047400,999,30,1791047670,0.0,0.122,1.02
0.01,-2.6,0.0,Up,True,106.0,0.99,0.96,0.96,0.0282,0.2189,0.99,0.57,1791051600,999,30,1791051870,0.0,0.073,-0.78
0.0,0.8,0.15,Up,True,46.0,0.99,0.893694278,0.9699999935,0.9981,0.8784,0.99,0.0,1791053100,400.0,30,1791053370,-0.0,0.014,1.17
0.18,6.8,-0.0,Down,True,4.0,0.99,0.99,0.99,0.9668,0.7735,0.99,-1.66,1791055200,999,30,1791055470,0.0,0.195,0.75
5.48,20.6,8.73,Down,True,300.0,0.99,0.99,0.99,1.0,0.9997,0.99,1.16,1791055500,999,30,1791055770,3.79,0.129,3.45
-0.0,3.9,-0.0,Down,True,110.0,0.99,0.97,0.98,0.9422,0.7438,0.99,-0.0,1791057900,999,29,1791058171,-0.0,0.131,0.65
0.0,7.1,-0.07,Up,True,87.0,0.99,0.9700000006,0.98,0.9999,0.9345,0.99,-1.13,1791058200,999,29,1791058471,0.0,0.102,1.51
-3.76,-7.6,-3.31,Down,False,23.0,0.95,0.010000000000000009,0.95,0.0,0.0475,0.01,-2.16,1791058500,-3.8,29,1791058771,-2.02,0.1,-1.67
-0.0,-3.5,-0.0,Down,True,21.0,0.999,0.9400000005,0.95,0.1191,0.3121,0.999,-0.0,1791058800,999,29,1791059071,0.0,0.157,-0.49
0.0,5.5,0.14,Up,True,70.0,0.99,0.99,0.99,1.0,1.0,0.99,0.0,1791059100,999,29,1791059371,0.0,0.001,164.23
0.53,0.2,-0.0,Down,True,30.0,0.99,0.97,0.98,1.0,1.0,0.99,-0.0,1791059400,999,29,1791059671,0.0,0.001,7.05
0.0,0.3,2.21,Up,True,500.0,0.99,0.9455336921999999,0.95,0.6256,0.5593,0.99,0.0,1791060900,999,23,1791061177,0.0,0.052,0.15
0.0,4.0,0.0,Up,True,25.0,0.99,0.9899999952,0.9899991917,0.9784,0.7999,0.99,0.0,1791062400,999,29,1791062671,0.0,0.104,0.84
0.8,4.5,-0.08,Down,True,269.0,0.99,0.8744662281,0.9667540193,0.9251,0.7255,0.99,0.57,1791063600,999,29,1791063871,0.0,0.163,0.6
0.0,2.2,1.59,Up,False,14.0,0.99,0.01,0.95,0.0,0.6266,0.99,0.0,1791064200,1100.0,29,1791064471,-0.0,0.15,0.32
0.0,1.3,0.0,Up,True,10.0,0.99,0.98,0.99,1.0,1.0,0.99,0.7,1791066000,999,29,1791066271,0.0,0.001,42.34
0.0,10.8,0.08,Up,True,453.0,0.99,0.98,0.99,0.9988,0.8967,0.99,-0.75,1791066300,999,29,1791066571,0.0,0.188,1.26
0.5,4.1,0.08,Up,True,193.0,0.99,0.8684931507,0.95,1.0,1.0,0.99,0.0,1791066600,999,23,1791066877,0.0,0.001,134.08
0.01,5.3,0.39,Up,True,210.0,0.99,0.96,0.9599996928,1.0,0.9998,0.99,0.77,1791067200,999,28,1791067472,0.0,0.033,3.59
0.0,0.5,0.85,Up,True,10.0,0.99,0.98,0.98,0.8165,0.6431,0.99,-0.66,1791068400,250.0,29,1791068671,-0.0,0.028,0.37
0.0,-0.7,0.0,Up,True,25.0,0.99,0.99,0.99,0.0,0.0,0.99,0.0,1791069000,999,29,1791069271,0.0,0.001,-24.1
-0.03,-0.2,0.09,Up,True,113.0,0.99,0.8995433845,0.95,0.1945,0.3421,0.99,-0.69,1791069300,999,25,1791069575,0.0,0.011,-0.41
9.31,12.6,0.09,Up,True,25.0,0.99,0.98,0.98,1.0,1.0,0.99,0.75,1791070200,999,29,1791070471,1.67,0.033,8.28
-0.0,8.4,-0.0,Down,True,100.0,0.99,0.99,0.99,1.0,0.9636,0.99,-0.0,1791070800,999,29,1791071071,0.0,0.103,1.79
3.36,9.0,-0.22,Down,True,467.0,0.99,0.7931715498,0.97,0.9999,0.9704,0.99,-0.79,1791071100,999,28,1791071372,1.91,0.106,1.89
